image,seq,frame,index,method,n_dets,total_ms,tp,fp,ignored,valid_gt,small_gt,small_tp,recall_small,precision
M0101/img000001.jpg,M0101,1,0,F640,31,23.8346999976784,15,16,0,15,5,5,1.0,0.4838709677419355
M0101/img000001.jpg,M0101,1,0,F1280,31,53.96990000735968,15,16,0,15,5,5,1.0,0.4838709677419355
M0101/img000001.jpg,M0101,1,0,DensK1,35,38.48499999730848,15,20,0,15,5,5,1.0,0.42857142857142855
M0101/img000001.jpg,M0101,1,0,UnifAll,35,61.55660000513308,15,20,0,15,5,5,1.0,0.42857142857142855
M0101/img000001.jpg,M0101,1,0,SAHI640,32,393.1620000075782,15,17,0,15,5,5,1.0,0.46875
M0101/img000002.jpg,M0101,2,1,F640,31,23.813699997845106,15,16,0,15,5,5,1.0,0.4838709677419355
M0101/img000002.jpg,M0101,2,1,F1280,30,30.361500001163222,15,15,0,15,5,5,1.0,0.5
M0101/img000002.jpg,M0101,2,1,DensK1,34,40.53270000440534,14,20,0,15,5,5,1.0,0.4117647058823529
M0101/img000002.jpg,M0101,2,1,UnifAll,34,62.20839999150485,15,19,0,15,5,5,1.0,0.4411764705882353
M0101/img000002.jpg,M0101,2,1,SAHI640,32,231.99069999100175,15,17,0,15,5,5,1.0,0.46875
M0101/img000003.jpg,M0101,3,2,F640,28,20.981399997253902,15,13,0,15,4,4,1.0,0.5357142857142857
M0101/img000003.jpg,M0101,3,2,F1280,31,29.393100005108863,15,16,0,15,4,4,1.0,0.4838709677419355
M0101/img000003.jpg,M0101,3,2,DensK1,34,45.3923000022769,14,20,0,15,4,4,1.0,0.4117647058823529
M0101/img000003.jpg,M0101,3,2,UnifAll,34,69.42010000057053,15,19,0,15,4,4,1.0,0.4411764705882353
M0101/img000003.jpg,M0101,3,2,SAHI640,35,240.63960000057705,15,20,0,15,4,4,1.0,0.42857142857142855
M0101/img000004.jpg,M0101,4,3,F640,28,18.98849999997765,15,13,0,15,5,5,1.0,0.5357142857142857
M0101/img000004.jpg,M0101,4,3,F1280,32,32.64050000871066,15,17,0,15,5,5,1.0,0.46875
M0101/img000004.jpg,M0101,4,3,DensK1,32,35.37649998907,14,18,0,15,5,5,1.0,0.4375
M0101/img000004.jpg,M0101,4,3,UnifAll,32,63.20769999001641,15,17,0,15,5,5,1.0,0.46875
M0101/img000004.jpg,M0101,4,3,SAHI640,32,234.9990000075195,15,17,0,15,5,5,1.0,0.46875
M0101/img000005.jpg,M0101,5,4,F640,30,22.628200007602572,15,15,0,15,4,4,1.0,0.5
M0101/img000005.jpg,M0101,5,4,F1280,30,36.33040000568144,15,15,0,15,4,4,1.0,0.5
M0101/img000005.jpg,M0101,5,4,DensK1,35,38.12800000014249,15,20,0,15,4,4,1.0,0.42857142857142855
M0101/img000005.jpg,M0101,5,4,UnifAll,35,51.54860000766348,15,20,0,15,4,4,1.0,0.42857142857142855
M0101/img000005.jpg,M0101,5,4,SAHI640,34,220.76860000379384,15,19,0,15,4,4,1.0,0.4411764705882353
M0101/img000006.jpg,M0101,6,5,F640,26,21.65880000393372,15,11,0,15,4,4,1.0,0.5769230769230769
M0101/img000006.jpg,M0101,6,5,F1280,29,37.44559999904595,15,14,0,15,4,4,1.0,0.5172413793103449
M0101/img000006.jpg,M0101,6,5,DensK1,35,45.48999998951331,15,20,0,15,4,4,1.0,0.42857142857142855
M0101/img000006.jpg,M0101,6,5,UnifAll,35,59.883699999772944,15,20,0,15,4,4,1.0,0.42857142857142855
M0101/img000006.jpg,M0101,6,5,SAHI640,33,227.5313999998616,15,18,0,15,4,4,1.0,0.45454545454545453
M0101/img000007.jpg,M0101,7,6,F640,26,20.14449999842327,15,11,0,15,4,4,1.0,0.5769230769230769
M0101/img000007.jpg,M0101,7,6,F1280,29,36.00700000242796,15,14,0,15,4,4,1.0,0.5172413793103449
M0101/img000007.jpg,M0101,7,6,DensK1,30,34.677000003284775,15,15,0,15,4,4,1.0,0.5
M0101/img000007.jpg,M0101,7,6,UnifAll,30,54.0406000072835,15,15,0,15,4,4,1.0,0.5
M0101/img000007.jpg,M0101,7,6,SAHI640,36,204.12979999673553,15,21,0,15,4,4,1.0,0.4166666666666667
M0101/img000008.jpg,M0101,8,7,F640,29,22.321699987514876,15,14,0,15,3,3,1.0,0.5172413793103449
M0101/img000008.jpg,M0101,8,7,F1280,28,31.97770001133904,15,13,0,15,3,3,1.0,0.5357142857142857
M0101/img000008.jpg,M0101,8,7,DensK1,34,45.970300008775666,15,19,0,15,3,3,1.0,0.4411764705882353
M0101/img000008.jpg,M0101,8,7,UnifAll,34,65.00840000808239,15,19,0,15,3,3,1.0,0.4411764705882353
M0101/img000008.jpg,M0101,8,7,SAHI640,32,226.36359999887645,15,17,0,15,3,3,1.0,0.46875
M0101/img000009.jpg,M0101,9,8,F640,31,21.87939999566879,15,16,0,15,5,5,1.0,0.4838709677419355
M0101/img000009.jpg,M0101,9,8,F1280,30,42.01360000297427,15,15,0,15,5,5,1.0,0.5
M0101/img000009.jpg,M0101,9,8,DensK1,37,49.76179999357555,15,22,0,15,5,5,1.0,0.40540540540540543
M0101/img000009.jpg,M0101,9,8,UnifAll,38,57.34579999989364,15,23,0,15,5,5,1.0,0.39473684210526316
M0101/img000009.jpg,M0101,9,8,SAHI640,35,218.81850001227576,15,20,0,15,5,5,1.0,0.42857142857142855
M0101/img000010.jpg,M0101,10,9,F640,29,22.129700009827502,15,14,0,15,4,4,1.0,0.5172413793103449
M0101/img000010.jpg,M0101,10,9,F1280,29,32.51340000133496,15,14,0,15,4,4,1.0,0.5172413793103449
M0101/img000010.jpg,M0101,10,9,DensK1,35,41.618300005211495,15,20,0,15,4,4,1.0,0.42857142857142855
M0101/img000010.jpg,M0101,10,9,UnifAll,35,60.72649999987334,15,20,0,15,4,4,1.0,0.42857142857142855
M0101/img000010.jpg,M0101,10,9,SAHI640,34,396.03730000089854,15,19,0,15,4,4,1.0,0.4411764705882353
M0101/img000011.jpg,M0101,11,10,F640,28,18.62319999781903,15,13,0,15,5,5,1.0,0.5357142857142857
M0101/img000011.jpg,M0101,11,10,F1280,30,37.25160000612959,15,15,0,15,5,5,1.0,0.5
M0101/img000011.jpg,M0101,11,10,DensK1,32,36.899900005664676,15,17,0,15,5,5,1.0,0.46875
M0101/img000011.jpg,M0101,11,10,UnifAll,32,49.51699999219272,15,17,0,15,5,5,1.0,0.46875
M0101/img000011.jpg,M0101,11,10,SAHI640,31,216.88730000460055,15,16,0,15,5,5,1.0,0.4838709677419355
M0101/img000012.jpg,M0101,12,11,F640,28,21.496599991223775,14,14,0,14,4,4,1.0,0.5
M0101/img000012.jpg,M0101,12,11,F1280,30,33.721400002832524,14,16,0,14,4,4,1.0,0.4666666666666667
M0101/img000012.jpg,M0101,12,11,DensK1,32,45.689700011280365,14,18,0,14,4,4,1.0,0.4375
M0101/img000012.jpg,M0101,12,11,UnifAll,32,55.6600999989314,14,18,0,14,4,4,1.0,0.4375
M0101/img000012.jpg,M0101,12,11,SAHI640,31,234.16170000564307,14,17,0,14,4,4,1.0,0.45161290322580644
M0101/img000013.jpg,M0101,13,12,F640,28,19.976799987489358,14,14,0,14,4,4,1.0,0.5
M0101/img000013.jpg,M0101,13,12,F1280,30,35.804999992251396,14,16,0,14,4,4,1.0,0.4666666666666667
M0101/img000013.jpg,M0101,13,12,DensK1,33,37.80420000839513,14,19,0,14,4,4,1.0,0.42424242424242425
M0101/img000013.jpg,M0101,13,12,UnifAll,33,55.81240000901744,14,19,0,14,4,4,1.0,0.42424242424242425
M0101/img000013.jpg,M0101,13,12,SAHI640,34,201.36819999606814,14,20,0,14,4,4,1.0,0.4117647058823529
M0101/img000014.jpg,M0101,14,13,F640,28,20.840500001213513,14,14,0,14,5,5,1.0,0.5
M0101/img000014.jpg,M0101,14,13,F1280,29,39.60879999794997,14,15,0,14,5,5,1.0,0.4827586206896552
M0101/img000014.jpg,M0101,14,13,DensK1,35,36.93289999500848,14,21,0,14,5,5,1.0,0.4
M0101/img000014.jpg,M0101,14,13,UnifAll,37,58.749399991938844,14,23,0,14,5,5,1.0,0.3783783783783784
M0101/img000014.jpg,M0101,14,13,SAHI640,34,208.04800000041723,14,20,0,14,5,5,1.0,0.4117647058823529
M0101/img000015.jpg,M0101,15,14,F640,28,22.115999992820434,14,14,0,14,5,5,1.0,0.5
M0101/img000015.jpg,M0101,15,14,F1280,30,29.53010000055656,14,16,0,14,5,5,1.0,0.4666666666666667
M0101/img000015.jpg,M0101,15,14,DensK1,36,52.042299997992814,14,22,0,14,5,5,1.0,0.3888888888888889
M0101/img000015.jpg,M0101,15,14,UnifAll,36,54.84690000594128,14,22,0,14,5,5,1.0,0.3888888888888889
M0101/img000015.jpg,M0101,15,14,SAHI640,34,213.47319999767933,14,20,0,14,5,5,1.0,0.4117647058823529
M0101/img000016.jpg,M0101,16,15,F640,25,19.90509999450296,14,11,0,14,4,4,1.0,0.56
M0101/img000016.jpg,M0101,16,15,F1280,30,38.20860000269022,14,16,0,14,4,4,1.0,0.4666666666666667
M0101/img000016.jpg,M0101,16,15,DensK1,33,42.220400006044656,14,19,0,14,4,4,1.0,0.42424242424242425
M0101/img000016.jpg,M0101,16,15,UnifAll,34,62.33960000099614,14,20,0,14,4,4,1.0,0.4117647058823529
M0101/img000016.jpg,M0101,16,15,SAHI640,29,201.0214000038104,14,15,0,14,4,4,1.0,0.4827586206896552
M0101/img000017.jpg,M0101,17,16,F640,29,22.955800013733096,14,15,0,14,4,4,1.0,0.4827586206896552
M0101/img000017.jpg,M0101,17,16,F1280,27,39.18079999857582,14,13,0,14,4,4,1.0,0.5185185185185185
M0101/img000017.jpg,M0101,17,16,DensK1,32,46.13729999982752,14,18,0,14,4,4,1.0,0.4375
M0101/img000017.jpg,M0101,17,16,UnifAll,33,60.68680000316817,14,19,0,14,4,4,1.0,0.42424242424242425
M0101/img000017.jpg,M0101,17,16,SAHI640,32,232.10069999913685,14,18,0,14,4,4,1.0,0.4375
M0101/img000018.jpg,M0101,18,17,F640,30,22.237399985897355,14,16,0,14,5,5,1.0,0.4666666666666667
M0101/img000018.jpg,M0101,18,17,F1280,31,31.50499999173917,14,17,0,14,5,5,1.0,0.45161290322580644
M0101/img000018.jpg,M0101,18,17,DensK1,33,36.98029999213759,14,19,0,14,5,5,1.0,0.42424242424242425
M0101/img000018.jpg,M0101,18,17,UnifAll,34,61.85670000559185,14,20,0,14,5,5,1.0,0.4117647058823529
M0101/img000018.jpg,M0101,18,17,SAHI640,31,224.34219998831395,14,17,0,14,5,5,1.0,0.45161290322580644
M0101/img000019.jpg,M0101,19,18,F640,25,18.092300000716932,14,11,0,14,5,5,1.0,0.56
M0101/img000019.jpg,M0101,19,18,F1280,32,50.0426999933552,14,18,0,14,5,5,1.0,0.4375
M0101/img000019.jpg,M0101,19,18,DensK1,30,37.96420000435319,14,16,0,14,5,5,1.0,0.4666666666666667
M0101/img000019.jpg,M0101,19,18,UnifAll,31,58.82730000303127,14,17,0,14,5,5,1.0,0.45161290322580644
M0101/img000019.jpg,M0101,19,18,SAHI640,31,229.40029999881517,14,17,0,14,5,5,1.0,0.45161290322580644
M0101/img000020.jpg,M0101,20,19,F640,27,19.568699994124472,14,13,0,14,4,4,1.0,0.5185185185185185
M0101/img000020.jpg,M0101,20,19,F1280,29,37.993600009940565,14,15,0,14,4,4,1.0,0.4827586206896552
M0101/img000020.jpg,M0101,20,19,DensK1,32,42.682900006184354,14,18,0,14,4,4,1.0,0.4375
M0101/img000020.jpg,M0101,20,19,UnifAll,32,61.99509999714792,14,18,0,14,4,4,1.0,0.4375
M0101/img000020.jpg,M0101,20,19,SAHI640,32,221.26310000021476,14,18,0,14,4,4,1.0,0.4375
M0101/img000021.jpg,M0101,21,20,F640,29,17.881299994769506,14,15,0,14,4,4,1.0,0.4827586206896552
M0101/img000021.jpg,M0101,21,20,F1280,29,34.25129999232013,14,15,0,14,4,4,1.0,0.4827586206896552
M0101/img000021.jpg,M0101,21,20,DensK1,33,41.66450000775512,14,19,0,14,4,4,1.0,0.42424242424242425
M0101/img000021.jpg,M0101,21,20,UnifAll,33,63.57739999657497,14,19,0,14,4,4,1.0,0.42424242424242425
M0101/img000021.jpg,M0101,21,20,SAHI640,33,240.12010000296868,14,19,0,14,4,4,1.0,0.42424242424242425
M0101/img000022.jpg,M0101,22,21,F640,31,23.64339999621734,14,17,0,14,4,4,1.0,0.45161290322580644
M0101/img000022.jpg,M0101,22,21,F1280,29,27.847000004840083,14,15,0,14,4,4,1.0,0.4827586206896552
M0101/img000022.jpg,M0101,22,21,DensK1,35,40.210100007243454,14,21,0,14,4,4,1.0,0.4
M0101/img000022.jpg,M0101,22,21,UnifAll,36,55.77769999217708,14,22,0,14,4,4,1.0,0.3888888888888889
M0101/img000022.jpg,M0101,22,21,SAHI640,36,248.46010000328533,14,22,0,14,4,4,1.0,0.3888888888888889
M0101/img000023.jpg,M0101,23,22,F640,33,23.046500005875714,14,19,0,14,4,4,1.0,0.42424242424242425
M0101/img000023.jpg,M0101,23,22,F1280,34,29.10159999737516,14,20,0,14,4,4,1.0,0.4117647058823529
M0101/img000023.jpg,M0101,23,22,DensK1,39,36.00999999616761,14,25,0,14,4,4,1.0,0.358974358974359
M0101/img000023.jpg,M0101,23,22,UnifAll,40,60.17299999075476,14,26,0,14,4,4,1.0,0.35
M0101/img000023.jpg,M0101,23,22,SAHI640,39,206.4749999990454,14,25,0,14,4,4,1.0,0.358974358974359
M0101/img000024.jpg,M0101,24,23,F640,30,16.853000008268282,14,16,0,14,4,4,1.0,0.4666666666666667
M0101/img000024.jpg,M0101,24,23,F1280,32,27.89219999976922,14,18,0,14,4,4,1.0,0.4375
M0101/img000024.jpg,M0101,24,23,DensK1,36,42.639799998141825,14,22,0,14,4,4,1.0,0.3888888888888889
M0101/img000024.jpg,M0101,24,23,UnifAll,37,53.18269999406766,14,23,0,14,4,4,1.0,0.3783783783783784
M0101/img000024.jpg,M0101,24,23,SAHI640,35,229.3995000072755,14,21,0,14,4,4,1.0,0.4
M0101/img000025.jpg,M0101,25,24,F640,30,20.691599987912923,14,16,0,14,4,4,1.0,0.4666666666666667
M0101/img000025.jpg,M0101,25,24,F1280,36,28.2325000007404,14,22,0,14,4,4,1.0,0.3888888888888889
M0101/img000025.jpg,M0101,25,24,DensK1,35,43.55280000891071,14,21,0,14,4,4,1.0,0.4
M0101/img000025.jpg,M0101,25,24,UnifAll,34,48.974499994073994,14,20,0,14,4,4,1.0,0.4117647058823529
M0101/img000025.jpg,M0101,25,24,SAHI640,33,210.0683000026038,14,19,0,14,4,4,1.0,0.42424242424242425
M0101/img000026.jpg,M0101,26,25,F640,32,20.332999993115664,14,18,0,14,4,4,1.0,0.4375
M0101/img000026.jpg,M0101,26,25,F1280,35,35.478499994496815,14,21,0,14,4,4,1.0,0.4
M0101/img000026.jpg,M0101,26,25,DensK1,37,43.948100006673485,14,23,0,14,4,4,1.0,0.3783783783783784
M0101/img000026.jpg,M0101,26,25,UnifAll,37,60.92940000235103,14,23,0,14,4,4,1.0,0.3783783783783784
M0101/img000026.jpg,M0101,26,25,SAHI640,38,230.83600000245497,14,24,0,14,4,4,1.0,0.3684210526315789
M0101/img000027.jpg,M0101,27,26,F640,27,21.77970000775531,14,13,0,14,4,4,1.0,0.5185185185185185
M0101/img000027.jpg,M0101,27,26,F1280,35,35.57970000838395,14,21,0,14,4,4,1.0,0.4
M0101/img000027.jpg,M0101,27,26,DensK1,34,37.023700002464466,14,20,0,14,4,4,1.0,0.4117647058823529
M0101/img000027.jpg,M0101,27,26,UnifAll,34,63.97689999721479,14,20,0,14,4,4,1.0,0.4117647058823529
M0101/img000027.jpg,M0101,27,26,SAHI640,36,202.53399999637622,14,22,0,14,4,4,1.0,0.3888888888888889
M0101/img000028.jpg,M0101,28,27,F640,29,14.896299995598383,14,15,0,14,4,4,1.0,0.4827586206896552
M0101/img000028.jpg,M0101,28,27,F1280,33,39.598100003786385,14,19,0,14,4,4,1.0,0.42424242424242425
M0101/img000028.jpg,M0101,28,27,DensK1,36,35.40029999567196,14,22,0,14,4,4,1.0,0.3888888888888889
M0101/img000028.jpg,M0101,28,27,UnifAll,37,65.57440001051873,14,23,0,14,4,4,1.0,0.3783783783783784
M0101/img000028.jpg,M0101,28,27,SAHI640,34,198.35710000188556,14,20,0,14,4,4,1.0,0.4117647058823529
M0101/img000029.jpg,M0101,29,28,F640,27,19.640099999378435,14,13,0,14,3,3,1.0,0.5185185185185185
M0101/img000029.jpg,M0101,29,28,F1280,34,35.86099999665748,13,21,0,14,3,2,0.6666666666666666,0.38235294117647056
M0101/img000029.jpg,M0101,29,28,DensK1,35,41.2374000006821,14,21,0,14,3,3,1.0,0.4
M0101/img000029.jpg,M0101,29,28,UnifAll,35,65.23330000345595,14,21,0,14,3,3,1.0,0.4
M0101/img000029.jpg,M0101,29,28,SAHI640,34,224.1859000059776,14,20,0,14,3,3,1.0,0.4117647058823529
M0101/img000030.jpg,M0101,30,29,F640,26,18.162599997594953,15,11,0,15,4,4,1.0,0.5769230769230769
M0101/img000030.jpg,M0101,30,29,F1280,32,36.66969999903813,14,18,0,15,4,3,0.75,0.4375
M0101/img000030.jpg,M0101,30,29,DensK1,35,39.6043000073405,15,20,0,15,4,4,1.0,0.42857142857142855
M0101/img000030.jpg,M0101,30,29,UnifAll,36,56.94650000077672,15,21,0,15,4,4,1.0,0.4166666666666667
M0101/img000030.jpg,M0101,30,29,SAHI640,31,207.34249999804888,15,16,0,15,4,4,1.0,0.4838709677419355
M0101/img000031.jpg,M0101,31,30,F640,27,23.086699991836213,15,12,0,15,5,5,1.0,0.5555555555555556
M0101/img000031.jpg,M0101,31,30,F1280,32,30.368499996257015,15,17,0,15,5,5,1.0,0.46875
M0101/img000031.jpg,M0101,31,30,DensK1,32,39.638700007344596,15,17,0,15,5,5,1.0,0.46875
M0101/img000031.jpg,M0101,31,30,UnifAll,32,62.56730000313837,15,17,0,15,5,5,1.0,0.46875
M0101/img000031.jpg,M0101,31,30,SAHI640,33,208.00420000159647,15,18,0,15,5,5,1.0,0.45454545454545453
M0101/img000032.jpg,M0101,32,31,F640,28,16.971100005321205,15,13,0,15,5,5,1.0,0.5357142857142857
M0101/img000032.jpg,M0101,32,31,F1280,33,26.59210001002066,15,18,0,15,5,5,1.0,0.45454545454545453
M0101/img000032.jpg,M0101,32,31,DensK1,32,39.61890000209678,15,17,0,15,5,5,1.0,0.46875
M0101/img000032.jpg,M0101,32,31,UnifAll,33,57.08009999943897,15,18,0,15,5,5,1.0,0.45454545454545453
M0101/img000032.jpg,M0101,32,31,SAHI640,37,239.07760001020506,15,22,0,15,5,5,1.0,0.40540540540540543
M0101/img000033.jpg,M0101,33,32,F640,27,21.773200001916848,15,12,0,15,4,4,1.0,0.5555555555555556
M0101/img000033.jpg,M0101,33,32,F1280,36,26.392900006612763,15,21,0,15,4,4,1.0,0.4166666666666667
M0101/img000033.jpg,M0101,33,32,DensK1,33,35.24900000775233,15,18,0,15,4,4,1.0,0.45454545454545453
M0101/img000033.jpg,M0101,33,32,UnifAll,34,60.28140000125859,15,19,0,15,4,4,1.0,0.4411764705882353
M0101/img000033.jpg,M0101,33,32,SAHI640,31,216.95460000773892,15,16,0,15,4,4,1.0,0.4838709677419355
M0101/img000034.jpg,M0101,34,33,F640,29,17.293199998675846,14,15,0,15,4,3,0.75,0.4827586206896552
M0101/img000034.jpg,M0101,34,33,F1280,36,26.862200000323355,15,21,0,15,4,4,1.0,0.4166666666666667
M0101/img000034.jpg,M0101,34,33,DensK1,34,37.33979999378789,15,19,0,15,4,4,1.0,0.4411764705882353
M0101/img000034.jpg,M0101,34,33,UnifAll,34,53.83230000734329,15,19,0,15,4,4,1.0,0.4411764705882353
M0101/img000034.jpg,M0101,34,33,SAHI640,40,228.30870001052972,15,25,0,15,4,4,1.0,0.375
M0101/img000035.jpg,M0101,35,34,F640,26,22.903700009919703,13,13,0,14,4,3,0.75,0.5
M0101/img000035.jpg,M0101,35,34,F1280,36,28.59149999858346,14,22,0,14,4,4,1.0,0.3888888888888889
M0101/img000035.jpg,M0101,35,34,DensK1,33,37.253300004522316,14,19,0,14,4,4,1.0,0.42424242424242425
M0101/img000035.jpg,M0101,35,34,UnifAll,33,63.5865000076592,14,19,0,14,4,4,1.0,0.42424242424242425
M0101/img000035.jpg,M0101,35,34,SAHI640,37,240.19930000940803,14,23,0,14,4,4,1.0,0.3783783783783784
M0101/img000036.jpg,M0101,36,35,F640,31,20.43190000404138,13,18,0,14,3,2,0.6666666666666666,0.41935483870967744
M0101/img000036.jpg,M0101,36,35,F1280,35,26.42049999849405,14,21,0,14,3,3,1.0,0.4
M0101/img000036.jpg,M0101,36,35,DensK1,37,43.37450000457466,13,24,0,14,3,2,0.6666666666666666,0.35135135135135137
M0101/img000036.jpg,M0101,36,35,UnifAll,37,61.19209999451414,13,24,0,14,3,2,0.6666666666666666,0.35135135135135137
M0101/img000036.jpg,M0101,36,35,SAHI640,39,230.62500001105946,14,25,0,14,3,3,1.0,0.358974358974359
M0101/img000037.jpg,M0101,37,36,F640,33,19.277399987913668,14,19,0,14,3,3,1.0,0.42424242424242425
M0101/img000037.jpg,M0101,37,36,F1280,34,34.540800013928674,14,20,0,14,3,3,1.0,0.4117647058823529
M0101/img000037.jpg,M0101,37,36,DensK1,38,40.85119999945164,14,24,0,14,3,3,1.0,0.3684210526315789
M0101/img000037.jpg,M0101,37,36,UnifAll,40,64.98569999530446,14,26,0,14,3,3,1.0,0.35
M0101/img000037.jpg,M0101,37,36,SAHI640,42,232.8498999995645,14,28,0,14,3,3,1.0,0.3333333333333333
M0101/img000038.jpg,M0101,38,37,F640,31,22.1531999995932,14,17,0,14,3,3,1.0,0.45161290322580644
M0101/img000038.jpg,M0101,38,37,F1280,33,36.083099999814294,14,19,0,14,3,3,1.0,0.42424242424242425
M0101/img000038.jpg,M0101,38,37,DensK1,38,43.42999999062158,14,24,0,14,3,3,1.0,0.3684210526315789
M0101/img000038.jpg,M0101,38,37,UnifAll,38,61.4734000118915,14,24,0,14,3,3,1.0,0.3684210526315789
M0101/img000038.jpg,M0101,38,37,SAHI640,40,208.57919999980368,14,26,0,14,3,3,1.0,0.35
M0101/img000039.jpg,M0101,39,38,F640,33,20.115199993597344,13,20,0,14,3,2,0.6666666666666666,0.3939393939393939
M0101/img000039.jpg,M0101,39,38,F1280,34,35.46230000210926,14,20,0,14,3,3,1.0,0.4117647058823529
M0101/img000039.jpg,M0101,39,38,DensK1,37,40.2194999915082,14,23,0,14,3,3,1.0,0.3783783783783784
M0101/img000039.jpg,M0101,39,38,UnifAll,38,57.24239999835845,14,24,0,14,3,3,1.0,0.3684210526315789
M0101/img000039.jpg,M0101,39,38,SAHI640,39,230.138300001272,14,25,0,14,3,3,1.0,0.358974358974359
M0101/img000040.jpg,M0101,40,39,F640,33,23.31620000768453,14,19,0,14,3,3,1.0,0.42424242424242425
M0101/img000040.jpg,M0101,40,39,F1280,35,39.102399998228066,14,21,0,14,3,3,1.0,0.4
M0101/img000040.jpg,M0101,40,39,DensK1,39,37.794899995788,14,25,0,14,3,3,1.0,0.358974358974359
M0101/img000040.jpg,M0101,40,39,UnifAll,39,50.626600001123734,14,25,0,14,3,3,1.0,0.358974358974359
M0101/img000040.jpg,M0101,40,39,SAHI640,38,220.71439999854192,14,24,0,14,3,3,1.0,0.3684210526315789
M0101/img000041.jpg,M0101,41,40,F640,31,17.976900009671226,15,16,0,15,4,4,1.0,0.4838709677419355
M0101/img000041.jpg,M0101,41,40,F1280,35,34.413300003507175,15,20,0,15,4,4,1.0,0.42857142857142855
M0101/img000041.jpg,M0101,41,40,DensK1,40,37.63520000211429,15,25,0,15,4,4,1.0,0.375
M0101/img000041.jpg,M0101,41,40,UnifAll,41,51.57000001054257,15,26,0,15,4,4,1.0,0.36585365853658536
M0101/img000041.jpg,M0101,41,40,SAHI640,40,244.6631999919191,15,25,0,15,4,4,1.0,0.375
M0101/img000042.jpg,M0101,42,41,F640,32,15.195500003756024,15,17,0,15,4,4,1.0,0.46875
M0101/img000042.jpg,M0101,42,41,F1280,35,35.16870000748895,15,20,0,15,4,4,1.0,0.42857142857142855
M0101/img000042.jpg,M0101,42,41,DensK1,35,42.92379999242257,15,20,0,15,4,4,1.0,0.42857142857142855
M0101/img000042.jpg,M0101,42,41,UnifAll,36,61.14459999662358,15,21,0,15,4,4,1.0,0.4166666666666667
M0101/img000042.jpg,M0101,42,41,SAHI640,38,241.18620000081137,15,23,0,15,4,4,1.0,0.39473684210526316
M0101/img000043.jpg,M0101,43,42,F640,34,18.468700000084937,15,19,0,15,4,4,1.0,0.4411764705882353
M0101/img000043.jpg,M0101,43,42,F1280,33,29.49380000063684,15,18,0,15,4,4,1.0,0.45454545454545453
M0101/img000043.jpg,M0101,43,42,DensK1,39,54.77709999831859,15,24,0,15,4,4,1.0,0.38461538461538464
M0101/img000043.jpg,M0101,43,42,UnifAll,40,61.487999992095865,15,25,0,15,4,4,1.0,0.375
M0101/img000043.jpg,M0101,43,42,SAHI640,39,255.08579998859204,15,24,0,15,4,4,1.0,0.38461538461538464
M0101/img000044.jpg,M0101,44,43,F640,36,21.715100010624155,15,21,0,15,3,3,1.0,0.4166666666666667
M0101/img000044.jpg,M0101,44,43,F1280,34,33.86910000699572,15,19,0,15,3,3,1.0,0.4411764705882353
M0101/img000044.jpg,M0101,44,43,DensK1,43,33.16939999058377,14,29,0,15,3,2,0.6666666666666666,0.32558139534883723
M0101/img000044.jpg,M0101,44,43,UnifAll,43,59.76780000491999,14,29,0,15,3,2,0.6666666666666666,0.32558139534883723
M0101/img000044.jpg,M0101,44,43,SAHI640,41,252.11039998976048,15,26,0,15,3,3,1.0,0.36585365853658536
M0101/img000045.jpg,M0101,45,44,F640,37,18.699599997489713,15,22,0,15,3,3,1.0,0.40540540540540543
M0101/img000045.jpg,M0101,45,44,F1280,32,36.01979999803007,14,18,0,15,3,2,0.6666666666666666,0.4375
M0101/img000045.jpg,M0101,45,44,DensK1,42,42.05849999561906,15,27,0,15,3,3,1.0,0.35714285714285715
M0101/img000045.jpg,M0101,45,44,UnifAll,42,60.40760000178125,15,27,0,15,3,3,1.0,0.35714285714285715
M0101/img000045.jpg,M0101,45,44,SAHI640,41,198.26230000762735,15,26,0,15,3,3,1.0,0.36585365853658536
M0101/img000046.jpg,M0101,46,45,F640,31,19.35280000907369,16,15,0,16,4,4,1.0,0.5161290322580645
M0101/img000046.jpg,M0101,46,45,F1280,34,36.32860000652727,16,18,0,16,4,4,1.0,0.47058823529411764
M0101/img000046.jpg,M0101,46,45,DensK1,39,37.47890000522602,16,23,0,16,4,4,1.0,0.41025641025641024
M0101/img000046.jpg,M0101,46,45,UnifAll,41,58.68200000259094,16,25,0,16,4,4,1.0,0.3902439024390244
M0101/img000046.jpg,M0101,46,45,SAHI640,44,368.1942999974126,16,28,0,16,4,4,1.0,0.36363636363636365
M0101/img000047.jpg,M0101,47,46,F640,31,22.40640000673011,16,15,0,16,4,4,1.0,0.5161290322580645
M0101/img000047.jpg,M0101,47,46,F1280,34,29.920999993919395,15,19,0,16,4,3,0.75,0.4411764705882353
M0101/img000047.jpg,M0101,47,46,DensK1,40,43.622199998935685,16,24,0,16,4,4,1.0,0.4
M0101/img000047.jpg,M0101,47,46,UnifAll,41,62.57460000051651,16,25,0,16,4,4,1.0,0.3902439024390244
M0101/img000047.jpg,M0101,47,46,SAHI640,40,231.09909999766387,16,24,0,16,4,4,1.0,0.4
M0101/img000048.jpg,M0101,48,47,F640,34,21.918600003118627,16,18,0,16,4,4,1.0,0.47058823529411764
M0101/img000048.jpg,M0101,48,47,F1280,34,37.06279999460094,16,18,0,16,4,4,1.0,0.47058823529411764
M0101/img000048.jpg,M0101,48,47,DensK1,41,38.46359999442939,16,25,0,16,4,4,1.0,0.3902439024390244
M0101/img000048.jpg,M0101,48,47,UnifAll,41,67.97399999049958,16,25,0,16,4,4,1.0,0.3902439024390244
M0101/img000048.jpg,M0101,48,47,SAHI640,37,194.66549999197014,16,21,0,16,4,4,1.0,0.43243243243243246
M0101/img000049.jpg,M0101,49,48,F640,31,19.37069999985397,16,15,0,16,4,4,1.0,0.5161290322580645
M0101/img000049.jpg,M0101,49,48,F1280,36,30.38389999710489,16,20,0,16,4,4,1.0,0.4444444444444444
M0101/img000049.jpg,M0101,49,48,DensK1,39,43.76600000250619,16,23,0,16,4,4,1.0,0.41025641025641024
M0101/img000049.jpg,M0101,49,48,UnifAll,39,57.2253999998793,16,23,0,16,4,4,1.0,0.41025641025641024
M0101/img000049.jpg,M0101,49,48,SAHI640,36,201.64759999897797,16,20,0,16,4,4,1.0,0.4444444444444444
M0101/img000050.jpg,M0101,50,49,F640,30,23.04780000122264,16,14,0,16,4,4,1.0,0.5333333333333333
M0101/img000050.jpg,M0101,50,49,F1280,35,35.9489999973448,15,20,0,16,4,3,0.75,0.42857142857142855
M0101/img000050.jpg,M0101,50,49,DensK1,39,44.36169999826234,16,23,0,16,4,4,1.0,0.41025641025641024
M0101/img000050.jpg,M0101,50,49,UnifAll,39,55.36129999381956,16,23,0,16,4,4,1.0,0.41025641025641024
M0101/img000050.jpg,M0101,50,49,SAHI640,37,187.430799996946,16,21,0,16,4,4,1.0,0.43243243243243246
M0101/img000051.jpg,M0101,51,50,F640,29,21.246200005407445,16,13,0,16,4,4,1.0,0.5517241379310345
M0101/img000051.jpg,M0101,51,50,F1280,33,29.321099995286204,16,17,0,16,4,4,1.0,0.48484848484848486
M0101/img000051.jpg,M0101,51,50,DensK1,35,45.05770000105258,16,19,0,16,4,4,1.0,0.45714285714285713
M0101/img000051.jpg,M0101,51,50,UnifAll,35,58.78170000505634,16,19,0,16,4,4,1.0,0.45714285714285713
M0101/img000051.jpg,M0101,51,50,SAHI640,37,229.1761999949813,16,21,0,16,4,4,1.0,0.43243243243243246
M0101/img000052.jpg,M0101,52,51,F640,33,22.698100001434796,16,17,0,16,4,4,1.0,0.48484848484848486
M0101/img000052.jpg,M0101,52,51,F1280,36,26.390700004412793,16,20,0,16,4,4,1.0,0.4444444444444444
M0101/img000052.jpg,M0101,52,51,DensK1,38,36.2950999988243,16,22,0,16,4,4,1.0,0.42105263157894735
M0101/img000052.jpg,M0101,52,51,UnifAll,38,60.439900000346825,16,22,0,16,4,4,1.0,0.42105263157894735
M0101/img000052.jpg,M0101,52,51,SAHI640,37,194.66009999450762,16,21,0,16,4,4,1.0,0.43243243243243246
M0101/img000053.jpg,M0101,53,52,F640,35,15.842099994188175,16,19,0,16,4,4,1.0,0.45714285714285713
M0101/img000053.jpg,M0101,53,52,F1280,33,29.252000007545575,15,18,0,16,4,3,0.75,0.45454545454545453
M0101/img000053.jpg,M0101,53,52,DensK1,40,37.218099998426624,16,24,0,16,4,4,1.0,0.4
M0101/img000053.jpg,M0101,53,52,UnifAll,40,59.81049999536481,16,24,0,16,4,4,1.0,0.4
M0101/img000053.jpg,M0101,53,52,SAHI640,41,234.3068000045605,15,26,0,16,4,3,0.75,0.36585365853658536
M0101/img000054.jpg,M0101,54,53,F640,34,18.763900006888434,16,18,0,16,3,3,1.0,0.47058823529411764
M0101/img000054.jpg,M0101,54,53,F1280,30,26.77090000361204,16,14,0,16,3,3,1.0,0.5333333333333333
M0101/img000054.jpg,M0101,54,53,DensK1,36,40.31940001004841,15,21,0,16,3,2,0.6666666666666666,0.4166666666666667
M0101/img000054.jpg,M0101,54,53,UnifAll,36,48.23020000185352,15,21,0,16,3,2,0.6666666666666666,0.4166666666666667
M0101/img000054.jpg,M0101,54,53,SAHI640,38,229.94069999549538,15,23,0,16,3,2,0.6666666666666666,0.39473684210526316
M0101/img000055.jpg,M0101,55,54,F640,32,18.90090000233613,16,16,0,16,4,4,1.0,0.5
M0101/img000055.jpg,M0101,55,54,F1280,31,27.492099994560704,16,15,0,16,4,4,1.0,0.5161290322580645
M0101/img000055.jpg,M0101,55,54,DensK1,39,41.19190000346862,16,23,0,16,4,4,1.0,0.41025641025641024
M0101/img000055.jpg,M0101,55,54,UnifAll,40,57.721700010006316,16,24,0,16,4,4,1.0,0.4
M0101/img000055.jpg,M0101,55,54,SAHI640,38,214.58649999112822,16,22,0,16,4,4,1.0,0.42105263157894735
M0101/img000056.jpg,M0101,56,55,F640,33,18.229599998448975,16,17,0,16,3,3,1.0,0.48484848484848486
M0101/img000056.jpg,M0101,56,55,F1280,34,35.6820000015432,16,18,0,16,3,3,1.0,0.47058823529411764
M0101/img000056.jpg,M0101,56,55,DensK1,41,40.812999999616295,16,25,0,16,3,3,1.0,0.3902439024390244
M0101/img000056.jpg,M0101,56,55,UnifAll,42,53.74459999438841,16,26,0,16,3,3,1.0,0.38095238095238093
M0101/img000056.jpg,M0101,56,55,SAHI640,39,223.7506000092253,16,23,0,16,3,3,1.0,0.41025641025641024
M0101/img000057.jpg,M0101,57,56,F640,32,16.606799996225163,16,16,0,16,3,3,1.0,0.5
M0101/img000057.jpg,M0101,57,56,F1280,33,39.65000000607688,16,17,0,16,3,3,1.0,0.48484848484848486
M0101/img000057.jpg,M0101,57,56,DensK1,40,32.93400000256952,16,24,0,16,3,3,1.0,0.4
M0101/img000057.jpg,M0101,57,56,UnifAll,39,55.195099994307384,16,23,0,16,3,3,1.0,0.41025641025641024
M0101/img000057.jpg,M0101,57,56,SAHI640,44,225.78609999618493,16,28,0,16,3,3,1.0,0.36363636363636365
M0101/img000058.jpg,M0101,58,57,F640,35,18.193500000052154,16,19,0,16,3,3,1.0,0.45714285714285713
M0101/img000058.jpg,M0101,58,57,F1280,33,34.889700007624924,16,17,0,16,3,3,1.0,0.48484848484848486
M0101/img000058.jpg,M0101,58,57,DensK1,37,33.65430000121705,16,21,0,16,3,3,1.0,0.43243243243243246
M0101/img000058.jpg,M0101,58,57,UnifAll,39,66.86210000771098,16,23,0,16,3,3,1.0,0.41025641025641024
M0101/img000058.jpg,M0101,58,57,SAHI640,40,228.36340000503697,16,24,0,16,3,3,1.0,0.4
M0101/img000059.jpg,M0101,59,58,F640,33,21.559899993008003,16,17,0,16,3,3,1.0,0.48484848484848486
M0101/img000059.jpg,M0101,59,58,F1280,34,35.80139999394305,16,18,0,16,3,3,1.0,0.47058823529411764
M0101/img000059.jpg,M0101,59,58,DensK1,41,37.73759999603499,16,25,0,16,3,3,1.0,0.3902439024390244
M0101/img000059.jpg,M0101,59,58,UnifAll,41,64.50729999050964,16,25,0,16,3,3,1.0,0.3902439024390244
M0101/img000059.jpg,M0101,59,58,SAHI640,40,219.29029999591876,16,24,0,16,3,3,1.0,0.4
M0101/img000060.jpg,M0101,60,59,F640,31,20.62389999628067,16,15,0,16,3,3,1.0,0.5161290322580645
M0101/img000060.jpg,M0101,60,59,F1280,34,36.059900012332946,16,18,0,16,3,3,1.0,0.47058823529411764
M0101/img000060.jpg,M0101,60,59,DensK1,38,42.84060001373291,16,22,0,16,3,3,1.0,0.42105263157894735
M0101/img000060.jpg,M0101,60,59,UnifAll,39,51.71090000658296,16,23,0,16,3,3,1.0,0.41025641025641024
M0101/img000060.jpg,M0101,60,59,SAHI640,37,240.9244000009494,16,21,0,16,3,3,1.0,0.43243243243243246
M0101/img000061.jpg,M0101,61,60,F640,33,18.334600012167357,16,17,0,16,3,3,1.0,0.48484848484848486
M0101/img000061.jpg,M0101,61,60,F1280,34,36.49129999394063,16,18,0,16,3,3,1.0,0.47058823529411764
M0101/img000061.jpg,M0101,61,60,DensK1,38,38.75159999006428,16,22,0,16,3,3,1.0,0.42105263157894735
M0101/img000061.jpg,M0101,61,60,UnifAll,38,51.75420000159647,16,22,0,16,3,3,1.0,0.42105263157894735
M0101/img000061.jpg,M0101,61,60,SAHI640,39,227.82870000810362,16,23,0,16,3,3,1.0,0.41025641025641024
M0101/img000062.jpg,M0101,62,61,F640,34,20.89499999419786,16,18,0,16,3,3,1.0,0.47058823529411764
M0101/img000062.jpg,M0101,62,61,F1280,34,33.343500006594695,16,18,0,16,3,3,1.0,0.47058823529411764
M0101/img000062.jpg,M0101,62,61,DensK1,36,38.50949999468867,16,20,0,16,3,3,1.0,0.4444444444444444
M0101/img000062.jpg,M0101,62,61,UnifAll,36,65.6308000034187,16,20,0,16,3,3,1.0,0.4444444444444444
M0101/img000062.jpg,M0101,62,61,SAHI640,40,240.7795999897644,16,24,0,16,3,3,1.0,0.4
M0101/img000063.jpg,M0101,63,62,F640,34,19.151600004988723,16,18,0,16,3,3,1.0,0.47058823529411764
M0101/img000063.jpg,M0101,63,62,F1280,32,37.643999996362254,16,16,0,16,3,3,1.0,0.5
M0101/img000063.jpg,M0101,63,62,DensK1,37,40.38859999855049,16,21,0,16,3,3,1.0,0.43243243243243246
M0101/img000063.jpg,M0101,63,62,UnifAll,37,88.57199999329168,16,21,0,16,3,3,1.0,0.43243243243243246
M0101/img000063.jpg,M0101,63,62,SAHI640,40,223.9656999881845,16,24,0,16,3,3,1.0,0.4
M0101/img000064.jpg,M0101,64,63,F640,35,19.23930000339169,16,19,0,16,3,3,1.0,0.45714285714285713
M0101/img000064.jpg,M0101,64,63,F1280,33,37.43419999955222,16,17,0,16,3,3,1.0,0.48484848484848486
M0101/img000064.jpg,M0101,64,63,DensK1,39,37.41710000031162,16,23,0,16,3,3,1.0,0.41025641025641024
M0101/img000064.jpg,M0101,64,63,UnifAll,40,59.243300012894906,16,24,0,16,3,3,1.0,0.4
M0101/img000064.jpg,M0101,64,63,SAHI640,39,222.9111000051489,16,23,0,16,3,3,1.0,0.41025641025641024
M0101/img000065.jpg,M0101,65,64,F640,36,22.4136000033468,16,20,0,16,3,3,1.0,0.4444444444444444
M0101/img000065.jpg,M0101,65,64,F1280,33,36.3457999919774,16,17,0,16,3,3,1.0,0.48484848484848486
M0101/img000065.jpg,M0101,65,64,DensK1,43,43.45530000864528,16,27,0,16,3,3,1.0,0.37209302325581395
M0101/img000065.jpg,M0101,65,64,UnifAll,43,56.43549999513198,16,27,0,16,3,3,1.0,0.37209302325581395
M0101/img000065.jpg,M0101,65,64,SAHI640,45,185.95690000802279,16,29,0,16,3,3,1.0,0.35555555555555557
M0101/img000066.jpg,M0101,66,65,F640,40,19.81300000625197,16,24,0,16,3,3,1.0,0.4
M0101/img000066.jpg,M0101,66,65,F1280,32,39.8533999978099,16,16,0,16,3,3,1.0,0.5
M0101/img000066.jpg,M0101,66,65,DensK1,43,34.47499999310821,16,27,0,16,3,3,1.0,0.37209302325581395
M0101/img000066.jpg,M0101,66,65,UnifAll,43,61.030199998640455,16,27,0,16,3,3,1.0,0.37209302325581395
M0101/img000066.jpg,M0101,66,65,SAHI640,43,211.19599998928607,16,27,0,16,3,3,1.0,0.37209302325581395
M0101/img000067.jpg,M0101,67,66,F640,36,22.168800001963973,16,20,0,16,3,3,1.0,0.4444444444444444
M0101/img000067.jpg,M0101,67,66,F1280,33,46.09679999703076,16,17,0,16,3,3,1.0,0.48484848484848486
M0101/img000067.jpg,M0101,67,66,DensK1,41,40.60860000026878,16,25,0,16,3,3,1.0,0.3902439024390244
M0101/img000067.jpg,M0101,67,66,UnifAll,41,63.776999988476746,16,25,0,16,3,3,1.0,0.3902439024390244
M0101/img000067.jpg,M0101,67,66,SAHI640,43,223.59699998924043,16,27,0,16,3,3,1.0,0.37209302325581395
M0101/img000068.jpg,M0101,68,67,F640,39,21.016400001826696,16,23,0,16,3,3,1.0,0.41025641025641024
M0101/img000068.jpg,M0101,68,67,F1280,31,41.31330001109745,16,15,0,16,3,3,1.0,0.5161290322580645
M0101/img000068.jpg,M0101,68,67,DensK1,43,37.77830000035465,16,27,0,16,3,3,1.0,0.37209302325581395
M0101/img000068.jpg,M0101,68,67,UnifAll,43,52.02029999054503,16,27,0,16,3,3,1.0,0.37209302325581395
M0101/img000068.jpg,M0101,68,67,SAHI640,44,223.20680000120774,16,28,0,16,3,3,1.0,0.36363636363636365
M0101/img000069.jpg,M0101,69,68,F640,34,18.628999998327345,16,18,0,16,3,3,1.0,0.47058823529411764
M0101/img000069.jpg,M0101,69,68,F1280,32,37.73150000779424,16,16,0,16,3,3,1.0,0.5
M0101/img000069.jpg,M0101,69,68,DensK1,42,39.04960000363644,16,26,0,16,3,3,1.0,0.38095238095238093
M0101/img000069.jpg,M0101,69,68,UnifAll,42,68.22509999619797,16,26,0,16,3,3,1.0,0.38095238095238093
M0101/img000069.jpg,M0101,69,68,SAHI640,39,211.63749998959247,16,23,0,16,3,3,1.0,0.41025641025641024
M0101/img000070.jpg,M0101,70,69,F640,32,17.73119998688344,16,16,0,16,3,3,1.0,0.5
M0101/img000070.jpg,M0101,70,69,F1280,32,40.8123999950476,16,16,0,16,3,3,1.0,0.5
M0101/img000070.jpg,M0101,70,69,DensK1,35,36.34190000593662,16,19,0,16,3,3,1.0,0.45714285714285713
M0101/img000070.jpg,M0101,70,69,UnifAll,36,56.50140000216197,16,20,0,16,3,3,1.0,0.4444444444444444
M0101/img000070.jpg,M0101,70,69,SAHI640,42,226.31420000107028,16,26,0,16,3,3,1.0,0.38095238095238093
M0101/img000071.jpg,M0101,71,70,F640,37,22.419299988541752,15,22,0,15,3,3,1.0,0.40540540540540543
M0101/img000071.jpg,M0101,71,70,F1280,32,40.663299994776025,15,17,0,15,3,3,1.0,0.46875
M0101/img000071.jpg,M0101,71,70,DensK1,42,38.926199995330535,15,27,0,15,3,3,1.0,0.35714285714285715
M0101/img000071.jpg,M0101,71,70,UnifAll,42,62.31749999278691,15,27,0,15,3,3,1.0,0.35714285714285715
M0101/img000071.jpg,M0101,71,70,SAHI640,42,251.4723999920534,15,27,0,15,3,3,1.0,0.35714285714285715
M0101/img000072.jpg,M0101,72,71,F640,37,20.04550000128802,15,22,0,15,3,3,1.0,0.40540540540540543
M0101/img000072.jpg,M0101,72,71,F1280,34,41.03039999608882,15,19,0,15,3,3,1.0,0.4411764705882353
M0101/img000072.jpg,M0101,72,71,DensK1,39,44.56029999710154,15,24,0,15,3,3,1.0,0.38461538461538464
M0101/img000072.jpg,M0101,72,71,UnifAll,39,51.134399996954016,15,24,0,15,3,3,1.0,0.38461538461538464
M0101/img000072.jpg,M0101,72,71,SAHI640,40,232.49410001153592,15,25,0,15,3,3,1.0,0.375
M0101/img000073.jpg,M0101,73,72,F640,30,18.731299991486594,15,15,0,15,3,3,1.0,0.5
M0101/img000073.jpg,M0101,73,72,F1280,33,40.90970000834204,15,18,0,15,3,3,1.0,0.45454545454545453
M0101/img000073.jpg,M0101,73,72,DensK1,34,45.47749999619555,15,19,0,15,3,3,1.0,0.4411764705882353
M0101/img000073.jpg,M0101,73,72,UnifAll,34,58.53680000291206,15,19,0,15,3,3,1.0,0.4411764705882353
M0101/img000073.jpg,M0101,73,72,SAHI640,37,202.1422999969218,15,22,0,15,3,3,1.0,0.40540540540540543
M0101/img000074.jpg,M0101,74,73,F640,32,22.637900008703582,15,17,0,15,3,3,1.0,0.46875
M0101/img000074.jpg,M0101,74,73,F1280,33,37.35949999827426,15,18,0,15,3,3,1.0,0.45454545454545453
M0101/img000074.jpg,M0101,74,73,DensK1,38,38.824599992949516,15,23,0,15,3,3,1.0,0.39473684210526316
M0101/img000074.jpg,M0101,74,73,UnifAll,38,51.66889999236446,15,23,0,15,3,3,1.0,0.39473684210526316
M0101/img000074.jpg,M0101,74,73,SAHI640,39,191.29839999368414,15,24,0,15,3,3,1.0,0.38461538461538464
M0101/img000075.jpg,M0101,75,74,F640,33,19.78390000294894,15,18,0,15,3,3,1.0,0.45454545454545453
M0101/img000075.jpg,M0101,75,74,F1280,31,40.13910000503529,15,16,0,15,3,3,1.0,0.4838709677419355
M0101/img000075.jpg,M0101,75,74,DensK1,39,43.59410000324715,15,24,0,15,3,3,1.0,0.38461538461538464
M0101/img000075.jpg,M0101,75,74,UnifAll,39,58.850000001257285,15,24,0,15,3,3,1.0,0.38461538461538464
M0101/img000075.jpg,M0101,75,74,SAHI640,39,235.92180000559893,15,24,0,15,3,3,1.0,0.38461538461538464
M0101/img000076.jpg,M0101,76,75,F640,33,19.364199994015507,15,18,0,15,3,3,1.0,0.45454545454545453
M0101/img000076.jpg,M0101,76,75,F1280,33,37.72830001253169,15,18,0,15,3,3,1.0,0.45454545454545453
M0101/img000076.jpg,M0101,76,75,DensK1,37,40.71410000324249,15,22,0,15,3,3,1.0,0.40540540540540543
M0101/img000076.jpg,M0101,76,75,UnifAll,37,58.83460000040941,15,22,0,15,3,3,1.0,0.40540540540540543
M0101/img000076.jpg,M0101,76,75,SAHI640,38,234.53390000213403,15,23,0,15,3,3,1.0,0.39473684210526316
M0101/img000077.jpg,M0101,77,76,F640,33,21.45600000221748,15,18,0,15,3,3,1.0,0.45454545454545453
M0101/img000077.jpg,M0101,77,76,F1280,33,27.436099990154617,15,18,0,15,3,3,1.0,0.45454545454545453
M0101/img000077.jpg,M0101,77,76,DensK1,36,34.91139999823645,15,21,0,15,3,3,1.0,0.4166666666666667
M0101/img000077.jpg,M0101,77,76,UnifAll,36,57.72340000839904,15,21,0,15,3,3,1.0,0.4166666666666667
M0101/img000077.jpg,M0101,77,76,SAHI640,38,216.2876999936998,15,23,0,15,3,3,1.0,0.39473684210526316
M0101/img000078.jpg,M0101,78,77,F640,32,18.831900000805035,15,17,0,15,3,3,1.0,0.46875
M0101/img000078.jpg,M0101,78,77,F1280,33,34.40829999453854,15,18,0,15,3,3,1.0,0.45454545454545453
M0101/img000078.jpg,M0101,78,77,DensK1,36,40.500500006601214,15,21,0,15,3,3,1.0,0.4166666666666667
M0101/img000078.jpg,M0101,78,77,UnifAll,36,58.18330000329297,15,21,0,15,3,3,1.0,0.4166666666666667
M0101/img000078.jpg,M0101,78,77,SAHI640,38,219.02920000138693,15,23,0,15,3,3,1.0,0.39473684210526316
M0101/img000079.jpg,M0101,79,78,F640,38,16.60750000155531,15,23,0,15,3,3,1.0,0.39473684210526316
M0101/img000079.jpg,M0101,79,78,F1280,35,36.74670000327751,15,20,0,15,3,3,1.0,0.42857142857142855
M0101/img000079.jpg,M0101,79,78,DensK1,40,48.40949999925215,15,25,0,15,3,3,1.0,0.375
M0101/img000079.jpg,M0101,79,78,UnifAll,41,48.22039999999106,15,26,0,15,3,3,1.0,0.36585365853658536
M0101/img000079.jpg,M0101,79,78,SAHI640,37,202.7520999981789,15,22,0,15,3,3,1.0,0.40540540540540543
M0101/img000080.jpg,M0101,80,79,F640,33,16.949199998634867,15,18,0,15,3,3,1.0,0.45454545454545453
M0101/img000080.jpg,M0101,80,79,F1280,34,37.56890000659041,15,19,0,15,3,3,1.0,0.4411764705882353
M0101/img000080.jpg,M0101,80,79,DensK1,38,44.66110000794288,15,23,0,15,3,3,1.0,0.39473684210526316
M0101/img000080.jpg,M0101,80,79,UnifAll,39,47.89129999699071,15,24,0,15,3,3,1.0,0.38461538461538464
M0101/img000080.jpg,M0101,80,79,SAHI640,38,229.36549999576528,15,23,0,15,3,3,1.0,0.39473684210526316
M0101/img000081.jpg,M0101,81,80,F640,30,24.846200001775287,15,15,0,15,3,3,1.0,0.5
M0101/img000081.jpg,M0101,81,80,F1280,32,26.619000011123717,15,17,0,15,3,3,1.0,0.46875
M0101/img000081.jpg,M0101,81,80,DensK1,33,37.18959999969229,15,18,0,15,3,3,1.0,0.45454545454545453
M0101/img000081.jpg,M0101,81,80,UnifAll,35,63.08929999067914,15,20,0,15,3,3,1.0,0.42857142857142855
M0101/img000081.jpg,M0101,81,80,SAHI640,36,212.52950000052806,15,21,0,15,3,3,1.0,0.4166666666666667
M0101/img000082.jpg,M0101,82,81,F640,32,15.547499991953373,15,17,0,15,3,3,1.0,0.46875
M0101/img000082.jpg,M0101,82,81,F1280,35,26.961800002027303,15,20,0,15,3,3,1.0,0.42857142857142855
M0101/img000082.jpg,M0101,82,81,DensK1,33,37.694799990276806,15,18,0,15,3,3,1.0,0.45454545454545453
M0101/img000082.jpg,M0101,82,81,UnifAll,34,51.21230000804644,15,19,0,15,3,3,1.0,0.4411764705882353
M0101/img000082.jpg,M0101,82,81,SAHI640,37,238.64359999424778,15,22,0,15,3,3,1.0,0.40540540540540543
M0101/img000083.jpg,M0101,83,82,F640,32,17.203399998834357,15,17,0,15,3,3,1.0,0.46875
M0101/img000083.jpg,M0101,83,82,F1280,34,28.233899996848777,15,19,0,15,3,3,1.0,0.4411764705882353
M0101/img000083.jpg,M0101,83,82,DensK1,36,45.581600003060885,15,21,0,15,3,3,1.0,0.4166666666666667
M0101/img000083.jpg,M0101,83,82,UnifAll,37,54.44579999311827,15,22,0,15,3,3,1.0,0.40540540540540543
M0101/img000083.jpg,M0101,83,82,SAHI640,35,200.26830000279006,15,20,0,15,3,3,1.0,0.42857142857142855
M0101/img000084.jpg,M0101,84,83,F640,32,19.110199995338917,15,17,0,15,3,3,1.0,0.46875
M0101/img000084.jpg,M0101,84,83,F1280,36,32.8010999946855,15,21,0,15,3,3,1.0,0.4166666666666667
M0101/img000084.jpg,M0101,84,83,DensK1,35,38.6455000116257,15,20,0,15,3,3,1.0,0.42857142857142855
M0101/img000084.jpg,M0101,84,83,UnifAll,36,51.999900009832345,15,21,0,15,3,3,1.0,0.4166666666666667
M0101/img000084.jpg,M0101,84,83,SAHI640,38,208.31319999706466,15,23,0,15,3,3,1.0,0.39473684210526316
M0101/img000085.jpg,M0101,85,84,F640,32,22.140900007798336,15,17,0,15,3,3,1.0,0.46875
M0101/img000085.jpg,M0101,85,84,F1280,35,34.283399989362806,15,20,0,15,3,3,1.0,0.42857142857142855
M0101/img000085.jpg,M0101,85,84,DensK1,38,42.91119999834336,15,23,0,15,3,3,1.0,0.39473684210526316
M0101/img000085.jpg,M0101,85,84,UnifAll,38,64.33939999260474,15,23,0,15,3,3,1.0,0.39473684210526316
M0101/img000085.jpg,M0101,85,84,SAHI640,39,191.88489999214653,15,24,0,15,3,3,1.0,0.38461538461538464
M0101/img000086.jpg,M0101,86,85,F640,32,19.467999998596497,15,17,0,15,3,3,1.0,0.46875
M0101/img000086.jpg,M0101,86,85,F1280,34,39.06049999932293,15,19,0,15,3,3,1.0,0.4411764705882353
M0101/img000086.jpg,M0101,86,85,DensK1,37,37.45989999151789,15,22,0,15,3,3,1.0,0.40540540540540543
M0101/img000086.jpg,M0101,86,85,UnifAll,38,53.65259999234695,15,23,0,15,3,3,1.0,0.39473684210526316
M0101/img000086.jpg,M0101,86,85,SAHI640,38,397.17949999612756,15,23,0,15,3,3,1.0,0.39473684210526316
M0101/img000087.jpg,M0101,87,86,F640,34,17.438399998354726,15,19,0,15,3,3,1.0,0.4411764705882353
M0101/img000087.jpg,M0101,87,86,F1280,33,24.21909999975469,15,18,0,15,3,3,1.0,0.45454545454545453
M0101/img000087.jpg,M0101,87,86,DensK1,38,40.662700004759245,15,23,0,15,3,3,1.0,0.39473684210526316
M0101/img000087.jpg,M0101,87,86,UnifAll,39,59.29769999056589,15,24,0,15,3,3,1.0,0.38461538461538464
M0101/img000087.jpg,M0101,87,86,SAHI640,36,206.22919999004807,15,21,0,15,3,3,1.0,0.4166666666666667
M0101/img000088.jpg,M0101,88,87,F640,31,15.38500000606291,15,16,0,15,3,3,1.0,0.4838709677419355
M0101/img000088.jpg,M0101,88,87,F1280,35,27.115500008221716,15,20,0,15,3,3,1.0,0.42857142857142855
M0101/img000088.jpg,M0101,88,87,DensK1,37,34.055600001011044,15,22,0,15,3,3,1.0,0.40540540540540543
M0101/img000088.jpg,M0101,88,87,UnifAll,37,62.802299988106824,15,22,0,15,3,3,1.0,0.40540540540540543
M0101/img000088.jpg,M0101,88,87,SAHI640,37,216.96209999208804,15,22,0,15,3,3,1.0,0.40540540540540543
M0101/img000089.jpg,M0101,89,88,F640,28,24.423099996056408,15,13,0,15,3,3,1.0,0.5357142857142857
M0101/img000089.jpg,M0101,89,88,F1280,35,35.22960000555031,15,20,0,15,3,3,1.0,0.42857142857142855
M0101/img000089.jpg,M0101,89,88,DensK1,33,35.58669998892583,15,18,0,15,3,3,1.0,0.45454545454545453
M0101/img000089.jpg,M0101,89,88,UnifAll,34,63.834699991275556,15,19,0,15,3,3,1.0,0.4411764705882353
M0101/img000089.jpg,M0101,89,88,SAHI640,35,195.62470000528265,15,20,0,15,3,3,1.0,0.42857142857142855
M0101/img000090.jpg,M0101,90,89,F640,29,18.683400005102158,16,13,0,16,3,3,1.0,0.5517241379310345
M0101/img000090.jpg,M0101,90,89,F1280,31,30.33359999244567,16,15,0,16,3,3,1.0,0.5161290322580645
M0101/img000090.jpg,M0101,90,89,DensK1,36,38.69089999352582,16,20,0,16,3,3,1.0,0.4444444444444444
M0101/img000090.jpg,M0101,90,89,UnifAll,36,53.742100004456006,16,20,0,16,3,3,1.0,0.4444444444444444
M0101/img000090.jpg,M0101,90,89,SAHI640,34,189.92219999199733,16,18,0,16,3,3,1.0,0.47058823529411764
M0101/img000091.jpg,M0101,91,90,F640,29,18.431900010909885,16,13,0,16,3,3,1.0,0.5517241379310345
M0101/img000091.jpg,M0101,91,90,F1280,32,33.538900010171346,16,16,0,16,3,3,1.0,0.5
M0101/img000091.jpg,M0101,91,90,DensK1,34,43.550399990635924,16,18,0,16,3,3,1.0,0.47058823529411764
M0101/img000091.jpg,M0101,91,90,UnifAll,34,73.83249999838881,16,18,0,16,3,3,1.0,0.47058823529411764
M0101/img000091.jpg,M0101,91,90,SAHI640,34,210.62739999615587,16,18,0,16,3,3,1.0,0.47058823529411764
M0101/img000092.jpg,M0101,92,91,F640,28,19.0701999963494,16,12,0,16,3,3,1.0,0.5714285714285714
M0101/img000092.jpg,M0101,92,91,F1280,32,37.76899998774752,16,16,0,16,3,3,1.0,0.5
M0101/img000092.jpg,M0101,92,91,DensK1,33,43.43140000128187,16,17,0,16,3,3,1.0,0.48484848484848486
M0101/img000092.jpg,M0101,92,91,UnifAll,34,62.37919999693986,16,18,0,16,3,3,1.0,0.47058823529411764
M0101/img000092.jpg,M0101,92,91,SAHI640,34,244.22550000599585,16,18,0,16,3,3,1.0,0.47058823529411764
M0101/img000093.jpg,M0101,93,92,F640,29,15.203599992673844,16,13,0,16,3,3,1.0,0.5517241379310345
M0101/img000093.jpg,M0101,93,92,F1280,31,28.916600000229664,16,15,0,16,3,3,1.0,0.5161290322580645
M0101/img000093.jpg,M0101,93,92,DensK1,34,38.015700003597885,16,18,0,16,3,3,1.0,0.47058823529411764
M0101/img000093.jpg,M0101,93,92,UnifAll,35,58.89470000693109,16,19,0,16,3,3,1.0,0.45714285714285713
M0101/img000093.jpg,M0101,93,92,SAHI640,32,194.926399999531,16,16,0,16,3,3,1.0,0.5
M0101/img000094.jpg,M0101,94,93,F640,29,30.792299992754124,16,13,0,16,3,3,1.0,0.5517241379310345
M0101/img000094.jpg,M0101,94,93,F1280,30,27.897399995708838,16,14,0,16,3,3,1.0,0.5333333333333333
M0101/img000094.jpg,M0101,94,93,DensK1,31,46.561499999370426,16,15,0,16,3,3,1.0,0.5161290322580645
M0101/img000094.jpg,M0101,94,93,UnifAll,31,57.77929999749176,16,15,0,16,3,3,1.0,0.5161290322580645
M0101/img000094.jpg,M0101,94,93,SAHI640,30,206.40239999920595,16,14,0,16,3,3,1.0,0.5333333333333333
M0101/img000095.jpg,M0101,95,94,F640,28,16.47899999807123,16,12,0,16,3,3,1.0,0.5714285714285714
M0101/img000095.jpg,M0101,95,94,F1280,28,26.54690000053961,16,12,0,16,3,3,1.0,0.5714285714285714
M0101/img000095.jpg,M0101,95,94,DensK1,28,43.285300009301864,16,12,0,16,3,3,1.0,0.5714285714285714
M0101/img000095.jpg,M0101,95,94,UnifAll,29,54.528900000150315,16,13,0,16,3,3,1.0,0.5517241379310345
M0101/img000095.jpg,M0101,95,94,SAHI640,29,223.6549999943236,16,13,0,16,3,3,1.0,0.5517241379310345
M0101/img000096.jpg,M0101,96,95,F640,28,15.829700001631863,16,12,0,16,3,3,1.0,0.5714285714285714
M0101/img000096.jpg,M0101,96,95,F1280,29,30.048800006625243,16,13,0,16,3,3,1.0,0.5517241379310345
M0101/img000096.jpg,M0101,96,95,DensK1,30,33.07059999497142,16,14,0,16,3,3,1.0,0.5333333333333333
M0101/img000096.jpg,M0101,96,95,UnifAll,30,66.54050000361167,16,14,0,16,3,3,1.0,0.5333333333333333
M0101/img000096.jpg,M0101,96,95,SAHI640,32,240.13590000686236,16,16,0,16,3,3,1.0,0.5
M0101/img000097.jpg,M0101,97,96,F640,28,16.5495999972336,16,12,0,16,3,3,1.0,0.5714285714285714
M0101/img000097.jpg,M0101,97,96,F1280,31,25.543800002196804,16,15,0,16,3,3,1.0,0.5161290322580645
M0101/img000097.jpg,M0101,97,96,DensK1,32,40.929199996753596,16,16,0,16,3,3,1.0,0.5
M0101/img000097.jpg,M0101,97,96,UnifAll,33,57.429100008448586,16,17,0,16,3,3,1.0,0.48484848484848486
M0101/img000097.jpg,M0101,97,96,SAHI640,32,240.16240000491962,16,16,0,16,3,3,1.0,0.5
M0101/img000098.jpg,M0101,98,97,F640,29,15.24190000782255,16,13,0,16,3,3,1.0,0.5517241379310345
M0101/img000098.jpg,M0101,98,97,F1280,30,26.03350000572391,16,14,0,16,3,3,1.0,0.5333333333333333
M0101/img000098.jpg,M0101,98,97,DensK1,32,50.05620000883937,16,16,0,16,3,3,1.0,0.5
M0101/img000098.jpg,M0101,98,97,UnifAll,33,64.06560000323225,16,17,0,16,3,3,1.0,0.48484848484848486
M0101/img000098.jpg,M0101,98,97,SAHI640,31,208.78009998705238,16,15,0,16,3,3,1.0,0.5161290322580645
M0101/img000099.jpg,M0101,99,98,F640,30,19.74319999862928,16,14,0,16,3,3,1.0,0.5333333333333333
M0101/img000099.jpg,M0101,99,98,F1280,30,34.19720000238158,16,14,0,16,3,3,1.0,0.5333333333333333
M0101/img000099.jpg,M0101,99,98,DensK1,34,42.2270999988541,16,18,0,16,3,3,1.0,0.47058823529411764
M0101/img000099.jpg,M0101,99,98,UnifAll,35,53.43950001406483,16,19,0,16,3,3,1.0,0.45714285714285713
M0101/img000099.jpg,M0101,99,98,SAHI640,33,239.35080000956077,16,17,0,16,3,3,1.0,0.48484848484848486
M0101/img000100.jpg,M0101,100,99,F640,32,19.18600000499282,16,16,0,16,3,3,1.0,0.5
M0101/img000100.jpg,M0101,100,99,F1280,29,28.804600005969405,16,13,0,16,3,3,1.0,0.5517241379310345
M0101/img000100.jpg,M0101,100,99,DensK1,34,40.678199991816655,16,18,0,16,3,3,1.0,0.47058823529411764
M0101/img000100.jpg,M0101,100,99,UnifAll,35,46.377000006032176,16,19,0,16,3,3,1.0,0.45714285714285713
M0101/img000100.jpg,M0101,100,99,SAHI640,36,233.75620000297204,16,20,0,16,3,3,1.0,0.4444444444444444
M0101/img000101.jpg,M0101,101,100,F640,30,33.93819999473635,16,14,0,16,3,3,1.0,0.5333333333333333
M0101/img000101.jpg,M0101,101,100,F1280,30,27.34000000054948,16,14,0,16,3,3,1.0,0.5333333333333333
M0101/img000101.jpg,M0101,101,100,DensK1,31,44.14459998952225,16,15,0,16,3,3,1.0,0.5161290322580645
M0101/img000101.jpg,M0101,101,100,UnifAll,32,61.29569999757223,16,16,0,16,3,3,1.0,0.5
M0101/img000101.jpg,M0101,101,100,SAHI640,31,218.22389999579173,16,15,0,16,3,3,1.0,0.5161290322580645
M0101/img000102.jpg,M0101,102,101,F640,29,21.47269999841228,16,13,0,16,3,3,1.0,0.5517241379310345
M0101/img000102.jpg,M0101,102,101,F1280,31,35.27909998956602,16,15,0,16,3,3,1.0,0.5161290322580645
M0101/img000102.jpg,M0101,102,101,DensK1,34,54.46470000606496,16,18,0,16,3,3,1.0,0.47058823529411764
M0101/img000102.jpg,M0101,102,101,UnifAll,35,63.23910001083277,16,19,0,16,3,3,1.0,0.45714285714285713
M0101/img000102.jpg,M0101,102,101,SAHI640,33,214.82639999885578,16,17,0,16,3,3,1.0,0.48484848484848486
M0101/img000103.jpg,M0101,103,102,F640,29,17.293299999437295,16,13,0,16,3,3,1.0,0.5517241379310345
M0101/img000103.jpg,M0101,103,102,F1280,31,35.935399995651096,16,15,0,16,3,3,1.0,0.5161290322580645
M0101/img000103.jpg,M0101,103,102,DensK1,34,39.554999995743856,16,18,0,16,3,3,1.0,0.47058823529411764
M0101/img000103.jpg,M0101,103,102,UnifAll,36,56.93179999070708,16,20,0,16,3,3,1.0,0.4444444444444444
M0101/img000103.jpg,M0101,103,102,SAHI640,35,205.84209999651648,16,19,0,16,3,3,1.0,0.45714285714285713
M0101/img000104.jpg,M0101,104,103,F640,29,19.00770000065677,16,13,0,16,3,3,1.0,0.5517241379310345
M0101/img000104.jpg,M0101,104,103,F1280,31,30.12180000951048,16,15,0,16,3,3,1.0,0.5161290322580645
M0101/img000104.jpg,M0101,104,103,DensK1,35,39.18970000813715,16,19,0,16,3,3,1.0,0.45714285714285713
M0101/img000104.jpg,M0101,104,103,UnifAll,35,64.5688000076916,16,19,0,16,3,3,1.0,0.45714285714285713
M0101/img000104.jpg,M0101,104,103,SAHI640,34,202.95930000429507,16,18,0,16,3,3,1.0,0.47058823529411764
M0101/img000105.jpg,M0101,105,104,F640,30,17.420500007574446,16,14,0,16,3,3,1.0,0.5333333333333333
M0101/img000105.jpg,M0101,105,104,F1280,29,36.43010000814684,16,13,0,16,3,3,1.0,0.5517241379310345
M0101/img000105.jpg,M0101,105,104,DensK1,33,42.07359999418259,16,17,0,16,3,3,1.0,0.48484848484848486
M0101/img000105.jpg,M0101,105,104,UnifAll,33,57.62059999688063,16,17,0,16,3,3,1.0,0.48484848484848486
M0101/img000105.jpg,M0101,105,104,SAHI640,32,220.29870000551455,16,16,0,16,3,3,1.0,0.5
M0101/img000106.jpg,M0101,106,105,F640,30,22.837900003651157,16,14,0,16,3,3,1.0,0.5333333333333333
M0101/img000106.jpg,M0101,106,105,F1280,29,32.03930000017863,16,13,0,16,3,3,1.0,0.5517241379310345
M0101/img000106.jpg,M0101,106,105,DensK1,33,40.50430000643246,16,17,0,16,3,3,1.0,0.48484848484848486
M0101/img000106.jpg,M0101,106,105,UnifAll,34,53.99129999568686,16,18,0,16,3,3,1.0,0.47058823529411764
M0101/img000106.jpg,M0101,106,105,SAHI640,33,207.85399999294896,16,17,0,16,3,3,1.0,0.48484848484848486
M0101/img000107.jpg,M0101,107,106,F640,29,20.63229998748284,16,13,0,16,3,3,1.0,0.5517241379310345
M0101/img000107.jpg,M0101,107,106,F1280,27,37.65019999991637,16,11,0,16,3,3,1.0,0.5925925925925926
M0101/img000107.jpg,M0101,107,106,DensK1,34,41.06580000370741,16,18,0,16,3,3,1.0,0.47058823529411764
M0101/img000107.jpg,M0101,107,106,UnifAll,34,55.777999994461425,16,18,0,16,3,3,1.0,0.47058823529411764
M0101/img000107.jpg,M0101,107,106,SAHI640,33,209.74749999004416,16,17,0,16,3,3,1.0,0.48484848484848486
M0101/img000108.jpg,M0101,108,107,F640,30,21.043799992185086,16,14,0,16,3,3,1.0,0.5333333333333333
M0101/img000108.jpg,M0101,108,107,F1280,31,36.586000001989305,16,15,0,16,3,3,1.0,0.5161290322580645
M0101/img000108.jpg,M0101,108,107,DensK1,33,40.63859999587294,16,17,0,16,3,3,1.0,0.48484848484848486
M0101/img000108.jpg,M0101,108,107,UnifAll,34,58.91200000769459,16,18,0,16,3,3,1.0,0.47058823529411764
M0101/img000108.jpg,M0101,108,107,SAHI640,33,208.43989998684265,16,17,0,16,3,3,1.0,0.48484848484848486
M0101/img000109.jpg,M0101,109,108,F640,28,24.012099995161407,16,12,0,16,3,3,1.0,0.5714285714285714
M0101/img000109.jpg,M0101,109,108,F1280,30,39.39939998963382,16,14,0,16,3,3,1.0,0.5333333333333333
M0101/img000109.jpg,M0101,109,108,DensK1,31,42.36569999193307,16,15,0,16,3,3,1.0,0.5161290322580645
M0101/img000109.jpg,M0101,109,108,UnifAll,31,56.73499999102205,16,15,0,16,3,3,1.0,0.5161290322580645
M0101/img000109.jpg,M0101,109,108,SAHI640,31,211.91099999123253,16,15,0,16,3,3,1.0,0.5161290322580645
M0101/img000110.jpg,M0101,110,109,F640,28,21.517799992579967,17,11,0,17,4,4,1.0,0.6071428571428571
M0101/img000110.jpg,M0101,110,109,F1280,29,29.019800000241958,17,12,0,17,4,4,1.0,0.5862068965517241
M0101/img000110.jpg,M0101,110,109,DensK1,33,37.461500003701076,17,16,0,17,4,4,1.0,0.5151515151515151
M0101/img000110.jpg,M0101,110,109,UnifAll,35,61.391099996399134,17,18,0,17,4,4,1.0,0.4857142857142857
M0101/img000110.jpg,M0101,110,109,SAHI640,32,209.732500006794,17,15,0,17,4,4,1.0,0.53125
M0101/img000111.jpg,M0101,111,110,F640,27,21.593099998426624,17,10,0,17,4,4,1.0,0.6296296296296297
M0101/img000111.jpg,M0101,111,110,F1280,29,32.3558999953093,17,12,0,17,4,4,1.0,0.5862068965517241
M0101/img000111.jpg,M0101,111,110,DensK1,31,40.0690999958897,17,14,0,17,4,4,1.0,0.5483870967741935
M0101/img000111.jpg,M0101,111,110,UnifAll,32,53.861499996855855,17,15,0,17,4,4,1.0,0.53125
M0101/img000111.jpg,M0101,111,110,SAHI640,32,224.57130000111647,17,15,0,17,4,4,1.0,0.53125
M0101/img000112.jpg,M0101,112,111,F640,29,16.521199999260716,17,12,0,17,4,4,1.0,0.5862068965517241
M0101/img000112.jpg,M0101,112,111,F1280,28,48.27020000084303,17,11,0,17,4,4,1.0,0.6071428571428571
M0101/img000112.jpg,M0101,112,111,DensK1,33,38.64810000231955,17,16,0,17,4,4,1.0,0.5151515151515151
M0101/img000112.jpg,M0101,112,111,UnifAll,33,59.47939999168739,17,16,0,17,4,4,1.0,0.5151515151515151
M0101/img000112.jpg,M0101,112,111,SAHI640,33,212.85699999134522,17,16,0,17,4,4,1.0,0.5151515151515151
M0101/img000113.jpg,M0101,113,112,F640,28,21.565800008829683,17,11,0,17,4,4,1.0,0.6071428571428571
M0101/img000113.jpg,M0101,113,112,F1280,29,46.747500004130416,17,12,0,17,4,4,1.0,0.5862068965517241
M0101/img000113.jpg,M0101,113,112,DensK1,36,37.79610000492539,17,19,0,17,4,4,1.0,0.4722222222222222
M0101/img000113.jpg,M0101,113,112,UnifAll,38,54.318700000294484,17,21,0,17,4,4,1.0,0.4473684210526316
M0101/img000113.jpg,M0101,113,112,SAHI640,31,218.500100003439,17,14,0,17,4,4,1.0,0.5483870967741935
M0101/img000114.jpg,M0101,114,113,F640,25,18.708599993260577,17,8,0,17,3,3,1.0,0.68
M0101/img000114.jpg,M0101,114,113,F1280,28,41.40390000247862,17,11,0,17,3,3,1.0,0.6071428571428571
M0101/img000114.jpg,M0101,114,113,DensK1,31,40.20130001299549,17,14,0,17,3,3,1.0,0.5483870967741935
M0101/img000114.jpg,M0101,114,113,UnifAll,31,56.225499996799044,17,14,0,17,3,3,1.0,0.5483870967741935
M0101/img000114.jpg,M0101,114,113,SAHI640,30,246.3572000124259,17,13,0,17,3,3,1.0,0.5666666666666667
M0101/img000115.jpg,M0101,115,114,F640,27,17.663300008280203,17,10,0,17,3,3,1.0,0.6296296296296297
M0101/img000115.jpg,M0101,115,114,F1280,28,32.38819999387488,16,12,0,17,3,2,0.6666666666666666,0.5714285714285714
M0101/img000115.jpg,M0101,115,114,DensK1,36,47.22100000071805,17,19,0,17,3,3,1.0,0.4722222222222222
M0101/img000115.jpg,M0101,115,114,UnifAll,37,62.029799999436364,17,20,0,17,3,3,1.0,0.4594594594594595
M0101/img000115.jpg,M0101,115,114,SAHI640,30,196.3883000134956,17,13,0,17,3,3,1.0,0.5666666666666667
M0101/img000116.jpg,M0101,116,115,F640,27,16.52819999435451,17,10,0,17,3,3,1.0,0.6296296296296297
M0101/img000116.jpg,M0101,116,115,F1280,30,34.047799999825656,17,13,0,17,3,3,1.0,0.5666666666666667
M0101/img000116.jpg,M0101,116,115,DensK1,31,41.897399991285056,17,14,0,17,3,3,1.0,0.5483870967741935
M0101/img000116.jpg,M0101,116,115,UnifAll,31,58.41640000289772,17,14,0,17,3,3,1.0,0.5483870967741935
M0101/img000116.jpg,M0101,116,115,SAHI640,31,190.7370999979321,17,14,0,17,3,3,1.0,0.5483870967741935
M0101/img000117.jpg,M0101,117,116,F640,26,23.497100002714433,17,9,0,17,3,3,1.0,0.6538461538461539
M0101/img000117.jpg,M0101,117,116,F1280,29,27.07419999933336,17,12,0,17,3,3,1.0,0.5862068965517241
M0101/img000117.jpg,M0101,117,116,DensK1,32,39.55539999878965,17,15,0,17,3,3,1.0,0.53125
M0101/img000117.jpg,M0101,117,116,UnifAll,32,52.322100003948435,17,15,0,17,3,3,1.0,0.53125
M0101/img000117.jpg,M0101,117,116,SAHI640,31,200.6515999964904,17,14,0,17,3,3,1.0,0.5483870967741935
M0101/img000118.jpg,M0101,118,117,F640,27,15.711200001533143,17,10,0,17,3,3,1.0,0.6296296296296297
M0101/img000118.jpg,M0101,118,117,F1280,26,27.743400001781993,17,9,0,17,3,3,1.0,0.6538461538461539
M0101/img000118.jpg,M0101,118,117,DensK1,33,40.64690000086557,17,16,0,17,3,3,1.0,0.5151515151515151
M0101/img000118.jpg,M0101,118,117,UnifAll,35,59.72160000237636,17,18,0,17,3,3,1.0,0.4857142857142857
M0101/img000118.jpg,M0101,118,117,SAHI640,34,258.32349999109283,17,17,0,17,3,3,1.0,0.5
M0101/img000119.jpg,M0101,119,118,F640,25,19.32370000577066,17,8,0,17,3,3,1.0,0.68
M0101/img000119.jpg,M0101,119,118,F1280,27,26.013000009697862,17,10,0,17,3,3,1.0,0.6296296296296297
M0101/img000119.jpg,M0101,119,118,DensK1,30,43.31209999509156,17,13,0,17,3,3,1.0,0.5666666666666667
M0101/img000119.jpg,M0101,119,118,UnifAll,30,51.62769999878947,17,13,0,17,3,3,1.0,0.5666666666666667
M0101/img000119.jpg,M0101,119,118,SAHI640,34,224.40350000397302,17,17,0,17,3,3,1.0,0.5
M0101/img000120.jpg,M0101,120,119,F640,26,17.525600007502362,16,10,0,17,3,2,0.6666666666666666,0.6153846153846154
M0101/img000120.jpg,M0101,120,119,F1280,28,27.92230001068674,17,11,0,17,3,3,1.0,0.6071428571428571
M0101/img000120.jpg,M0101,120,119,DensK1,31,34.244199996464886,17,14,0,17,3,3,1.0,0.5483870967741935
M0101/img000120.jpg,M0101,120,119,UnifAll,31,61.44689999928232,17,14,0,17,3,3,1.0,0.5483870967741935
M0101/img000120.jpg,M0101,120,119,SAHI640,30,225.9228000039002,17,13,0,17,3,3,1.0,0.5666666666666667
M0101/img000121.jpg,M0101,121,120,F640,26,17.669900000328198,16,10,0,17,3,2,0.6666666666666666,0.6153846153846154
M0101/img000121.jpg,M0101,121,120,F1280,26,29.082699998980388,17,9,0,17,3,3,1.0,0.6538461538461539
M0101/img000121.jpg,M0101,121,120,DensK1,32,35.448700000415556,17,15,0,17,3,3,1.0,0.53125
M0101/img000121.jpg,M0101,121,120,UnifAll,32,57.148400010191835,17,15,0,17,3,3,1.0,0.53125
M0101/img000121.jpg,M0101,121,120,SAHI640,31,222.7015999960713,17,14,0,17,3,3,1.0,0.5483870967741935
M0101/img000122.jpg,M0101,122,121,F640,27,20.580600001267157,16,11,0,17,3,2,0.6666666666666666,0.5925925925925926
M0101/img000122.jpg,M0101,122,121,F1280,25,30.34019999904558,17,8,0,17,3,3,1.0,0.68
M0101/img000122.jpg,M0101,122,121,DensK1,31,45.24219999439083,16,15,0,17,3,2,0.6666666666666666,0.5161290322580645
M0101/img000122.jpg,M0101,122,121,UnifAll,31,61.76489999052137,16,15,0,17,3,2,0.6666666666666666,0.5161290322580645
M0101/img000122.jpg,M0101,122,121,SAHI640,30,197.3025999905076,17,13,0,17,3,3,1.0,0.5666666666666667
M0101/img000123.jpg,M0101,123,122,F640,24,15.74879999679979,15,9,0,16,3,2,0.6666666666666666,0.625
M0101/img000123.jpg,M0101,123,122,F1280,26,34.81740001006983,16,10,0,16,3,3,1.0,0.6153846153846154
M0101/img000123.jpg,M0101,123,122,DensK1,31,38.15349999058526,16,15,0,16,3,3,1.0,0.5161290322580645
M0101/img000123.jpg,M0101,123,122,UnifAll,31,67.59690000035334,16,15,0,16,3,3,1.0,0.5161290322580645
M0101/img000123.jpg,M0101,123,122,SAHI640,32,233.74710000643972,16,16,0,16,3,3,1.0,0.5
M0101/img000124.jpg,M0101,124,123,F640,25,22.391099992091767,16,9,0,16,3,3,1.0,0.64
M0101/img000124.jpg,M0101,124,123,F1280,26,35.44639999745414,16,10,0,16,3,3,1.0,0.6153846153846154
M0101/img000124.jpg,M0101,124,123,DensK1,34,38.7648000032641,16,18,0,16,3,3,1.0,0.47058823529411764
M0101/img000124.jpg,M0101,124,123,UnifAll,34,54.5939999865368,16,18,0,16,3,3,1.0,0.47058823529411764
M0101/img000124.jpg,M0101,124,123,SAHI640,30,198.80910000938457,16,14,0,16,3,3,1.0,0.5333333333333333
M0101/img000125.jpg,M0101,125,124,F640,26,20.307200000388548,16,10,0,16,3,3,1.0,0.6153846153846154
M0101/img000125.jpg,M0101,125,124,F1280,25,37.61569999915082,16,9,0,16,3,3,1.0,0.64
M0101/img000125.jpg,M0101,125,124,DensK1,34,35.211000009439886,16,18,0,16,3,3,1.0,0.47058823529411764
M0101/img000125.jpg,M0101,125,124,UnifAll,33,50.42919999687001,16,17,0,16,3,3,1.0,0.48484848484848486
M0101/img000125.jpg,M0101,125,124,SAHI640,29,422.3420000053011,16,13,0,16,3,3,1.0,0.5517241379310345
M0101/img000126.jpg,M0101,126,125,F640,25,15.300200000638142,16,9,0,16,3,3,1.0,0.64
M0101/img000126.jpg,M0101,126,125,F1280,28,27.74150000186637,16,12,0,16,3,3,1.0,0.5714285714285714
M0101/img000126.jpg,M0101,126,125,DensK1,29,40.73439999774564,16,13,0,16,3,3,1.0,0.5517241379310345
M0101/img000126.jpg,M0101,126,125,UnifAll,28,62.356399997952394,16,12,0,16,3,3,1.0,0.5714285714285714
M0101/img000126.jpg,M0101,126,125,SAHI640,29,212.70499999809545,16,13,0,16,3,3,1.0,0.5517241379310345
M0101/img000127.jpg,M0101,127,126,F640,26,20.015499991131946,16,10,0,16,3,3,1.0,0.6153846153846154
M0101/img000127.jpg,M0101,127,126,F1280,26,25.80339999985881,16,10,0,16,3,3,1.0,0.6153846153846154
M0101/img000127.jpg,M0101,127,126,DensK1,30,36.72869999718387,16,14,0,16,3,3,1.0,0.5333333333333333
M0101/img000127.jpg,M0101,127,126,UnifAll,30,58.923299991874956,16,14,0,16,3,3,1.0,0.5333333333333333
M0101/img000127.jpg,M0101,127,126,SAHI640,28,206.7854999913834,16,12,0,16,3,3,1.0,0.5714285714285714
M0101/img000128.jpg,M0101,128,127,F640,26,19.985799997812137,16,10,0,16,3,3,1.0,0.6153846153846154
M0101/img000128.jpg,M0101,128,127,F1280,26,25.37050000682939,16,10,0,16,3,3,1.0,0.6153846153846154
M0101/img000128.jpg,M0101,128,127,DensK1,28,49.25379999622237,15,13,0,16,3,3,1.0,0.5357142857142857
M0101/img000128.jpg,M0101,128,127,UnifAll,30,52.03530000289902,16,14,0,16,3,3,1.0,0.5333333333333333
M0101/img000128.jpg,M0101,128,127,SAHI640,31,197.5081999989925,16,15,0,16,3,3,1.0,0.5161290322580645
M0101/img000129.jpg,M0101,129,128,F640,26,26.064000005135313,16,10,0,16,3,3,1.0,0.6153846153846154
M0101/img000129.jpg,M0101,129,128,F1280,23,27.70399999280926,16,7,0,16,3,3,1.0,0.6956521739130435
M0101/img000129.jpg,M0101,129,128,DensK1,28,39.36700000485871,15,13,0,16,3,3,1.0,0.5357142857142857
M0101/img000129.jpg,M0101,129,128,UnifAll,29,61.35119999817107,16,13,0,16,3,3,1.0,0.5517241379310345
M0101/img000129.jpg,M0101,129,128,SAHI640,28,222.8542000084417,16,12,0,16,3,3,1.0,0.5714285714285714
M0101/img000130.jpg,M0101,130,129,F640,26,15.720299998065457,16,10,0,16,3,3,1.0,0.6153846153846154
M0101/img000130.jpg,M0101,130,129,F1280,25,28.9786999928765,15,10,0,16,3,2,0.6666666666666666,0.6
M0101/img000130.jpg,M0101,130,129,DensK1,29,34.95519999705721,16,13,0,16,3,3,1.0,0.5517241379310345
M0101/img000130.jpg,M0101,130,129,UnifAll,29,60.55280000146013,16,13,0,16,3,3,1.0,0.5517241379310345
M0101/img000130.jpg,M0101,130,129,SAHI640,27,212.33290000236593,16,11,0,16,3,3,1.0,0.5925925925925926
M0101/img000131.jpg,M0101,131,130,F640,25,17.65470000100322,16,9,0,16,3,3,1.0,0.64
M0101/img000131.jpg,M0101,131,130,F1280,22,24.906100006774068,16,6,0,16,3,3,1.0,0.7272727272727273
M0101/img000131.jpg,M0101,131,130,DensK1,30,33.55919999012258,16,14,0,16,3,3,1.0,0.5333333333333333
M0101/img000131.jpg,M0101,131,130,UnifAll,33,48.77540000597946,16,17,0,16,3,3,1.0,0.48484848484848486
M0101/img000131.jpg,M0101,131,130,SAHI640,31,206.52750000590459,16,15,0,16,3,3,1.0,0.5161290322580645
M0101/img000132.jpg,M0101,132,131,F640,24,19.76930000819266,16,8,0,16,3,3,1.0,0.6666666666666666
M0101/img000132.jpg,M0101,132,131,F1280,26,36.59469999547582,16,10,0,16,3,3,1.0,0.6153846153846154
M0101/img000132.jpg,M0101,132,131,DensK1,30,45.22970000107307,16,14,0,16,3,3,1.0,0.5333333333333333
M0101/img000132.jpg,M0101,132,131,UnifAll,32,57.96429999463726,16,16,0,16,3,3,1.0,0.5
M0101/img000132.jpg,M0101,132,131,SAHI640,30,235.19230000965763,16,14,0,16,3,3,1.0,0.5333333333333333
M0101/img000133.jpg,M0101,133,132,F640,25,18.797600001562387,16,9,0,16,3,3,1.0,0.64
M0101/img000133.jpg,M0101,133,132,F1280,23,40.2365999907488,16,7,0,16,3,3,1.0,0.6956521739130435
M0101/img000133.jpg,M0101,133,132,DensK1,29,35.2817000093637,16,13,0,16,3,3,1.0,0.5517241379310345
M0101/img000133.jpg,M0101,133,132,UnifAll,29,56.3378999941051,16,13,0,16,3,3,1.0,0.5517241379310345
M0101/img000133.jpg,M0101,133,132,SAHI640,29,189.96260000858456,16,13,0,16,3,3,1.0,0.5517241379310345
M0101/img000134.jpg,M0101,134,133,F640,27,18.35399999981746,16,11,0,16,3,3,1.0,0.5925925925925926
M0101/img000134.jpg,M0101,134,133,F1280,26,35.41450000193436,16,10,0,16,3,3,1.0,0.6153846153846154
M0101/img000134.jpg,M0101,134,133,DensK1,29,39.18659999908414,16,13,0,16,3,3,1.0,0.5517241379310345
M0101/img000134.jpg,M0101,134,133,UnifAll,31,66.70080000185408,16,15,0,16,3,3,1.0,0.5161290322580645
M0101/img000134.jpg,M0101,134,133,SAHI640,29,178.39180000009947,16,13,0,16,3,3,1.0,0.5517241379310345
M0101/img000135.jpg,M0101,135,134,F640,25,22.09220000077039,16,9,0,16,3,3,1.0,0.64
M0101/img000135.jpg,M0101,135,134,F1280,24,29.637899991939776,16,8,0,16,3,3,1.0,0.6666666666666666
M0101/img000135.jpg,M0101,135,134,DensK1,29,43.608400010271,16,13,0,16,3,3,1.0,0.5517241379310345
M0101/img000135.jpg,M0101,135,134,UnifAll,32,55.814199993619695,16,16,0,16,3,3,1.0,0.5
M0101/img000135.jpg,M0101,135,134,SAHI640,26,207.43860000220593,16,10,0,16,3,3,1.0,0.6153846153846154
M0101/img000136.jpg,M0101,136,135,F640,28,15.92210000671912,16,12,0,16,3,3,1.0,0.5714285714285714
M0101/img000136.jpg,M0101,136,135,F1280,23,45.92749998846557,15,8,0,16,3,2,0.6666666666666666,0.6521739130434783
M0101/img000136.jpg,M0101,136,135,DensK1,31,38.74069999437779,16,15,0,16,3,3,1.0,0.5161290322580645
M0101/img000136.jpg,M0101,136,135,UnifAll,31,53.61000000266358,16,15,0,16,3,3,1.0,0.5161290322580645
M0101/img000136.jpg,M0101,136,135,SAHI640,26,215.1692999905208,16,10,0,16,3,3,1.0,0.6153846153846154
M0101/img000137.jpg,M0101,137,136,F640,28,20.473099997616373,16,12,0,16,3,3,1.0,0.5714285714285714
M0101/img000137.jpg,M0101,137,136,F1280,23,29.720499995164573,16,7,0,16,3,3,1.0,0.6956521739130435
M0101/img000137.jpg,M0101,137,136,DensK1,32,38.36440001032315,16,16,0,16,3,3,1.0,0.5
M0101/img000137.jpg,M0101,137,136,UnifAll,32,56.4167999982601,16,16,0,16,3,3,1.0,0.5
M0101/img000137.jpg,M0101,137,136,SAHI640,28,181.13960001210216,16,12,0,16,3,3,1.0,0.5714285714285714
M0101/img000138.jpg,M0101,138,137,F640,26,16.569799990975298,16,10,0,16,3,3,1.0,0.6153846153846154
M0101/img000138.jpg,M0101,138,137,F1280,24,27.30889999656938,16,8,0,16,3,3,1.0,0.6666666666666666
M0101/img000138.jpg,M0101,138,137,DensK1,29,33.76130000106059,16,13,0,16,3,3,1.0,0.5517241379310345
M0101/img000138.jpg,M0101,138,137,UnifAll,30,60.390900005586445,16,14,0,16,3,3,1.0,0.5333333333333333
M0101/img000138.jpg,M0101,138,137,SAHI640,30,222.82120000454597,16,14,0,16,3,3,1.0,0.5333333333333333
M0101/img000139.jpg,M0101,139,138,F640,26,17.440399999031797,16,10,0,16,3,3,1.0,0.6153846153846154
M0101/img000139.jpg,M0101,139,138,F1280,23,27.9348000040045,16,7,0,16,3,3,1.0,0.6956521739130435
M0101/img000139.jpg,M0101,139,138,DensK1,28,38.788599995314144,16,12,0,16,3,3,1.0,0.5714285714285714
M0101/img000139.jpg,M0101,139,138,UnifAll,31,50.12870000791736,16,15,0,16,3,3,1.0,0.5161290322580645
M0101/img000139.jpg,M0101,139,138,SAHI640,26,217.44670000043698,16,10,0,16,3,3,1.0,0.6153846153846154
M0101/img000140.jpg,M0101,140,139,F640,27,18.181200008257292,16,11,0,16,3,3,1.0,0.5925925925925926
M0101/img000140.jpg,M0101,140,139,F1280,24,24.752500001341105,16,8,0,16,3,3,1.0,0.6666666666666666
M0101/img000140.jpg,M0101,140,139,DensK1,28,35.52220000710804,16,12,0,16,3,3,1.0,0.5714285714285714
M0101/img000140.jpg,M0101,140,139,UnifAll,29,50.863299999036826,16,13,0,16,3,3,1.0,0.5517241379310345
M0101/img000140.jpg,M0101,140,139,SAHI640,30,219.97299999929965,16,14,0,16,3,3,1.0,0.5333333333333333
M0101/img000141.jpg,M0101,141,140,F640,27,18.516799987992272,16,11,0,16,3,3,1.0,0.5925925925925926
M0101/img000141.jpg,M0101,141,140,F1280,24,33.050800004275516,16,8,0,16,3,3,1.0,0.6666666666666666
M0101/img000141.jpg,M0101,141,140,DensK1,29,42.0118000038201,16,13,0,16,3,3,1.0,0.5517241379310345
M0101/img000141.jpg,M0101,141,140,UnifAll,29,61.18070000957232,16,13,0,16,3,3,1.0,0.5517241379310345
M0101/img000141.jpg,M0101,141,140,SAHI640,32,240.25709999841638,16,16,0,16,3,3,1.0,0.5
M0101/img000142.jpg,M0101,142,141,F640,26,20.23130000452511,16,10,0,16,3,3,1.0,0.6153846153846154
M0101/img000142.jpg,M0101,142,141,F1280,25,34.97320000315085,16,9,0,16,3,3,1.0,0.64
M0101/img000142.jpg,M0101,142,141,DensK1,27,43.36159999365918,16,11,0,16,3,3,1.0,0.5925925925925926
M0101/img000142.jpg,M0101,142,141,UnifAll,29,54.87120000179857,16,13,0,16,3,3,1.0,0.5517241379310345
M0101/img000142.jpg,M0101,142,141,SAHI640,29,214.00160000484902,15,14,0,16,3,3,1.0,0.5172413793103449
M0101/img000143.jpg,M0101,143,142,F640,26,20.3070999996271,15,11,0,16,3,3,1.0,0.5769230769230769
M0101/img000143.jpg,M0101,143,142,F1280,27,30.87450000748504,16,11,0,16,3,3,1.0,0.5925925925925926
M0101/img000143.jpg,M0101,143,142,DensK1,28,34.53550000267569,16,12,0,16,3,3,1.0,0.5714285714285714
M0101/img000143.jpg,M0101,143,142,UnifAll,30,58.40439999883529,16,14,0,16,3,3,1.0,0.5333333333333333
M0101/img000143.jpg,M0101,143,142,SAHI640,32,240.26449999655597,16,16,0,16,3,3,1.0,0.5
M0101/img000144.jpg,M0101,144,143,F640,25,29.084400011925027,15,10,0,16,3,3,1.0,0.6
M0101/img000144.jpg,M0101,144,143,F1280,27,37.537299998803064,16,11,0,16,3,3,1.0,0.5925925925925926
M0101/img000144.jpg,M0101,144,143,DensK1,27,35.17670001019724,16,11,0,16,3,3,1.0,0.5925925925925926
M0101/img000144.jpg,M0101,144,143,UnifAll,28,56.59919999015983,16,12,0,16,3,3,1.0,0.5714285714285714
M0101/img000144.jpg,M0101,144,143,SAHI640,32,224.17840000707656,16,16,0,16,3,3,1.0,0.5
M0101/img000145.jpg,M0101,145,144,F640,25,20.693099999334663,16,9,0,16,3,3,1.0,0.64
M0101/img000145.jpg,M0101,145,144,F1280,25,38.06099999928847,16,9,0,16,3,3,1.0,0.64
M0101/img000145.jpg,M0101,145,144,DensK1,28,38.23210000700783,16,12,0,16,3,3,1.0,0.5714285714285714
M0101/img000145.jpg,M0101,145,144,UnifAll,28,59.52629999956116,16,12,0,16,3,3,1.0,0.5714285714285714
M0101/img000145.jpg,M0101,145,144,SAHI640,27,222.5083000084851,16,11,0,16,3,3,1.0,0.5925925925925926
M0101/img000146.jpg,M0101,146,145,F640,26,20.52920000278391,16,10,0,16,3,3,1.0,0.6153846153846154
M0101/img000146.jpg,M0101,146,145,F1280,26,33.378399995854124,16,10,0,16,3,3,1.0,0.6153846153846154
M0101/img000146.jpg,M0101,146,145,DensK1,28,33.147900001495145,16,12,0,16,3,3,1.0,0.5714285714285714
M0101/img000146.jpg,M0101,146,145,UnifAll,28,60.72330000461079,16,12,0,16,3,3,1.0,0.5714285714285714
M0101/img000146.jpg,M0101,146,145,SAHI640,28,271.0435999906622,16,12,0,16,3,3,1.0,0.5714285714285714
M0101/img000147.jpg,M0101,147,146,F640,25,20.856799994362518,16,9,0,16,3,3,1.0,0.64
M0101/img000147.jpg,M0101,147,146,F1280,25,30.76939999300521,16,9,0,16,3,3,1.0,0.64
M0101/img000147.jpg,M0101,147,146,DensK1,29,45.54620000999421,16,13,0,16,3,3,1.0,0.5517241379310345
M0101/img000147.jpg,M0101,147,146,UnifAll,29,53.379799996037036,16,13,0,16,3,3,1.0,0.5517241379310345
M0101/img000147.jpg,M0101,147,146,SAHI640,27,236.79830000037327,16,11,0,16,3,3,1.0,0.5925925925925926
M0101/img000148.jpg,M0101,148,147,F640,26,21.323799999663606,16,10,0,16,3,3,1.0,0.6153846153846154
M0101/img000148.jpg,M0101,148,147,F1280,26,28.870900001493283,16,10,0,16,3,3,1.0,0.6153846153846154
M0101/img000148.jpg,M0101,148,147,DensK1,30,41.717600004631095,16,14,0,16,3,3,1.0,0.5333333333333333
M0101/img000148.jpg,M0101,148,147,UnifAll,30,62.271899994811974,16,14,0,16,3,3,1.0,0.5333333333333333
M0101/img000148.jpg,M0101,148,147,SAHI640,31,218.59129999938887,16,15,0,16,3,3,1.0,0.5161290322580645
M0101/img000149.jpg,M0101,149,148,F640,28,20.574599999235943,16,12,0,16,3,3,1.0,0.5714285714285714
M0101/img000149.jpg,M0101,149,148,F1280,24,32.60510000109207,16,8,0,16,3,3,1.0,0.6666666666666666
M0101/img000149.jpg,M0101,149,148,DensK1,30,56.11829999543261,16,14,0,16,3,3,1.0,0.5333333333333333
M0101/img000149.jpg,M0101,149,148,UnifAll,31,70.30669999949168,16,15,0,16,3,3,1.0,0.5161290322580645
M0101/img000149.jpg,M0101,149,148,SAHI640,31,242.46550000680145,16,15,0,16,3,3,1.0,0.5161290322580645
M0101/img000150.jpg,M0101,150,149,F640,25,17.646000007516704,16,9,0,16,3,3,1.0,0.64
M0101/img000150.jpg,M0101,150,149,F1280,24,26.200399996014312,16,8,0,16,3,3,1.0,0.6666666666666666
M0101/img000150.jpg,M0101,150,149,DensK1,27,35.31450001173653,16,11,0,16,3,3,1.0,0.5925925925925926
M0101/img000150.jpg,M0101,150,149,UnifAll,27,58.404900002642535,16,11,0,16,3,3,1.0,0.5925925925925926
M0101/img000150.jpg,M0101,150,149,SAHI640,27,230.69749999558553,16,11,0,16,3,3,1.0,0.5925925925925926
M0101/img000151.jpg,M0101,151,150,F640,28,18.26870000513736,16,12,0,16,3,3,1.0,0.5714285714285714
M0101/img000151.jpg,M0101,151,150,F1280,26,25.53539999644272,16,10,0,16,3,3,1.0,0.6153846153846154
M0101/img000151.jpg,M0101,151,150,DensK1,30,32.913999995798804,16,14,0,16,3,3,1.0,0.5333333333333333
M0101/img000151.jpg,M0101,151,150,UnifAll,30,49.74139999831095,16,14,0,16,3,3,1.0,0.5333333333333333
M0101/img000151.jpg,M0101,151,150,SAHI640,32,235.90070000500418,16,16,0,16,3,3,1.0,0.5
M0101/img000152.jpg,M0101,152,151,F640,28,18.74820000375621,16,12,0,16,3,3,1.0,0.5714285714285714
M0101/img000152.jpg,M0101,152,151,F1280,25,25.28109999548178,16,9,0,16,3,3,1.0,0.64
M0101/img000152.jpg,M0101,152,151,DensK1,34,44.60330000438262,16,18,0,16,3,3,1.0,0.47058823529411764
M0101/img000152.jpg,M0101,152,151,UnifAll,35,61.906499991891906,16,19,0,16,3,3,1.0,0.45714285714285713
M0101/img000152.jpg,M0101,152,151,SAHI640,32,236.72839999198914,16,16,0,16,3,3,1.0,0.5
M0101/img000153.jpg,M0101,153,152,F640,28,17.559700005222112,16,12,0,16,3,3,1.0,0.5714285714285714
M0101/img000153.jpg,M0101,153,152,F1280,26,37.420799999381416,16,10,0,16,3,3,1.0,0.6153846153846154
M0101/img000153.jpg,M0101,153,152,DensK1,33,41.26919999544043,16,17,0,16,3,3,1.0,0.48484848484848486
M0101/img000153.jpg,M0101,153,152,UnifAll,33,49.08399999840185,16,17,0,16,3,3,1.0,0.48484848484848486
M0101/img000153.jpg,M0101,153,152,SAHI640,35,232.79520000505727,16,19,0,16,3,3,1.0,0.45714285714285713
M0101/img000154.jpg,M0101,154,153,F640,28,17.178100009914488,16,12,0,16,3,3,1.0,0.5714285714285714
M0101/img000154.jpg,M0101,154,153,F1280,24,31.139700004132465,16,8,0,16,3,3,1.0,0.6666666666666666
M0101/img000154.jpg,M0101,154,153,DensK1,30,36.783600007765926,16,14,0,16,3,3,1.0,0.5333333333333333
M0101/img000154.jpg,M0101,154,153,UnifAll,31,59.29340000147931,16,15,0,16,3,3,1.0,0.5161290322580645
M0101/img000154.jpg,M0101,154,153,SAHI640,31,242.14349999965634,16,15,0,16,3,3,1.0,0.5161290322580645
M0101/img000155.jpg,M0101,155,154,F640,25,20.280700002331287,16,9,0,16,3,3,1.0,0.64
M0101/img000155.jpg,M0101,155,154,F1280,25,26.68900000571739,16,9,0,16,3,3,1.0,0.64
M0101/img000155.jpg,M0101,155,154,DensK1,32,37.205300002824515,16,16,0,16,3,3,1.0,0.5
M0101/img000155.jpg,M0101,155,154,UnifAll,33,52.555499991285615,16,17,0,16,3,3,1.0,0.48484848484848486
M0101/img000155.jpg,M0101,155,154,SAHI640,29,221.60750000330154,16,13,0,16,3,3,1.0,0.5517241379310345
M0101/img000156.jpg,M0101,156,155,F640,28,20.609499988495372,16,12,0,16,3,3,1.0,0.5714285714285714
M0101/img000156.jpg,M0101,156,155,F1280,28,28.737000000546686,16,12,0,16,3,3,1.0,0.5714285714285714
M0101/img000156.jpg,M0101,156,155,DensK1,34,37.457099999301136,16,18,0,16,3,3,1.0,0.47058823529411764
M0101/img000156.jpg,M0101,156,155,UnifAll,36,60.79269999463577,16,20,0,16,3,3,1.0,0.4444444444444444
M0101/img000156.jpg,M0101,156,155,SAHI640,31,214.59150000009686,16,15,0,16,3,3,1.0,0.5161290322580645
M0101/img000157.jpg,M0101,157,156,F640,30,20.75009999680333,16,14,0,16,3,3,1.0,0.5333333333333333
M0101/img000157.jpg,M0101,157,156,F1280,26,32.8321999986656,16,10,0,16,3,3,1.0,0.6153846153846154
M0101/img000157.jpg,M0101,157,156,DensK1,37,41.04589999769814,16,21,0,16,3,3,1.0,0.43243243243243246
M0101/img000157.jpg,M0101,157,156,UnifAll,38,50.18969999218825,16,22,0,16,3,3,1.0,0.42105263157894735
M0101/img000157.jpg,M0101,157,156,SAHI640,33,244.42000000271946,16,17,0,16,3,3,1.0,0.48484848484848486
M0101/img000158.jpg,M0101,158,157,F640,28,20.14920000510756,16,12,0,16,3,3,1.0,0.5714285714285714
M0101/img000158.jpg,M0101,158,157,F1280,27,35.23239999776706,16,11,0,16,3,3,1.0,0.5925925925925926
M0101/img000158.jpg,M0101,158,157,DensK1,32,33.34100000211038,16,16,0,16,3,3,1.0,0.5
M0101/img000158.jpg,M0101,158,157,UnifAll,33,60.61210000189021,16,17,0,16,3,3,1.0,0.48484848484848486
M0101/img000158.jpg,M0101,158,157,SAHI640,31,236.41100000531878,16,15,0,16,3,3,1.0,0.5161290322580645
M0101/img000159.jpg,M0101,159,158,F640,30,21.43670000077691,16,14,0,16,3,3,1.0,0.5333333333333333
M0101/img000159.jpg,M0101,159,158,F1280,29,37.81939999316819,16,13,0,16,3,3,1.0,0.5517241379310345
M0101/img000159.jpg,M0101,159,158,DensK1,34,37.25430001213681,16,18,0,16,3,3,1.0,0.47058823529411764
M0101/img000159.jpg,M0101,159,158,UnifAll,35,68.50510000367649,16,19,0,16,3,3,1.0,0.45714285714285713
M0101/img000159.jpg,M0101,159,158,SAHI640,31,242.6407000020845,16,15,0,16,3,3,1.0,0.5161290322580645
M0101/img000160.jpg,M0101,160,159,F640,28,15.130999992834404,16,12,0,16,3,3,1.0,0.5714285714285714
M0101/img000160.jpg,M0101,160,159,F1280,26,32.050199995865114,16,10,0,16,3,3,1.0,0.6153846153846154
M0101/img000160.jpg,M0101,160,159,DensK1,34,40.83060000266414,16,18,0,16,3,3,1.0,0.47058823529411764
M0101/img000160.jpg,M0101,160,159,UnifAll,34,59.459900003275834,16,18,0,16,3,3,1.0,0.47058823529411764
M0101/img000160.jpg,M0101,160,159,SAHI640,34,255.55599998915568,16,18,0,16,3,3,1.0,0.47058823529411764
M0101/img000161.jpg,M0101,161,160,F640,29,21.271399993565865,16,13,0,16,3,3,1.0,0.5517241379310345
M0101/img000161.jpg,M0101,161,160,F1280,31,28.558699996210635,16,15,0,16,3,3,1.0,0.5161290322580645
M0101/img000161.jpg,M0101,161,160,DensK1,30,36.121500001172535,16,14,0,16,3,3,1.0,0.5333333333333333
M0101/img000161.jpg,M0101,161,160,UnifAll,32,60.5580999981612,16,16,0,16,3,3,1.0,0.5
M0101/img000161.jpg,M0101,161,160,SAHI640,30,210.8886999922106,16,14,0,16,3,3,1.0,0.5333333333333333
M0101/img000162.jpg,M0101,162,161,F640,28,22.148099989863113,16,12,0,16,3,3,1.0,0.5714285714285714
M0101/img000162.jpg,M0101,162,161,F1280,28,31.800700002349913,16,12,0,16,3,3,1.0,0.5714285714285714
M0101/img000162.jpg,M0101,162,161,DensK1,32,30.936100010876544,16,16,0,16,3,3,1.0,0.5
M0101/img000162.jpg,M0101,162,161,UnifAll,33,61.304399991058744,16,17,0,16,3,3,1.0,0.48484848484848486
M0101/img000162.jpg,M0101,162,161,SAHI640,32,209.88369999395218,16,16,0,16,3,3,1.0,0.5
M0101/img000163.jpg,M0101,163,162,F640,31,22.207500005606562,16,15,0,16,3,3,1.0,0.5161290322580645
M0101/img000163.jpg,M0101,163,162,F1280,27,28.694499997072853,16,11,0,16,3,3,1.0,0.5925925925925926
M0101/img000163.jpg,M0101,163,162,DensK1,34,34.82590000203345,16,18,0,16,3,3,1.0,0.47058823529411764
M0101/img000163.jpg,M0101,163,162,UnifAll,35,60.00149999454152,16,19,0,16,3,3,1.0,0.45714285714285713
M0101/img000163.jpg,M0101,163,162,SAHI640,33,235.07850000169128,16,17,0,16,3,3,1.0,0.48484848484848486
M0101/img000164.jpg,M0101,164,163,F640,29,20.80089999071788,16,13,0,16,3,3,1.0,0.5517241379310345
M0101/img000164.jpg,M0101,164,163,F1280,27,29.39650000189431,16,11,0,16,3,3,1.0,0.5925925925925926
M0101/img000164.jpg,M0101,164,163,DensK1,31,47.117800000705756,16,15,0,16,3,3,1.0,0.5161290322580645
M0101/img000164.jpg,M0101,164,163,UnifAll,32,57.802600000286475,16,16,0,16,3,3,1.0,0.5
M0101/img000164.jpg,M0101,164,163,SAHI640,34,201.6664000111632,16,18,0,16,3,3,1.0,0.47058823529411764
M0101/img000165.jpg,M0101,165,164,F640,29,19.105400002445094,16,13,0,16,2,2,1.0,0.5517241379310345
M0101/img000165.jpg,M0101,165,164,F1280,27,25.190000000293367,16,11,0,16,2,2,1.0,0.5925925925925926
M0101/img000165.jpg,M0101,165,164,DensK1,31,34.1138000076171,16,15,0,16,2,2,1.0,0.5161290322580645
M0101/img000165.jpg,M0101,165,164,UnifAll,31,54.59390000032727,16,15,0,16,2,2,1.0,0.5161290322580645
M0101/img000165.jpg,M0101,165,164,SAHI640,31,401.98729999247007,16,15,0,16,2,2,1.0,0.5161290322580645
M0101/img000166.jpg,M0101,166,165,F640,27,18.124099995475262,16,11,0,16,2,2,1.0,0.5925925925925926
M0101/img000166.jpg,M0101,166,165,F1280,30,30.91659999336116,16,14,0,16,2,2,1.0,0.5333333333333333
M0101/img000166.jpg,M0101,166,165,DensK1,29,37.10990000399761,16,13,0,16,2,2,1.0,0.5517241379310345
M0101/img000166.jpg,M0101,166,165,UnifAll,29,63.541700001223944,16,13,0,16,2,2,1.0,0.5517241379310345
M0101/img000166.jpg,M0101,166,165,SAHI640,31,218.29689999867696,16,15,0,16,2,2,1.0,0.5161290322580645
M0101/img000167.jpg,M0101,167,166,F640,31,21.883699999307282,16,15,0,16,2,2,1.0,0.5161290322580645
M0101/img000167.jpg,M0101,167,166,F1280,28,49.34240000147838,16,12,0,16,2,2,1.0,0.5714285714285714
M0101/img000167.jpg,M0101,167,166,DensK1,30,36.40700000687502,16,14,0,16,2,2,1.0,0.5333333333333333
M0101/img000167.jpg,M0101,167,166,UnifAll,30,61.833899992052466,16,14,0,16,2,2,1.0,0.5333333333333333
M0101/img000167.jpg,M0101,167,166,SAHI640,32,222.4525000056019,16,16,0,16,2,2,1.0,0.5
M0101/img000168.jpg,M0101,168,167,F640,27,21.194299988565035,16,11,0,16,2,2,1.0,0.5925925925925926
M0101/img000168.jpg,M0101,168,167,F1280,26,51.70850000286009,16,10,0,16,2,2,1.0,0.6153846153846154
M0101/img000168.jpg,M0101,168,167,DensK1,28,41.218800004571676,16,12,0,16,2,2,1.0,0.5714285714285714
M0101/img000168.jpg,M0101,168,167,UnifAll,32,59.916900005191565,16,16,0,16,2,2,1.0,0.5
M0101/img000168.jpg,M0101,168,167,SAHI640,31,195.54289999359753,16,15,0,16,2,2,1.0,0.5161290322580645
M0101/img000169.jpg,M0101,169,168,F640,29,16.642699993099086,16,13,0,16,2,2,1.0,0.5517241379310345
M0101/img000169.jpg,M0101,169,168,F1280,26,28.90849999675993,16,10,0,16,2,2,1.0,0.6153846153846154
M0101/img000169.jpg,M0101,169,168,DensK1,31,38.21829998923931,16,15,0,16,2,2,1.0,0.5161290322580645
M0101/img000169.jpg,M0101,169,168,UnifAll,31,59.55350000294857,16,15,0,16,2,2,1.0,0.5161290322580645
M0101/img000169.jpg,M0101,169,168,SAHI640,32,213.8103999895975,16,16,0,16,2,2,1.0,0.5
M0101/img000170.jpg,M0101,170,169,F640,29,18.19610000529792,15,14,0,16,3,3,1.0,0.5172413793103449
M0101/img000170.jpg,M0101,170,169,F1280,28,37.83060000569094,16,12,0,16,3,3,1.0,0.5714285714285714
M0101/img000170.jpg,M0101,170,169,DensK1,32,46.5459999977611,16,16,0,16,3,3,1.0,0.5
M0101/img000170.jpg,M0101,170,169,UnifAll,32,47.14120000426192,16,16,0,16,3,3,1.0,0.5
M0101/img000170.jpg,M0101,170,169,SAHI640,28,228.867400001036,16,12,0,16,3,3,1.0,0.5714285714285714
M0101/img000171.jpg,M0101,171,170,F640,29,22.925800003577024,15,14,0,16,2,2,1.0,0.5172413793103449
M0101/img000171.jpg,M0101,171,170,F1280,29,27.24070000112988,16,13,0,16,2,2,1.0,0.5517241379310345
M0101/img000171.jpg,M0101,171,170,DensK1,31,42.509299993980676,16,15,0,16,2,2,1.0,0.5161290322580645
M0101/img000171.jpg,M0101,171,170,UnifAll,31,58.838299999479204,16,15,0,16,2,2,1.0,0.5161290322580645
M0101/img000171.jpg,M0101,171,170,SAHI640,33,210.63999999023508,16,17,0,16,2,2,1.0,0.48484848484848486
M0101/img000172.jpg,M0101,172,171,F640,29,16.79159999184776,15,14,0,16,2,2,1.0,0.5172413793103449
M0101/img000172.jpg,M0101,172,171,F1280,29,25.05189999646973,16,13,0,16,2,2,1.0,0.5517241379310345
M0101/img000172.jpg,M0101,172,171,DensK1,30,39.67469999042805,16,14,0,16,2,2,1.0,0.5333333333333333
M0101/img000172.jpg,M0101,172,171,UnifAll,30,61.0854999977164,16,14,0,16,2,2,1.0,0.5333333333333333
M0101/img000172.jpg,M0101,172,171,SAHI640,29,210.42090000992175,16,13,0,16,2,2,1.0,0.5517241379310345
M0101/img000173.jpg,M0101,173,172,F640,30,20.44640001258813,15,15,0,16,2,2,1.0,0.5
M0101/img000173.jpg,M0101,173,172,F1280,28,28.42180000152439,16,12,0,16,2,2,1.0,0.5714285714285714
M0101/img000173.jpg,M0101,173,172,DensK1,31,39.19239999959245,16,15,0,16,2,2,1.0,0.5161290322580645
M0101/img000173.jpg,M0101,173,172,UnifAll,31,61.41530000604689,16,15,0,16,2,2,1.0,0.5161290322580645
M0101/img000173.jpg,M0101,173,172,SAHI640,32,206.69099999940954,16,16,0,16,2,2,1.0,0.5
M0101/img000174.jpg,M0101,174,173,F640,28,17.104700003983453,16,12,0,16,2,2,1.0,0.5714285714285714
M0101/img000174.jpg,M0101,174,173,F1280,30,25.47049999702722,16,14,0,16,2,2,1.0,0.5333333333333333
M0101/img000174.jpg,M0101,174,173,DensK1,31,37.74630000407342,16,15,0,16,2,2,1.0,0.5161290322580645
M0101/img000174.jpg,M0101,174,173,UnifAll,31,47.623799997381866,16,15,0,16,2,2,1.0,0.5161290322580645
M0101/img000174.jpg,M0101,174,173,SAHI640,32,219.84119999979157,16,16,0,16,2,2,1.0,0.5
M0101/img000175.jpg,M0101,175,174,F640,28,21.05929999379441,16,12,0,16,2,2,1.0,0.5714285714285714
M0101/img000175.jpg,M0101,175,174,F1280,29,38.33310000482015,16,13,0,16,2,2,1.0,0.5517241379310345
M0101/img000175.jpg,M0101,175,174,DensK1,32,42.093199997907504,16,16,0,16,2,2,1.0,0.5
M0101/img000175.jpg,M0101,175,174,UnifAll,33,53.108799998881295,16,17,0,16,2,2,1.0,0.48484848484848486
M0101/img000175.jpg,M0101,175,174,SAHI640,30,193.3636000030674,15,15,0,16,2,2,1.0,0.5
M0101/img000176.jpg,M0101,176,175,F640,28,16.89299999270588,15,13,0,16,2,2,1.0,0.5357142857142857
M0101/img000176.jpg,M0101,176,175,F1280,29,37.805400002980605,16,13,0,16,2,2,1.0,0.5517241379310345
M0101/img000176.jpg,M0101,176,175,DensK1,34,34.78999999060761,16,18,0,16,2,2,1.0,0.47058823529411764
M0101/img000176.jpg,M0101,176,175,UnifAll,34,66.76299999526236,16,18,0,16,2,2,1.0,0.47058823529411764
M0101/img000176.jpg,M0101,176,175,SAHI640,31,209.48249999491964,16,15,0,16,2,2,1.0,0.5161290322580645
M0101/img000177.jpg,M0101,177,176,F640,29,18.773600007989444,16,13,0,16,3,3,1.0,0.5517241379310345
M0101/img000177.jpg,M0101,177,176,F1280,29,40.87600001366809,16,13,0,16,3,3,1.0,0.5517241379310345
M0101/img000177.jpg,M0101,177,176,DensK1,32,43.75620000064373,16,16,0,16,3,3,1.0,0.5
M0101/img000177.jpg,M0101,177,176,UnifAll,34,60.1122999942163,16,18,0,16,3,3,1.0,0.47058823529411764
M0101/img000177.jpg,M0101,177,176,SAHI640,31,230.28699999849778,16,15,0,16,3,3,1.0,0.5161290322580645
M0101/img000178.jpg,M0101,178,177,F640,27,19.913199997972697,14,13,0,15,3,3,1.0,0.5185185185185185
M0101/img000178.jpg,M0101,178,177,F1280,29,39.05629999644589,15,14,0,15,3,3,1.0,0.5172413793103449
M0101/img000178.jpg,M0101,178,177,DensK1,31,40.052800002740696,15,16,0,15,3,3,1.0,0.4838709677419355
M0101/img000178.jpg,M0101,178,177,UnifAll,32,60.29389999457635,15,17,0,15,3,3,1.0,0.46875
M0101/img000178.jpg,M0101,178,177,SAHI640,32,248.4102000016719,15,17,0,15,3,3,1.0,0.46875
M0101/img000179.jpg,M0101,179,178,F640,31,19.599499995820224,15,16,0,15,3,3,1.0,0.4838709677419355
M0101/img000179.jpg,M0101,179,178,F1280,28,32.724300006520934,15,13,0,15,3,3,1.0,0.5357142857142857
M0101/img000179.jpg,M0101,179,178,DensK1,33,38.28219999559224,15,18,0,15,3,3,1.0,0.45454545454545453
M0101/img000179.jpg,M0101,179,178,UnifAll,34,62.04699999943841,15,19,0,15,3,3,1.0,0.4411764705882353
M0101/img000179.jpg,M0101,179,178,SAHI640,31,210.43599999393336,15,16,0,15,3,3,1.0,0.4838709677419355
M0101/img000180.jpg,M0101,180,179,F640,31,21.162100005312823,14,17,0,15,3,3,1.0,0.45161290322580644
M0101/img000180.jpg,M0101,180,179,F1280,27,39.66070000024047,15,12,0,15,3,3,1.0,0.5555555555555556
M0101/img000180.jpg,M0101,180,179,DensK1,35,38.901699997950345,15,20,0,15,3,3,1.0,0.42857142857142855
M0101/img000180.jpg,M0101,180,179,UnifAll,36,58.97980000008829,15,21,0,15,3,3,1.0,0.4166666666666667
M0101/img000180.jpg,M0101,180,179,SAHI640,31,190.4212999943411,15,16,0,15,3,3,1.0,0.4838709677419355
M0101/img000181.jpg,M0101,181,180,F640,29,21.426499995868653,15,14,0,15,4,4,1.0,0.5172413793103449
M0101/img000181.jpg,M0101,181,180,F1280,28,44.7198999900138,15,13,0,15,4,4,1.0,0.5357142857142857
M0101/img000181.jpg,M0101,181,180,DensK1,31,42.47220000252128,15,16,0,15,4,4,1.0,0.4838709677419355
M0101/img000181.jpg,M0101,181,180,UnifAll,32,60.60369999613613,15,17,0,15,4,4,1.0,0.46875
M0101/img000181.jpg,M0101,181,180,SAHI640,31,228.5468000045512,15,16,0,15,4,4,1.0,0.4838709677419355
M0101/img000182.jpg,M0101,182,181,F640,29,20.515100011834875,15,14,0,15,4,4,1.0,0.5172413793103449
M0101/img000182.jpg,M0101,182,181,F1280,27,27.076600003056228,15,12,0,15,4,4,1.0,0.5555555555555556
M0101/img000182.jpg,M0101,182,181,DensK1,33,42.72579999815207,15,18,0,15,4,4,1.0,0.45454545454545453
M0101/img000182.jpg,M0101,182,181,UnifAll,34,60.70960000215564,15,19,0,15,4,4,1.0,0.4411764705882353
M0101/img000182.jpg,M0101,182,181,SAHI640,32,207.26599999761675,14,18,0,15,4,3,0.75,0.4375
M0101/img000183.jpg,M0101,183,182,F640,28,21.27230000041891,15,13,0,15,3,3,1.0,0.5357142857142857
M0101/img000183.jpg,M0101,183,182,F1280,27,41.120499998214655,15,12,0,15,3,3,1.0,0.5555555555555556
M0101/img000183.jpg,M0101,183,182,DensK1,33,36.010999989230186,15,18,0,15,3,3,1.0,0.45454545454545453
M0101/img000183.jpg,M0101,183,182,UnifAll,34,69.31409999378957,15,19,0,15,3,3,1.0,0.4411764705882353
M0101/img000183.jpg,M0101,183,182,SAHI640,31,231.83659999631345,15,16,0,15,3,3,1.0,0.4838709677419355
M0101/img000184.jpg,M0101,184,183,F640,28,20.442000008188188,15,13,0,15,3,3,1.0,0.5357142857142857
M0101/img000184.jpg,M0101,184,183,F1280,27,32.9312999965623,15,12,0,15,3,3,1.0,0.5555555555555556
M0101/img000184.jpg,M0101,184,183,DensK1,32,41.04120000556577,15,17,0,15,3,3,1.0,0.46875
M0101/img000184.jpg,M0101,184,183,UnifAll,34,57.07249999977648,15,19,0,15,3,3,1.0,0.4411764705882353
M0101/img000184.jpg,M0101,184,183,SAHI640,29,247.23209999501705,15,14,0,15,3,3,1.0,0.5172413793103449
M0101/img000185.jpg,M0101,185,184,F640,27,19.61400000436697,15,12,0,15,3,3,1.0,0.5555555555555556
M0101/img000185.jpg,M0101,185,184,F1280,26,35.25510001054499,15,11,0,15,3,3,1.0,0.5769230769230769
M0101/img000185.jpg,M0101,185,184,DensK1,29,32.63790000346489,15,14,0,15,3,3,1.0,0.5172413793103449
M0101/img000185.jpg,M0101,185,184,UnifAll,30,54.12780000187922,15,15,0,15,3,3,1.0,0.5
M0101/img000185.jpg,M0101,185,184,SAHI640,31,227.25270000228193,15,16,0,15,3,3,1.0,0.4838709677419355
M0101/img000186.jpg,M0101,186,185,F640,26,18.884099990827963,15,11,0,15,3,3,1.0,0.5769230769230769
M0101/img000186.jpg,M0101,186,185,F1280,30,35.448900001938455,15,15,0,15,3,3,1.0,0.5
M0101/img000186.jpg,M0101,186,185,DensK1,29,44.804500008467585,15,14,0,15,3,3,1.0,0.5172413793103449
M0101/img000186.jpg,M0101,186,185,UnifAll,30,61.724400002276525,15,15,0,15,3,3,1.0,0.5
M0101/img000186.jpg,M0101,186,185,SAHI640,28,229.67529999732506,15,13,0,15,3,3,1.0,0.5357142857142857
M0101/img000187.jpg,M0101,187,186,F640,28,20.535699994070455,15,13,0,15,3,3,1.0,0.5357142857142857
M0101/img000187.jpg,M0101,187,186,F1280,27,37.93650001171045,15,12,0,15,3,3,1.0,0.5555555555555556
M0101/img000187.jpg,M0101,187,186,DensK1,31,33.17429999879096,15,16,0,15,3,3,1.0,0.4838709677419355
M0101/img000187.jpg,M0101,187,186,UnifAll,32,59.6194999961881,15,17,0,15,3,3,1.0,0.46875
M0101/img000187.jpg,M0101,187,186,SAHI640,32,256.0520999977598,15,17,0,15,3,3,1.0,0.46875
M0101/img000188.jpg,M0101,188,187,F640,25,20.794399999431334,15,10,0,15,3,3,1.0,0.6
M0101/img000188.jpg,M0101,188,187,F1280,26,30.271899988292716,15,11,0,15,3,3,1.0,0.5769230769230769
M0101/img000188.jpg,M0101,188,187,DensK1,31,42.054499994264916,15,16,0,15,3,3,1.0,0.4838709677419355
M0101/img000188.jpg,M0101,188,187,UnifAll,31,55.140300013590604,15,16,0,15,3,3,1.0,0.4838709677419355
M0101/img000188.jpg,M0101,188,187,SAHI640,30,219.47340000770055,15,15,0,15,3,3,1.0,0.5
M0101/img000189.jpg,M0101,189,188,F640,26,21.876499988138676,14,12,0,14,2,2,1.0,0.5384615384615384
M0101/img000189.jpg,M0101,189,188,F1280,27,41.66360000090208,14,13,0,14,2,2,1.0,0.5185185185185185
M0101/img000189.jpg,M0101,189,188,DensK1,30,40.09039999800734,14,16,0,14,2,2,1.0,0.4666666666666667
M0101/img000189.jpg,M0101,189,188,UnifAll,30,57.734500005608425,14,16,0,14,2,2,1.0,0.4666666666666667
M0101/img000189.jpg,M0101,189,188,SAHI640,28,238.77100000390783,14,14,0,14,2,2,1.0,0.5
M0101/img000190.jpg,M0101,190,189,F640,27,19.787400000495836,14,13,0,14,2,2,1.0,0.5185185185185185
M0101/img000190.jpg,M0101,190,189,F1280,26,37.97610000765417,14,12,0,14,2,2,1.0,0.5384615384615384
M0101/img000190.jpg,M0101,190,189,DensK1,30,33.81949999311473,14,16,0,14,2,2,1.0,0.4666666666666667
M0101/img000190.jpg,M0101,190,189,UnifAll,31,60.58979999215808,14,17,0,14,2,2,1.0,0.45161290322580644
M0101/img000190.jpg,M0101,190,189,SAHI640,29,229.6379000035813,14,15,0,14,2,2,1.0,0.4827586206896552
M0101/img000191.jpg,M0101,191,190,F640,27,15.917699987767264,14,13,0,14,2,2,1.0,0.5185185185185185
M0101/img000191.jpg,M0101,191,190,F1280,26,36.79530000954401,14,12,0,14,2,2,1.0,0.5384615384615384
M0101/img000191.jpg,M0101,191,190,DensK1,29,39.80369999771938,14,15,0,14,2,2,1.0,0.4827586206896552
M0101/img000191.jpg,M0101,191,190,UnifAll,29,55.191100007505156,14,15,0,14,2,2,1.0,0.4827586206896552
M0101/img000191.jpg,M0101,191,190,SAHI640,29,230.4835999966599,14,15,0,14,2,2,1.0,0.4827586206896552
M0101/img000192.jpg,M0101,192,191,F640,27,19.00399998703506,14,13,0,14,2,2,1.0,0.5185185185185185
M0101/img000192.jpg,M0101,192,191,F1280,24,41.48169999825768,14,10,0,14,2,2,1.0,0.5833333333333334
M0101/img000192.jpg,M0101,192,191,DensK1,29,39.844900005846284,14,15,0,14,2,2,1.0,0.4827586206896552
M0101/img000192.jpg,M0101,192,191,UnifAll,29,55.194100001244806,14,15,0,14,2,2,1.0,0.4827586206896552
M0101/img000192.jpg,M0101,192,191,SAHI640,28,220.90559999924153,14,14,0,14,2,2,1.0,0.5
M0101/img000193.jpg,M0101,193,192,F640,26,19.5157999987714,14,12,0,14,2,2,1.0,0.5384615384615384
M0101/img000193.jpg,M0101,193,192,F1280,21,36.710399988805875,14,7,0,14,2,2,1.0,0.6666666666666666
M0101/img000193.jpg,M0101,193,192,DensK1,27,39.9638000089908,14,13,0,14,2,2,1.0,0.5185185185185185
M0101/img000193.jpg,M0101,193,192,UnifAll,28,69.7443000099156,14,14,0,14,2,2,1.0,0.5
M0101/img000193.jpg,M0101,193,192,SAHI640,26,236.18169999099337,14,12,0,14,2,2,1.0,0.5384615384615384
M0101/img000194.jpg,M0101,194,193,F640,24,20.038600006955676,14,10,0,14,2,2,1.0,0.5833333333333334
M0101/img000194.jpg,M0101,194,193,F1280,24,29.19859999383334,14,10,0,14,2,2,1.0,0.5833333333333334
M0101/img000194.jpg,M0101,194,193,DensK1,26,39.92320000543259,14,12,0,14,2,2,1.0,0.5384615384615384
M0101/img000194.jpg,M0101,194,193,UnifAll,28,63.63710000005085,14,14,0,14,2,2,1.0,0.5
M0101/img000194.jpg,M0101,194,193,SAHI640,26,218.48110000428278,14,12,0,14,2,2,1.0,0.5384615384615384
M0101/img000195.jpg,M0101,195,194,F640,24,20.04829999350477,14,10,0,14,2,2,1.0,0.5833333333333334
M0101/img000195.jpg,M0101,195,194,F1280,22,33.328800011076964,14,8,0,14,2,2,1.0,0.6363636363636364
M0101/img000195.jpg,M0101,195,194,DensK1,26,42.60190000059083,14,12,0,14,2,2,1.0,0.5384615384615384
M0101/img000195.jpg,M0101,195,194,UnifAll,26,61.867399999755435,14,12,0,14,2,2,1.0,0.5384615384615384
M0101/img000195.jpg,M0101,195,194,SAHI640,26,239.37280000245664,14,12,0,14,2,2,1.0,0.5384615384615384
M0101/img000196.jpg,M0101,196,195,F640,25,22.609399995417334,14,11,0,14,2,2,1.0,0.56
M0101/img000196.jpg,M0101,196,195,F1280,21,40.101799997501075,14,7,0,14,2,2,1.0,0.6666666666666666
M0101/img000196.jpg,M0101,196,195,DensK1,26,40.38550000404939,14,12,0,14,2,2,1.0,0.5384615384615384
M0101/img000196.jpg,M0101,196,195,UnifAll,26,58.70729999151081,14,12,0,14,2,2,1.0,0.5384615384615384
M0101/img000196.jpg,M0101,196,195,SAHI640,26,203.5438000020804,14,12,0,14,2,2,1.0,0.5384615384615384
M0101/img000197.jpg,M0101,197,196,F640,23,20.724599991808645,14,9,0,14,2,2,1.0,0.6086956521739131
M0101/img000197.jpg,M0101,197,196,F1280,20,39.5734000048833,14,6,0,14,2,2,1.0,0.7
M0101/img000197.jpg,M0101,197,196,DensK1,24,35.370499987038784,14,10,0,14,2,2,1.0,0.5833333333333334
M0101/img000197.jpg,M0101,197,196,UnifAll,24,72.46100000338629,14,10,0,14,2,2,1.0,0.5833333333333334
M0101/img000197.jpg,M0101,197,196,SAHI640,23,218.66199999931268,14,9,0,14,2,2,1.0,0.6086956521739131
M0101/img000198.jpg,M0101,198,197,F640,24,31.34130001126323,14,10,0,14,2,2,1.0,0.5833333333333334
M0101/img000198.jpg,M0101,198,197,F1280,21,26.319600001443177,14,7,0,14,2,2,1.0,0.6666666666666666
M0101/img000198.jpg,M0101,198,197,DensK1,27,39.32389999681618,14,13,0,14,2,2,1.0,0.5185185185185185
M0101/img000198.jpg,M0101,198,197,UnifAll,28,64.03169999248348,14,14,0,14,2,2,1.0,0.5
M0101/img000198.jpg,M0101,198,197,SAHI640,25,220.84320000431035,14,11,0,14,2,2,1.0,0.56
M0101/img000199.jpg,M0101,199,198,F640,23,18.202000006567687,14,9,0,14,2,2,1.0,0.6086956521739131
M0101/img000199.jpg,M0101,199,198,F1280,21,36.38239999418147,14,7,0,14,2,2,1.0,0.6666666666666666
M0101/img000199.jpg,M0101,199,198,DensK1,24,38.54730000603013,14,10,0,14,2,2,1.0,0.5833333333333334
M0101/img000199.jpg,M0101,199,198,UnifAll,24,63.90340000507422,14,10,0,14,2,2,1.0,0.5833333333333334
M0101/img000199.jpg,M0101,199,198,SAHI640,24,208.34840000316035,14,10,0,14,2,2,1.0,0.5833333333333334
M0101/img000200.jpg,M0101,200,199,F640,25,23.35970000422094,14,11,0,14,2,2,1.0,0.56
M0101/img000200.jpg,M0101,200,199,F1280,21,33.20320000057109,14,7,0,14,2,2,1.0,0.6666666666666666
M0101/img000200.jpg,M0101,200,199,DensK1,28,41.308600004413165,14,14,0,14,2,2,1.0,0.5
M0101/img000200.jpg,M0101,200,199,UnifAll,28,54.98800000350457,14,14,0,14,2,2,1.0,0.5
M0101/img000200.jpg,M0101,200,199,SAHI640,25,230.32139999850187,14,11,0,14,2,2,1.0,0.56
M0101/img000201.jpg,M0101,201,200,F640,22,31.508999993093312,13,9,0,13,1,1,1.0,0.5909090909090909
M0101/img000201.jpg,M0101,201,200,F1280,22,29.946000009658746,13,9,0,13,1,1,1.0,0.5909090909090909
M0101/img000201.jpg,M0101,201,200,DensK1,26,35.73980000510346,13,13,0,13,1,1,1.0,0.5
M0101/img000201.jpg,M0101,201,200,UnifAll,27,59.785600009490736,13,14,0,13,1,1,1.0,0.48148148148148145
M0101/img000201.jpg,M0101,201,200,SAHI640,24,227.38630000094417,13,11,0,13,1,1,1.0,0.5416666666666666
M0101/img000202.jpg,M0101,202,201,F640,24,18.873399996664375,13,11,0,13,1,1,1.0,0.5416666666666666
M0101/img000202.jpg,M0101,202,201,F1280,22,38.754499997594394,13,9,0,13,1,1,1.0,0.5909090909090909
M0101/img000202.jpg,M0101,202,201,DensK1,27,43.00610000791494,13,14,0,13,1,1,1.0,0.48148148148148145
M0101/img000202.jpg,M0101,202,201,UnifAll,28,53.380099998321384,13,15,0,13,1,1,1.0,0.4642857142857143
M0101/img000202.jpg,M0101,202,201,SAHI640,23,228.70880000118632,13,10,0,13,1,1,1.0,0.5652173913043478
M0101/img000203.jpg,M0101,203,202,F640,25,19.635400007246062,13,12,0,13,1,1,1.0,0.52
M0101/img000203.jpg,M0101,203,202,F1280,22,38.274899998214096,13,9,0,13,1,1,1.0,0.5909090909090909
M0101/img000203.jpg,M0101,203,202,DensK1,26,42.60000000067521,13,13,0,13,1,1,1.0,0.5
M0101/img000203.jpg,M0101,203,202,UnifAll,26,61.68739999702666,13,13,0,13,1,1,1.0,0.5
M0101/img000203.jpg,M0101,203,202,SAHI640,26,215.80350000294857,13,13,0,13,1,1,1.0,0.5
M0101/img000204.jpg,M0101,204,203,F640,22,18.559900010586716,13,9,0,13,1,1,1.0,0.5909090909090909
M0101/img000204.jpg,M0101,204,203,F1280,21,35.09009999106638,13,8,0,13,1,1,1.0,0.6190476190476191
M0101/img000204.jpg,M0101,204,203,DensK1,26,41.303999998490326,13,13,0,13,1,1,1.0,0.5
M0101/img000204.jpg,M0101,204,203,UnifAll,26,61.035499995341524,13,13,0,13,1,1,1.0,0.5
M0101/img000204.jpg,M0101,204,203,SAHI640,23,396.8598000064958,13,10,0,13,1,1,1.0,0.5652173913043478
M0101/img000205.jpg,M0101,205,204,F640,22,21.189199993386865,13,9,0,13,1,1,1.0,0.5909090909090909
M0101/img000205.jpg,M0101,205,204,F1280,20,28.47940000356175,13,7,0,13,1,1,1.0,0.65
M0101/img000205.jpg,M0101,205,204,DensK1,24,39.65269999753218,13,11,0,13,1,1,1.0,0.5416666666666666
M0101/img000205.jpg,M0101,205,204,UnifAll,24,55.855200000223704,13,11,0,13,1,1,1.0,0.5416666666666666
M0101/img000205.jpg,M0101,205,204,SAHI640,24,212.5921999977436,13,11,0,13,1,1,1.0,0.5416666666666666
M0101/img000206.jpg,M0101,206,205,F640,21,18.038700000033714,13,8,0,13,1,1,1.0,0.6190476190476191
M0101/img000206.jpg,M0101,206,205,F1280,20,31.07740000996273,13,7,0,13,1,1,1.0,0.65
M0101/img000206.jpg,M0101,206,205,DensK1,24,40.16729998693336,12,12,0,13,1,1,1.0,0.5
M0101/img000206.jpg,M0101,206,205,UnifAll,24,60.662200005026534,13,11,0,13,1,1,1.0,0.5416666666666666
M0101/img000206.jpg,M0101,206,205,SAHI640,23,217.75860000343528,13,10,0,13,1,1,1.0,0.5652173913043478
M0101/img000207.jpg,M0101,207,206,F640,23,18.776500000967644,13,10,0,13,1,1,1.0,0.5652173913043478
M0101/img000207.jpg,M0101,207,206,F1280,20,35.862899996573105,13,7,0,13,1,1,1.0,0.65
M0101/img000207.jpg,M0101,207,206,DensK1,24,39.226900000358,11,13,0,13,1,1,1.0,0.4583333333333333
M0101/img000207.jpg,M0101,207,206,UnifAll,24,57.02590000873897,13,11,0,13,1,1,1.0,0.5416666666666666
M0101/img000207.jpg,M0101,207,206,SAHI640,24,217.1869999874616,13,11,0,13,1,1,1.0,0.5416666666666666
M0101/img000208.jpg,M0101,208,207,F640,21,19.814200000837445,13,8,0,13,1,1,1.0,0.6190476190476191
M0101/img000208.jpg,M0101,208,207,F1280,21,35.872599997674115,13,8,0,13,1,1,1.0,0.6190476190476191
M0101/img000208.jpg,M0101,208,207,DensK1,23,39.031500011333264,13,10,0,13,1,1,1.0,0.5652173913043478
M0101/img000208.jpg,M0101,208,207,UnifAll,23,55.910499999299645,13,10,0,13,1,1,1.0,0.5652173913043478
M0101/img000208.jpg,M0101,208,207,SAHI640,22,182.87180000334047,13,9,0,13,1,1,1.0,0.5909090909090909
M0101/img000209.jpg,M0101,209,208,F640,21,23.273900005733594,13,8,0,13,1,1,1.0,0.6190476190476191
M0101/img000209.jpg,M0101,209,208,F1280,20,26.758299994980916,13,7,0,13,1,1,1.0,0.65
M0101/img000209.jpg,M0101,209,208,DensK1,26,42.9498000012245,13,13,0,13,1,1,1.0,0.5
M0101/img000209.jpg,M0101,209,208,UnifAll,27,55.034100005286746,13,14,0,13,1,1,1.0,0.48148148148148145
M0101/img000209.jpg,M0101,209,208,SAHI640,23,226.18319999310188,13,10,0,13,1,1,1.0,0.5652173913043478
M0101/img000210.jpg,M0101,210,209,F640,21,18.15760000317823,13,8,0,13,1,1,1.0,0.6190476190476191
M0101/img000210.jpg,M0101,210,209,F1280,20,31.43449999333825,13,7,0,13,1,1,1.0,0.65
M0101/img000210.jpg,M0101,210,209,DensK1,22,38.80349999235477,13,9,0,13,1,1,1.0,0.5909090909090909
M0101/img000210.jpg,M0101,210,209,UnifAll,22,59.91360000916757,13,9,0,13,1,1,1.0,0.5909090909090909
M0101/img000210.jpg,M0101,210,209,SAHI640,22,228.6826000054134,13,9,0,13,1,1,1.0,0.5909090909090909
M0101/img000211.jpg,M0101,211,210,F640,21,17.12299999780953,13,8,0,13,1,1,1.0,0.6190476190476191
M0101/img000211.jpg,M0101,211,210,F1280,19,34.20029999688268,13,6,0,13,1,1,1.0,0.6842105263157895
M0101/img000211.jpg,M0101,211,210,DensK1,23,48.31650000414811,13,10,0,13,1,1,1.0,0.5652173913043478
M0101/img000211.jpg,M0101,211,210,UnifAll,24,57.38220000057481,13,11,0,13,1,1,1.0,0.5416666666666666
M0101/img000211.jpg,M0101,211,210,SAHI640,21,228.66809999686666,13,8,0,13,1,1,1.0,0.6190476190476191
M0101/img000212.jpg,M0101,212,211,F640,22,17.814199993154034,13,9,0,13,1,1,1.0,0.5909090909090909
M0101/img000212.jpg,M0101,212,211,F1280,21,39.79270000127144,13,8,0,13,1,1,1.0,0.6190476190476191
M0101/img000212.jpg,M0101,212,211,DensK1,25,39.04360000160523,13,12,0,13,1,1,1.0,0.52
M0101/img000212.jpg,M0101,212,211,UnifAll,25,81.7479999968782,13,12,0,13,1,1,1.0,0.52
M0101/img000212.jpg,M0101,212,211,SAHI640,22,215.29939999163616,13,9,0,13,1,1,1.0,0.5909090909090909
M0101/img000213.jpg,M0101,213,212,F640,21,23.8344999961555,13,8,0,13,1,1,1.0,0.6190476190476191
M0101/img000213.jpg,M0101,213,212,F1280,21,36.595500001567416,13,8,0,13,1,1,1.0,0.6190476190476191
M0101/img000213.jpg,M0101,213,212,DensK1,23,35.979899999802,13,10,0,13,1,1,1.0,0.5652173913043478
M0101/img000213.jpg,M0101,213,212,UnifAll,23,58.35139998816885,13,10,0,13,1,1,1.0,0.5652173913043478
M0101/img000213.jpg,M0101,213,212,SAHI640,21,223.99749999749474,13,8,0,13,1,1,1.0,0.6190476190476191
M0101/img000214.jpg,M0101,214,213,F640,19,18.933799990918487,13,6,0,13,1,1,1.0,0.6842105263157895
M0101/img000214.jpg,M0101,214,213,F1280,19,48.339500004658476,13,6,0,13,1,1,1.0,0.6842105263157895
M0101/img000214.jpg,M0101,214,213,DensK1,23,40.899500003433786,13,10,0,13,1,1,1.0,0.5652173913043478
M0101/img000214.jpg,M0101,214,213,UnifAll,24,57.63029999798164,13,11,0,13,1,1,1.0,0.5416666666666666
M0101/img000214.jpg,M0101,214,213,SAHI640,21,224.3455999996513,13,8,0,13,1,1,1.0,0.6190476190476191
M0101/img000215.jpg,M0101,215,214,F640,23,18.41930000227876,13,10,0,13,1,1,1.0,0.5652173913043478
M0101/img000215.jpg,M0101,215,214,F1280,18,49.571600000490434,13,5,0,13,1,1,1.0,0.7222222222222222
M0101/img000215.jpg,M0101,215,214,DensK1,25,42.96190000604838,13,12,0,13,1,1,1.0,0.52
M0101/img000215.jpg,M0101,215,214,UnifAll,25,59.04230001033284,13,12,0,13,1,1,1.0,0.52
M0101/img000215.jpg,M0101,215,214,SAHI640,23,259.2029000079492,13,10,0,13,1,1,1.0,0.5652173913043478
M0101/img000216.jpg,M0101,216,215,F640,21,20.874199995887466,13,8,0,13,1,1,1.0,0.6190476190476191
M0101/img000216.jpg,M0101,216,215,F1280,19,49.72979999729432,13,6,0,13,1,1,1.0,0.6842105263157895
M0101/img000216.jpg,M0101,216,215,DensK1,26,39.16090000711847,13,13,0,13,1,1,1.0,0.5
M0101/img000216.jpg,M0101,216,215,UnifAll,27,60.476999991806224,13,14,0,13,1,1,1.0,0.48148148148148145
M0101/img000216.jpg,M0101,216,215,SAHI640,24,185.04559999564663,13,11,0,13,1,1,1.0,0.5416666666666666
M0101/img000217.jpg,M0101,217,216,F640,20,17.575999998371117,13,7,0,13,1,1,1.0,0.65
M0101/img000217.jpg,M0101,217,216,F1280,18,32.69219999492634,13,5,0,13,1,1,1.0,0.7222222222222222
M0101/img000217.jpg,M0101,217,216,DensK1,24,43.29509999661241,13,11,0,13,1,1,1.0,0.5416666666666666
M0101/img000217.jpg,M0101,217,216,UnifAll,25,62.1058999968227,13,12,0,13,1,1,1.0,0.52
M0101/img000217.jpg,M0101,217,216,SAHI640,24,209.70920000399929,13,11,0,13,1,1,1.0,0.5416666666666666
M0101/img000218.jpg,M0101,218,217,F640,20,17.15479999256786,13,7,0,13,1,1,1.0,0.65
M0101/img000218.jpg,M0101,218,217,F1280,21,45.85320000478532,13,8,0,13,1,1,1.0,0.6190476190476191
M0101/img000218.jpg,M0101,218,217,DensK1,22,37.71920000144746,13,9,0,13,1,1,1.0,0.5909090909090909
M0101/img000218.jpg,M0101,218,217,UnifAll,22,59.21009999292437,13,9,0,13,1,1,1.0,0.5909090909090909
M0101/img000218.jpg,M0101,218,217,SAHI640,22,201.60899999609683,13,9,0,13,1,1,1.0,0.5909090909090909
M0101/img000219.jpg,M0101,219,218,F640,21,19.54509998904541,13,8,0,13,1,1,1.0,0.6190476190476191
M0101/img000219.jpg,M0101,219,218,F1280,20,49.52850000699982,13,7,0,13,1,1,1.0,0.65
M0101/img000219.jpg,M0101,219,218,DensK1,23,37.659300011000596,13,10,0,13,1,1,1.0,0.5652173913043478
M0101/img000219.jpg,M0101,219,218,UnifAll,23,51.95520000415854,13,10,0,13,1,1,1.0,0.5652173913043478
M0101/img000219.jpg,M0101,219,218,SAHI640,28,211.68920000491198,13,15,0,13,1,1,1.0,0.4642857142857143
M0101/img000220.jpg,M0101,220,219,F640,21,17.527999996673316,13,8,0,13,1,1,1.0,0.6190476190476191
M0101/img000220.jpg,M0101,220,219,F1280,22,30.660300006275065,13,9,0,13,1,1,1.0,0.5909090909090909
M0101/img000220.jpg,M0101,220,219,DensK1,24,35.44479999982286,13,11,0,13,1,1,1.0,0.5416666666666666
M0101/img000220.jpg,M0101,220,219,UnifAll,25,58.96960000973195,13,12,0,13,1,1,1.0,0.52
M0101/img000220.jpg,M0101,220,219,SAHI640,24,203.7138000014238,13,11,0,13,1,1,1.0,0.5416666666666666
M0101/img000221.jpg,M0101,221,220,F640,18,18.48299999255687,13,5,0,13,1,1,1.0,0.7222222222222222
M0101/img000221.jpg,M0101,221,220,F1280,19,35.87560000596568,13,6,0,13,1,1,1.0,0.6842105263157895
M0101/img000221.jpg,M0101,221,220,DensK1,21,43.590100001893006,13,8,0,13,1,1,1.0,0.6190476190476191
M0101/img000221.jpg,M0101,221,220,UnifAll,24,57.59799999941606,13,11,0,13,1,1,1.0,0.5416666666666666
M0101/img000221.jpg,M0101,221,220,SAHI640,21,208.03600001090672,13,8,0,13,1,1,1.0,0.6190476190476191
M0101/img000222.jpg,M0101,222,221,F640,19,18.4097000019392,13,6,0,13,1,1,1.0,0.6842105263157895
M0101/img000222.jpg,M0101,222,221,F1280,21,34.33360000781249,13,8,0,13,1,1,1.0,0.6190476190476191
M0101/img000222.jpg,M0101,222,221,DensK1,22,42.72969999874476,13,9,0,13,1,1,1.0,0.5909090909090909
M0101/img000222.jpg,M0101,222,221,UnifAll,23,60.90540000877809,13,10,0,13,1,1,1.0,0.5652173913043478
M0101/img000222.jpg,M0101,222,221,SAHI640,21,214.5462999906158,13,8,0,13,1,1,1.0,0.6190476190476191
M0101/img000223.jpg,M0101,223,222,F640,17,17.009100003633648,13,4,0,13,1,1,1.0,0.7647058823529411
M0101/img000223.jpg,M0101,223,222,F1280,20,24.64499999769032,13,7,0,13,1,1,1.0,0.65
M0101/img000223.jpg,M0101,223,222,DensK1,19,40.08279999834485,13,6,0,13,1,1,1.0,0.6842105263157895
M0101/img000223.jpg,M0101,223,222,UnifAll,20,57.33120000513736,13,7,0,13,1,1,1.0,0.65
M0101/img000223.jpg,M0101,223,222,SAHI640,21,199.55789999221452,13,8,0,13,1,1,1.0,0.6190476190476191
M0101/img000224.jpg,M0101,224,223,F640,19,14.540800009854138,13,6,0,13,1,1,1.0,0.6842105263157895
M0101/img000224.jpg,M0101,224,223,F1280,20,23.74779999081511,13,7,0,13,1,1,1.0,0.65
M0101/img000224.jpg,M0101,224,223,DensK1,22,36.34109999984503,13,9,0,13,1,1,1.0,0.5909090909090909
M0101/img000224.jpg,M0101,224,223,UnifAll,22,56.5502999961609,13,9,0,13,1,1,1.0,0.5909090909090909
M0101/img000224.jpg,M0101,224,223,SAHI640,22,221.51950000261422,13,9,0,13,1,1,1.0,0.5909090909090909
M0101/img000225.jpg,M0101,225,224,F640,18,19.99850000720471,13,5,0,13,1,1,1.0,0.7222222222222222
M0101/img000225.jpg,M0101,225,224,F1280,19,29.37960000417661,13,6,0,13,1,1,1.0,0.6842105263157895
M0101/img000225.jpg,M0101,225,224,DensK1,22,36.95760000846349,13,9,0,13,1,1,1.0,0.5909090909090909
M0101/img000225.jpg,M0101,225,224,UnifAll,22,58.77850000979379,13,9,0,13,1,1,1.0,0.5909090909090909
M0101/img000225.jpg,M0101,225,224,SAHI640,21,191.74509998993017,13,8,0,13,1,1,1.0,0.6190476190476191
M0101/img000226.jpg,M0101,226,225,F640,20,21.018800005549565,13,7,0,13,1,1,1.0,0.65
M0101/img000226.jpg,M0101,226,225,F1280,20,39.5620999915991,13,7,0,13,1,1,1.0,0.65
M0101/img000226.jpg,M0101,226,225,DensK1,20,36.84359999897424,13,7,0,13,1,1,1.0,0.65
M0101/img000226.jpg,M0101,226,225,UnifAll,20,51.91960000956897,13,7,0,13,1,1,1.0,0.65
M0101/img000226.jpg,M0101,226,225,SAHI640,22,219.36160000041127,13,9,0,13,1,1,1.0,0.5909090909090909
M0101/img000227.jpg,M0101,227,226,F640,21,21.34630001091864,13,8,0,13,1,1,1.0,0.6190476190476191
M0101/img000227.jpg,M0101,227,226,F1280,18,38.381100006517954,13,5,0,13,1,1,1.0,0.7222222222222222
M0101/img000227.jpg,M0101,227,226,DensK1,21,45.345199992880225,13,8,0,13,1,1,1.0,0.6190476190476191
M0101/img000227.jpg,M0101,227,226,UnifAll,21,57.514600004651584,13,8,0,13,1,1,1.0,0.6190476190476191
M0101/img000227.jpg,M0101,227,226,SAHI640,23,214.22039999742992,13,10,0,13,1,1,1.0,0.5652173913043478
M0101/img000228.jpg,M0101,228,227,F640,19,17.041700004483573,13,6,0,13,1,1,1.0,0.6842105263157895
M0101/img000228.jpg,M0101,228,227,F1280,19,39.38509999716189,13,6,0,13,1,1,1.0,0.6842105263157895
M0101/img000228.jpg,M0101,228,227,DensK1,20,41.45809999317862,13,7,0,13,1,1,1.0,0.65
M0101/img000228.jpg,M0101,228,227,UnifAll,21,62.39209999330342,13,8,0,13,1,1,1.0,0.6190476190476191
M0101/img000228.jpg,M0101,228,227,SAHI640,20,246.87149999954272,13,7,0,13,1,1,1.0,0.65
M0101/img000229.jpg,M0101,229,228,F640,18,20.588200000929646,13,5,0,13,1,1,1.0,0.7222222222222222
M0101/img000229.jpg,M0101,229,228,F1280,21,42.12790000019595,13,8,0,13,1,1,1.0,0.6190476190476191
M0101/img000229.jpg,M0101,229,228,DensK1,19,39.476799996919,13,6,0,13,1,1,1.0,0.6842105263157895
M0101/img000229.jpg,M0101,229,228,UnifAll,21,56.27039998944383,13,8,0,13,1,1,1.0,0.6190476190476191
M0101/img000229.jpg,M0101,229,228,SAHI640,20,196.53770000149962,13,7,0,13,1,1,1.0,0.65
M0101/img000230.jpg,M0101,230,229,F640,20,19.149400002788752,13,7,0,13,1,1,1.0,0.65
M0101/img000230.jpg,M0101,230,229,F1280,17,31.123399996431544,13,4,0,13,1,1,1.0,0.7647058823529411
M0101/img000230.jpg,M0101,230,229,DensK1,20,34.601999999722466,13,7,0,13,1,1,1.0,0.65
M0101/img000230.jpg,M0101,230,229,UnifAll,20,56.40130001120269,13,7,0,13,1,1,1.0,0.65
M0101/img000230.jpg,M0101,230,229,SAHI640,21,177.75030000484549,13,8,0,13,1,1,1.0,0.6190476190476191
M0101/img000231.jpg,M0101,231,230,F640,18,17.955900009837933,13,5,0,13,1,1,1.0,0.7222222222222222
M0101/img000231.jpg,M0101,231,230,F1280,18,35.85289999318775,13,5,0,13,1,1,1.0,0.7222222222222222
M0101/img000231.jpg,M0101,231,230,DensK1,18,34.90169999713544,13,5,0,13,1,1,1.0,0.7222222222222222
M0101/img000231.jpg,M0101,231,230,UnifAll,19,61.10070001159329,13,6,0,13,1,1,1.0,0.6842105263157895
M0101/img000231.jpg,M0101,231,230,SAHI640,21,198.51740000012796,13,8,0,13,1,1,1.0,0.6190476190476191
M0101/img000232.jpg,M0101,232,231,F640,17,19.17789998697117,13,4,0,13,1,1,1.0,0.7647058823529411
M0101/img000232.jpg,M0101,232,231,F1280,19,38.81329999421723,13,6,0,13,1,1,1.0,0.6842105263157895
M0101/img000232.jpg,M0101,232,231,DensK1,19,38.911299998289905,13,6,0,13,1,1,1.0,0.6842105263157895
M0101/img000232.jpg,M0101,232,231,UnifAll,19,52.05269998987205,13,6,0,13,1,1,1.0,0.6842105263157895
M0101/img000232.jpg,M0101,232,231,SAHI640,19,202.34599999093916,13,6,0,13,1,1,1.0,0.6842105263157895
M0101/img000233.jpg,M0101,233,232,F640,18,19.025500005227514,13,5,0,13,1,1,1.0,0.7222222222222222
M0101/img000233.jpg,M0101,233,232,F1280,19,40.04400000849273,13,6,0,13,1,1,1.0,0.6842105263157895
M0101/img000233.jpg,M0101,233,232,DensK1,20,41.84289999830071,13,7,0,13,1,1,1.0,0.65
M0101/img000233.jpg,M0101,233,232,UnifAll,20,61.8246999947587,13,7,0,13,1,1,1.0,0.65
M0101/img000233.jpg,M0101,233,232,SAHI640,18,186.52210000436753,13,5,0,13,1,1,1.0,0.7222222222222222
M0101/img000234.jpg,M0101,234,233,F640,18,14.564500001142733,13,5,0,13,1,1,1.0,0.7222222222222222
M0101/img000234.jpg,M0101,234,233,F1280,18,39.010000007692724,13,5,0,13,1,1,1.0,0.7222222222222222
M0101/img000234.jpg,M0101,234,233,DensK1,19,41.802100007771514,13,6,0,13,1,1,1.0,0.6842105263157895
M0101/img000234.jpg,M0101,234,233,UnifAll,19,60.570100002223626,13,6,0,13,1,1,1.0,0.6842105263157895
M0101/img000234.jpg,M0101,234,233,SAHI640,20,232.0735999965109,13,7,0,13,1,1,1.0,0.65
M0101/img000235.jpg,M0101,235,234,F640,17,17.271300006541423,13,4,0,13,1,1,1.0,0.7647058823529411
M0101/img000235.jpg,M0101,235,234,F1280,19,39.61609999532811,13,6,0,13,1,1,1.0,0.6842105263157895
M0101/img000235.jpg,M0101,235,234,DensK1,20,37.87759999977425,13,7,0,13,1,1,1.0,0.65
M0101/img000235.jpg,M0101,235,234,UnifAll,20,62.67350001144223,13,7,0,13,1,1,1.0,0.65
M0101/img000235.jpg,M0101,235,234,SAHI640,21,243.00729999959003,13,8,0,13,1,1,1.0,0.6190476190476191
M0101/img000236.jpg,M0101,236,235,F640,19,17.509599987533875,13,6,0,13,1,1,1.0,0.6842105263157895
M0101/img000236.jpg,M0101,236,235,F1280,19,40.06059998937417,13,6,0,13,1,1,1.0,0.6842105263157895
M0101/img000236.jpg,M0101,236,235,DensK1,20,37.321499999961816,13,7,0,13,1,1,1.0,0.65
M0101/img000236.jpg,M0101,236,235,UnifAll,20,58.98940000042785,13,7,0,13,1,1,1.0,0.65
M0101/img000236.jpg,M0101,236,235,SAHI640,20,212.7632000047015,13,7,0,13,1,1,1.0,0.65
M0101/img000237.jpg,M0101,237,236,F640,18,20.078499990631826,13,5,0,13,1,1,1.0,0.7222222222222222
M0101/img000237.jpg,M0101,237,236,F1280,19,33.04160000698175,13,6,0,13,1,1,1.0,0.6842105263157895
M0101/img000237.jpg,M0101,237,236,DensK1,20,46.344699992914684,13,7,0,13,1,1,1.0,0.65
M0101/img000237.jpg,M0101,237,236,UnifAll,20,66.71600000117905,13,7,0,13,1,1,1.0,0.65
M0101/img000237.jpg,M0101,237,236,SAHI640,19,229.1255000018282,13,6,0,13,1,1,1.0,0.6842105263157895
M0101/img000238.jpg,M0101,238,237,F640,21,17.815400002291426,13,8,0,13,1,1,1.0,0.6190476190476191
M0101/img000238.jpg,M0101,238,237,F1280,20,27.787200000602752,13,7,0,13,1,1,1.0,0.65
M0101/img000238.jpg,M0101,238,237,DensK1,21,37.861000004340895,13,8,0,13,1,1,1.0,0.6190476190476191
M0101/img000238.jpg,M0101,238,237,UnifAll,21,60.357499998644926,13,8,0,13,1,1,1.0,0.6190476190476191
M0101/img000238.jpg,M0101,238,237,SAHI640,21,225.2645999978995,13,8,0,13,1,1,1.0,0.6190476190476191
M0101/img000239.jpg,M0101,239,238,F640,18,20.4401999944821,13,5,0,13,1,1,1.0,0.7222222222222222
M0101/img000239.jpg,M0101,239,238,F1280,18,27.48530000098981,13,5,0,13,1,1,1.0,0.7222222222222222
M0101/img000239.jpg,M0101,239,238,DensK1,19,39.465399997425266,13,6,0,13,1,1,1.0,0.6842105263157895
M0101/img000239.jpg,M0101,239,238,UnifAll,19,57.899000006727874,13,6,0,13,1,1,1.0,0.6842105263157895
M0101/img000239.jpg,M0101,239,238,SAHI640,19,217.53179999359418,13,6,0,13,1,1,1.0,0.6842105263157895
M0101/img000240.jpg,M0101,240,239,F640,17,16.07979999971576,13,4,0,13,1,1,1.0,0.7647058823529411
M0101/img000240.jpg,M0101,240,239,F1280,19,34.14909999992233,13,6,0,13,1,1,1.0,0.6842105263157895
M0101/img000240.jpg,M0101,240,239,DensK1,19,38.68499999225605,13,6,0,13,1,1,1.0,0.6842105263157895
M0101/img000240.jpg,M0101,240,239,UnifAll,19,63.618500003940426,13,6,0,13,1,1,1.0,0.6842105263157895
M0101/img000240.jpg,M0101,240,239,SAHI640,19,187.71379999816418,13,6,0,13,1,1,1.0,0.6842105263157895
M0101/img000241.jpg,M0101,241,240,F640,20,22.477999998955056,13,7,0,13,1,1,1.0,0.65
M0101/img000241.jpg,M0101,241,240,F1280,19,38.25199999846518,13,6,0,13,1,1,1.0,0.6842105263157895
M0101/img000241.jpg,M0101,241,240,DensK1,22,42.298400003346615,13,9,0,13,1,1,1.0,0.5909090909090909
M0101/img000241.jpg,M0101,241,240,UnifAll,22,59.44409999938216,13,9,0,13,1,1,1.0,0.5909090909090909
M0101/img000241.jpg,M0101,241,240,SAHI640,22,212.5891000032425,13,9,0,13,1,1,1.0,0.5909090909090909
M0101/img000242.jpg,M0101,242,241,F640,19,18.692699988605455,13,6,0,13,1,1,1.0,0.6842105263157895
M0101/img000242.jpg,M0101,242,241,F1280,19,35.10519998962991,13,6,0,13,1,1,1.0,0.6842105263157895
M0101/img000242.jpg,M0101,242,241,DensK1,20,38.51159999612719,13,7,0,13,1,1,1.0,0.65
M0101/img000242.jpg,M0101,242,241,UnifAll,20,51.92819998774212,13,7,0,13,1,1,1.0,0.65
M0101/img000242.jpg,M0101,242,241,SAHI640,20,210.72399998956826,13,7,0,13,1,1,1.0,0.65
M0101/img000243.jpg,M0101,243,242,F640,19,18.39319999271538,13,6,0,13,1,1,1.0,0.6842105263157895
M0101/img000243.jpg,M0101,243,242,F1280,20,33.48900000855792,13,7,0,13,1,1,1.0,0.65
M0101/img000243.jpg,M0101,243,242,DensK1,20,41.53110001061577,13,7,0,13,1,1,1.0,0.65
M0101/img000243.jpg,M0101,243,242,UnifAll,20,57.06149998877663,13,7,0,13,1,1,1.0,0.65
M0101/img000243.jpg,M0101,243,242,SAHI640,20,201.49780000792816,13,7,0,13,1,1,1.0,0.65
M0101/img000244.jpg,M0101,244,243,F640,17,21.49680000729859,13,4,0,13,1,1,1.0,0.7647058823529411
M0101/img000244.jpg,M0101,244,243,F1280,19,33.830899992608465,13,6,0,13,1,1,1.0,0.6842105263157895
M0101/img000244.jpg,M0101,244,243,DensK1,19,34.522999994806014,13,6,0,13,1,1,1.0,0.6842105263157895
M0101/img000244.jpg,M0101,244,243,UnifAll,19,55.04460001247935,13,6,0,13,1,1,1.0,0.6842105263157895
M0101/img000244.jpg,M0101,244,243,SAHI640,18,206.7523000005167,13,5,0,13,1,1,1.0,0.7222222222222222
M0101/img000245.jpg,M0101,245,244,F640,18,20.39890000014566,13,5,0,13,1,1,1.0,0.7222222222222222
M0101/img000245.jpg,M0101,245,244,F1280,18,36.71890000987332,13,5,0,13,1,1,1.0,0.7222222222222222
M0101/img000245.jpg,M0101,245,244,DensK1,21,40.00289998657536,13,8,0,13,1,1,1.0,0.6190476190476191
M0101/img000245.jpg,M0101,245,244,UnifAll,21,54.82499999925494,13,8,0,13,1,1,1.0,0.6190476190476191
M0101/img000245.jpg,M0101,245,244,SAHI640,21,199.97600000351667,13,8,0,13,1,1,1.0,0.6190476190476191
M0101/img000246.jpg,M0101,246,245,F640,19,18.934499996248633,13,6,0,13,1,1,1.0,0.6842105263157895
M0101/img000246.jpg,M0101,246,245,F1280,19,35.64550000010058,13,6,0,13,1,1,1.0,0.6842105263157895
M0101/img000246.jpg,M0101,246,245,DensK1,20,44.299400004092604,13,7,0,13,1,1,1.0,0.65
M0101/img000246.jpg,M0101,246,245,UnifAll,20,52.14169999817386,13,7,0,13,1,1,1.0,0.65
M0101/img000246.jpg,M0101,246,245,SAHI640,20,375.8086000016192,13,7,0,13,1,1,1.0,0.65
M0101/img000247.jpg,M0101,247,246,F640,17,15.577300000586547,13,4,0,13,1,1,1.0,0.7647058823529411
M0101/img000247.jpg,M0101,247,246,F1280,20,29.834800006938167,13,7,0,13,1,1,1.0,0.65
M0101/img000247.jpg,M0101,247,246,DensK1,20,42.38440000335686,13,7,0,13,1,1,1.0,0.65
M0101/img000247.jpg,M0101,247,246,UnifAll,20,58.40169999282807,13,7,0,13,1,1,1.0,0.65
M0101/img000247.jpg,M0101,247,246,SAHI640,19,230.61430000234395,13,6,0,13,1,1,1.0,0.6842105263157895
M0101/img000248.jpg,M0101,248,247,F640,19,16.095099999802187,13,6,0,13,1,1,1.0,0.6842105263157895
M0101/img000248.jpg,M0101,248,247,F1280,20,27.861800001119263,13,7,0,13,1,1,1.0,0.65
M0101/img000248.jpg,M0101,248,247,DensK1,21,47.43900000175927,13,8,0,13,1,1,1.0,0.6190476190476191
M0101/img000248.jpg,M0101,248,247,UnifAll,21,66.26819999655709,13,8,0,13,1,1,1.0,0.6190476190476191
M0101/img000248.jpg,M0101,248,247,SAHI640,23,208.41920000384562,13,10,0,13,1,1,1.0,0.5652173913043478
M0101/img000249.jpg,M0101,249,248,F640,20,17.788900004234165,13,7,0,13,1,1,1.0,0.65
M0101/img000249.jpg,M0101,249,248,F1280,22,27.241199990385212,13,9,0,13,1,1,1.0,0.5909090909090909
M0101/img000249.jpg,M0101,249,248,DensK1,22,43.37420000229031,13,9,0,13,1,1,1.0,0.5909090909090909
M0101/img000249.jpg,M0101,249,248,UnifAll,22,62.757799998507835,13,9,0,13,1,1,1.0,0.5909090909090909
M0101/img000249.jpg,M0101,249,248,SAHI640,20,196.28649999503978,13,7,0,13,1,1,1.0,0.65
M0101/img000250.jpg,M0101,250,249,F640,18,17.480299997259863,13,5,0,13,1,1,1.0,0.7222222222222222
M0101/img000250.jpg,M0101,250,249,F1280,21,25.919599996996112,13,8,0,13,1,1,1.0,0.6190476190476191
M0101/img000250.jpg,M0101,250,249,DensK1,22,51.2386000045808,13,9,0,13,1,1,1.0,0.5909090909090909
M0101/img000250.jpg,M0101,250,249,UnifAll,22,53.072499998961575,13,9,0,13,1,1,1.0,0.5909090909090909
M0101/img000250.jpg,M0101,250,249,SAHI640,20,221.03459999198094,13,7,0,13,1,1,1.0,0.65
M0101/img000251.jpg,M0101,251,250,F640,19,16.279100003885105,13,6,0,13,2,2,1.0,0.6842105263157895
M0101/img000251.jpg,M0101,251,250,F1280,22,26.11419999448117,13,9,0,13,2,2,1.0,0.5909090909090909
M0101/img000251.jpg,M0101,251,250,DensK1,24,46.99350000009872,13,11,0,13,2,2,1.0,0.5416666666666666
M0101/img000251.jpg,M0101,251,250,UnifAll,24,57.00329999672249,13,11,0,13,2,2,1.0,0.5416666666666666
M0101/img000251.jpg,M0101,251,250,SAHI640,21,234.21249999955762,13,8,0,13,2,2,1.0,0.6190476190476191
M0101/img000252.jpg,M0101,252,251,F640,18,21.034699995652772,12,6,0,12,2,2,1.0,0.6666666666666666
M0101/img000252.jpg,M0101,252,251,F1280,18,28.22059999743942,12,6,0,12,2,2,1.0,0.6666666666666666
M0101/img000252.jpg,M0101,252,251,DensK1,23,61.01729998772498,12,11,0,12,2,2,1.0,0.5217391304347826
M0101/img000252.jpg,M0101,252,251,UnifAll,23,55.566200011526234,12,11,0,12,2,2,1.0,0.5217391304347826
M0101/img000252.jpg,M0101,252,251,SAHI640,20,219.32400000514463,12,8,0,12,2,2,1.0,0.6
M0101/img000253.jpg,M0101,253,252,F640,16,16.40409999527037,12,4,0,12,2,2,1.0,0.75
M0101/img000253.jpg,M0101,253,252,F1280,21,24.650799998198636,12,9,0,12,2,2,1.0,0.5714285714285714
M0101/img000253.jpg,M0101,253,252,DensK1,23,47.309200002928264,12,11,0,12,2,2,1.0,0.5217391304347826
M0101/img000253.jpg,M0101,253,252,UnifAll,23,59.472499997355044,12,11,0,12,2,2,1.0,0.5217391304347826
M0101/img000253.jpg,M0101,253,252,SAHI640,19,193.74830000742804,12,7,0,12,2,2,1.0,0.631578947368421
M0101/img000254.jpg,M0101,254,253,F640,17,20.410999990417622,12,5,0,12,2,2,1.0,0.7058823529411765
M0101/img000254.jpg,M0101,254,253,F1280,19,28.872599999886006,12,7,0,12,2,2,1.0,0.631578947368421
M0101/img000254.jpg,M0101,254,253,DensK1,24,37.9967999906512,12,12,0,12,2,2,1.0,0.5
M0101/img000254.jpg,M0101,254,253,UnifAll,24,59.48029999854043,12,12,0,12,2,2,1.0,0.5
M0101/img000254.jpg,M0101,254,253,SAHI640,20,207.59520000137854,12,8,0,12,2,2,1.0,0.6
M0101/img000255.jpg,M0101,255,254,F640,19,20.880700001725927,12,7,0,12,2,2,1.0,0.631578947368421
M0101/img000255.jpg,M0101,255,254,F1280,21,33.59039999486413,12,9,0,12,2,2,1.0,0.5714285714285714
M0101/img000255.jpg,M0101,255,254,DensK1,21,46.67189999599941,12,9,0,12,2,2,1.0,0.5714285714285714
M0101/img000255.jpg,M0101,255,254,UnifAll,21,59.4660000060685,12,9,0,12,2,2,1.0,0.5714285714285714
M0101/img000255.jpg,M0101,255,254,SAHI640,19,219.7987999970792,12,7,0,12,2,2,1.0,0.631578947368421
M0101/img000256.jpg,M0101,256,255,F640,17,17.477999994298443,12,5,0,12,2,2,1.0,0.7058823529411765
M0101/img000256.jpg,M0101,256,255,F1280,21,37.30449998693075,12,9,0,12,2,2,1.0,0.5714285714285714
M0101/img000256.jpg,M0101,256,255,DensK1,22,41.14329999720212,12,10,0,12,2,2,1.0,0.5454545454545454
M0101/img000256.jpg,M0101,256,255,UnifAll,22,62.11519999487791,12,10,0,12,2,2,1.0,0.5454545454545454
M0101/img000256.jpg,M0101,256,255,SAHI640,18,192.2986999998102,12,6,0,12,2,2,1.0,0.6666666666666666
M0101/img000257.jpg,M0101,257,256,F640,18,33.370300006936304,12,6,0,12,2,2,1.0,0.6666666666666666
M0101/img000257.jpg,M0101,257,256,F1280,20,34.941499994602054,12,8,0,12,2,2,1.0,0.6
M0101/img000257.jpg,M0101,257,256,DensK1,23,37.35739999683574,12,11,0,12,2,2,1.0,0.5217391304347826
M0101/img000257.jpg,M0101,257,256,UnifAll,23,58.73180000344291,12,11,0,12,2,2,1.0,0.5217391304347826
M0101/img000257.jpg,M0101,257,256,SAHI640,18,224.61079999629874,12,6,0,12,2,2,1.0,0.6666666666666666
M0101/img000258.jpg,M0101,258,257,F640,18,17.092599999159575,12,6,0,12,2,2,1.0,0.6666666666666666
M0101/img000258.jpg,M0101,258,257,F1280,20,30.695099994773045,12,8,0,12,2,2,1.0,0.6
M0101/img000258.jpg,M0101,258,257,DensK1,20,53.56980000215117,12,8,0,12,2,2,1.0,0.6
M0101/img000258.jpg,M0101,258,257,UnifAll,20,61.085800000000745,12,8,0,12,2,2,1.0,0.6
M0101/img000258.jpg,M0101,258,257,SAHI640,20,216.0200999933295,12,8,0,12,2,2,1.0,0.6
M0101/img000259.jpg,M0101,259,258,F640,17,19.76670000294689,12,5,0,12,2,2,1.0,0.7058823529411765
M0101/img000259.jpg,M0101,259,258,F1280,20,36.185399992973544,12,8,0,12,2,2,1.0,0.6
M0101/img000259.jpg,M0101,259,258,DensK1,18,35.887499994714744,12,6,0,12,2,2,1.0,0.6666666666666666
M0101/img000259.jpg,M0101,259,258,UnifAll,18,59.958500001812354,12,6,0,12,2,2,1.0,0.6666666666666666
M0101/img000259.jpg,M0101,259,258,SAHI640,20,193.34289999096654,12,8,0,12,2,2,1.0,0.6
M0101/img000260.jpg,M0101,260,259,F640,19,19.63850000174716,12,7,0,12,2,2,1.0,0.631578947368421
M0101/img000260.jpg,M0101,260,259,F1280,19,33.234800008358434,12,7,0,12,2,2,1.0,0.631578947368421
M0101/img000260.jpg,M0101,260,259,DensK1,20,41.71140000107698,12,8,0,12,2,2,1.0,0.6
M0101/img000260.jpg,M0101,260,259,UnifAll,20,58.830200010561384,12,8,0,12,2,2,1.0,0.6
M0101/img000260.jpg,M0101,260,259,SAHI640,21,221.51950000261422,12,9,0,12,2,2,1.0,0.5714285714285714
M0101/img000261.jpg,M0101,261,260,F640,16,19.408000007388182,12,4,0,12,2,2,1.0,0.75
M0101/img000261.jpg,M0101,261,260,F1280,20,29.36399998725392,12,8,0,12,2,2,1.0,0.6
M0101/img000261.jpg,M0101,261,260,DensK1,18,39.61110000091139,12,6,0,12,2,2,1.0,0.6666666666666666
M0101/img000261.jpg,M0101,261,260,UnifAll,18,68.69699999515433,12,6,0,12,2,2,1.0,0.6666666666666666
M0101/img000261.jpg,M0101,261,260,SAHI640,21,192.87929999700282,12,9,0,12,2,2,1.0,0.5714285714285714
M0101/img000262.jpg,M0101,262,261,F640,17,19.076399999903515,12,5,0,12,2,2,1.0,0.7058823529411765
M0101/img000262.jpg,M0101,262,261,F1280,20,39.30279999622144,12,8,0,12,2,2,1.0,0.6
M0101/img000262.jpg,M0101,262,261,DensK1,20,33.9207999932114,12,8,0,12,2,2,1.0,0.6
M0101/img000262.jpg,M0101,262,261,UnifAll,20,53.03490000369493,12,8,0,12,2,2,1.0,0.6
M0101/img000262.jpg,M0101,262,261,SAHI640,21,185.97749999025837,12,9,0,12,2,2,1.0,0.5714285714285714
M0101/img000263.jpg,M0101,263,262,F640,18,24.53169999353122,12,6,0,12,2,2,1.0,0.6666666666666666
M0101/img000263.jpg,M0101,263,262,F1280,18,36.130400010733865,12,6,0,12,2,2,1.0,0.6666666666666666
M0101/img000263.jpg,M0101,263,262,DensK1,21,39.372800005367026,12,9,0,12,2,2,1.0,0.5714285714285714
M0101/img000263.jpg,M0101,263,262,UnifAll,21,57.71739999181591,12,9,0,12,2,2,1.0,0.5714285714285714
M0101/img000263.jpg,M0101,263,262,SAHI640,22,199.50060000701342,12,10,0,12,2,2,1.0,0.5454545454545454
M0101/img000264.jpg,M0101,264,263,F640,17,21.496000001206994,12,5,0,12,2,2,1.0,0.7058823529411765
M0101/img000264.jpg,M0101,264,263,F1280,19,37.732700002379715,12,7,0,12,2,2,1.0,0.631578947368421
M0101/img000264.jpg,M0101,264,263,DensK1,20,39.04350000084378,12,8,0,12,2,2,1.0,0.6
M0101/img000264.jpg,M0101,264,263,UnifAll,20,58.0508999992162,12,8,0,12,2,2,1.0,0.6
M0101/img000264.jpg,M0101,264,263,SAHI640,19,223.94189999613445,12,7,0,12,2,2,1.0,0.631578947368421
M0101/img000265.jpg,M0101,265,264,F640,14,21.622299987939186,12,2,0,12,2,2,1.0,0.8571428571428571
M0101/img000265.jpg,M0101,265,264,F1280,18,38.00700001011137,12,6,0,12,2,2,1.0,0.6666666666666666
M0101/img000265.jpg,M0101,265,264,DensK1,20,38.414900001953356,12,8,0,12,2,2,1.0,0.6
M0101/img000265.jpg,M0101,265,264,UnifAll,20,57.79590000747703,12,8,0,12,2,2,1.0,0.6
M0101/img000265.jpg,M0101,265,264,SAHI640,20,221.43329998652916,12,8,0,12,2,2,1.0,0.6
M0101/img000266.jpg,M0101,266,265,F640,17,18.625400000019,12,5,0,12,2,2,1.0,0.7058823529411765
M0101/img000266.jpg,M0101,266,265,F1280,17,32.78409999620635,12,5,0,12,2,2,1.0,0.7058823529411765
M0101/img000266.jpg,M0101,266,265,DensK1,20,41.26939999696333,12,8,0,12,2,2,1.0,0.6
M0101/img000266.jpg,M0101,266,265,UnifAll,20,63.72400000691414,12,8,0,12,2,2,1.0,0.6
M0101/img000266.jpg,M0101,266,265,SAHI640,21,203.95430001372006,12,9,0,12,2,2,1.0,0.5714285714285714
M0101/img000267.jpg,M0101,267,266,F640,19,20.102599999518134,12,7,0,12,2,2,1.0,0.631578947368421
M0101/img000267.jpg,M0101,267,266,F1280,18,30.570800008717924,12,6,0,12,2,2,1.0,0.6666666666666666
M0101/img000267.jpg,M0101,267,266,DensK1,20,36.5724000002956,12,8,0,12,2,2,1.0,0.6
M0101/img000267.jpg,M0101,267,266,UnifAll,20,54.97250000189524,12,8,0,12,2,2,1.0,0.6
M0101/img000267.jpg,M0101,267,266,SAHI640,20,233.78789999696892,12,8,0,12,2,2,1.0,0.6
M0101/img000268.jpg,M0101,268,267,F640,19,20.772200005012564,12,7,0,12,2,2,1.0,0.631578947368421
M0101/img000268.jpg,M0101,268,267,F1280,18,34.39559999969788,12,6,0,12,2,2,1.0,0.6666666666666666
M0101/img000268.jpg,M0101,268,267,DensK1,22,35.451200004899874,12,10,0,12,2,2,1.0,0.5454545454545454
M0101/img000268.jpg,M0101,268,267,UnifAll,22,53.769699996337295,12,10,0,12,2,2,1.0,0.5454545454545454
M0101/img000268.jpg,M0101,268,267,SAHI640,21,216.85579999757465,12,9,0,12,2,2,1.0,0.5714285714285714
M0101/img000269.jpg,M0101,269,268,F640,17,20.8654000016395,12,5,0,12,2,2,1.0,0.7058823529411765
M0101/img000269.jpg,M0101,269,268,F1280,18,27.436199990916066,12,6,0,12,2,2,1.0,0.6666666666666666
M0101/img000269.jpg,M0101,269,268,DensK1,20,38.066900000558235,12,8,0,12,2,2,1.0,0.6
M0101/img000269.jpg,M0101,269,268,UnifAll,20,52.21419999725185,12,8,0,12,2,2,1.0,0.6
M0101/img000269.jpg,M0101,269,268,SAHI640,18,207.09399999759626,12,6,0,12,2,2,1.0,0.6666666666666666
M0101/img000270.jpg,M0101,270,269,F640,16,20.627599995350465,12,4,0,12,2,2,1.0,0.75
M0101/img000270.jpg,M0101,270,269,F1280,18,36.13519998907577,12,6,0,12,2,2,1.0,0.6666666666666666
M0101/img000270.jpg,M0101,270,269,DensK1,19,36.5925999940373,12,7,0,12,2,2,1.0,0.631578947368421
M0101/img000270.jpg,M0101,270,269,UnifAll,19,54.28480000409763,12,7,0,12,2,2,1.0,0.631578947368421
M0101/img000270.jpg,M0101,270,269,SAHI640,18,211.4212000014959,12,6,0,12,2,2,1.0,0.6666666666666666
M0101/img000271.jpg,M0101,271,270,F640,16,19.289200005005114,12,4,0,12,2,2,1.0,0.75
M0101/img000271.jpg,M0101,271,270,F1280,17,35.069000005023554,12,5,0,12,2,2,1.0,0.7058823529411765
M0101/img000271.jpg,M0101,271,270,DensK1,21,40.8884000062244,12,9,0,12,2,2,1.0,0.5714285714285714
M0101/img000271.jpg,M0101,271,270,UnifAll,21,61.547400007839315,12,9,0,12,2,2,1.0,0.5714285714285714
M0101/img000271.jpg,M0101,271,270,SAHI640,18,209.63369999662973,12,6,0,12,2,2,1.0,0.6666666666666666
M0101/img000272.jpg,M0101,272,271,F640,16,21.10050000192132,12,4,0,12,2,2,1.0,0.75
M0101/img000272.jpg,M0101,272,271,F1280,17,35.88300000410527,12,5,0,12,2,2,1.0,0.7058823529411765
M0101/img000272.jpg,M0101,272,271,DensK1,19,41.58239999378566,12,7,0,12,2,2,1.0,0.631578947368421
M0101/img000272.jpg,M0101,272,271,UnifAll,19,52.89130000164732,12,7,0,12,2,2,1.0,0.631578947368421
M0101/img000272.jpg,M0101,272,271,SAHI640,18,226.40929999761283,12,6,0,12,2,2,1.0,0.6666666666666666
M0101/img000273.jpg,M0101,273,272,F640,16,20.72309999493882,12,4,0,12,2,2,1.0,0.75
M0101/img000273.jpg,M0101,273,272,F1280,17,33.692400000290945,12,5,0,12,2,2,1.0,0.7058823529411765
M0101/img000273.jpg,M0101,273,272,DensK1,18,38.614499993855134,12,6,0,12,2,2,1.0,0.6666666666666666
M0101/img000273.jpg,M0101,273,272,UnifAll,18,58.613100001821294,12,6,0,12,2,2,1.0,0.6666666666666666
M0101/img000273.jpg,M0101,273,272,SAHI640,19,203.1654000020353,12,7,0,12,2,2,1.0,0.631578947368421
M0101/img000274.jpg,M0101,274,273,F640,21,18.872300002840348,12,9,0,12,2,2,1.0,0.5714285714285714
M0101/img000274.jpg,M0101,274,273,F1280,17,32.61499998916406,12,5,0,12,2,2,1.0,0.7058823529411765
M0101/img000274.jpg,M0101,274,273,DensK1,22,40.02739999850746,12,10,0,12,2,2,1.0,0.5454545454545454
M0101/img000274.jpg,M0101,274,273,UnifAll,23,55.08950000512414,12,11,0,12,2,2,1.0,0.5217391304347826
M0101/img000274.jpg,M0101,274,273,SAHI640,23,236.25190000166185,12,11,0,12,2,2,1.0,0.5217391304347826
M0101/img000275.jpg,M0101,275,274,F640,17,23.440999997546896,12,5,0,12,2,2,1.0,0.7058823529411765
M0101/img000275.jpg,M0101,275,274,F1280,16,33.19940000073984,12,4,0,12,2,2,1.0,0.75
M0101/img000275.jpg,M0101,275,274,DensK1,19,33.97689999837894,12,7,0,12,2,2,1.0,0.631578947368421
M0101/img000275.jpg,M0101,275,274,UnifAll,20,59.64459999813698,12,8,0,12,2,2,1.0,0.6
M0101/img000275.jpg,M0101,275,274,SAHI640,19,212.0571999985259,12,7,0,12,2,2,1.0,0.631578947368421
M0101/img000276.jpg,M0101,276,275,F640,17,19.470300001557916,12,5,0,12,2,2,1.0,0.7058823529411765
M0101/img000276.jpg,M0101,276,275,F1280,18,39.45999999996275,12,6,0,12,2,2,1.0,0.6666666666666666
M0101/img000276.jpg,M0101,276,275,DensK1,20,39.036400004988536,12,8,0,12,2,2,1.0,0.6
M0101/img000276.jpg,M0101,276,275,UnifAll,21,59.221900010015815,12,9,0,12,2,2,1.0,0.5714285714285714
M0101/img000276.jpg,M0101,276,275,SAHI640,19,177.56890000600833,12,7,0,12,2,2,1.0,0.631578947368421
M0101/img000277.jpg,M0101,277,276,F640,19,19.61450000817422,12,7,0,12,2,2,1.0,0.631578947368421
M0101/img000277.jpg,M0101,277,276,F1280,18,47.94429999310523,12,6,0,12,2,2,1.0,0.6666666666666666
M0101/img000277.jpg,M0101,277,276,DensK1,19,38.81359999650158,12,7,0,12,2,2,1.0,0.631578947368421
M0101/img000277.jpg,M0101,277,276,UnifAll,20,47.72590000357013,12,8,0,12,2,2,1.0,0.6
M0101/img000277.jpg,M0101,277,276,SAHI640,22,191.24839999130927,12,10,0,12,2,2,1.0,0.5454545454545454
M0101/img000278.jpg,M0101,278,277,F640,17,23.107100001652725,12,5,0,12,2,2,1.0,0.7058823529411765
M0101/img000278.jpg,M0101,278,277,F1280,18,29.05950001149904,12,6,0,12,2,2,1.0,0.6666666666666666
M0101/img000278.jpg,M0101,278,277,DensK1,20,35.68499999528285,12,8,0,12,2,2,1.0,0.6
M0101/img000278.jpg,M0101,278,277,UnifAll,20,62.32539999473374,12,8,0,12,2,2,1.0,0.6
M0101/img000278.jpg,M0101,278,277,SAHI640,20,152.05030000652187,12,8,0,12,2,2,1.0,0.6
M0101/img000279.jpg,M0101,279,278,F640,19,18.401799999992363,12,7,0,12,2,2,1.0,0.631578947368421
M0101/img000279.jpg,M0101,279,278,F1280,18,31.22629999415949,12,6,0,12,2,2,1.0,0.6666666666666666
M0101/img000279.jpg,M0101,279,278,DensK1,20,31.096199993044138,12,8,0,12,2,2,1.0,0.6
M0101/img000279.jpg,M0101,279,278,UnifAll,20,56.16120000195224,12,8,0,12,2,2,1.0,0.6
M0101/img000279.jpg,M0101,279,278,SAHI640,20,211.62100000947248,12,8,0,12,2,2,1.0,0.6
M0101/img000280.jpg,M0101,280,279,F640,17,16.665700008161366,12,5,0,12,2,2,1.0,0.7058823529411765
M0101/img000280.jpg,M0101,280,279,F1280,17,34.133199995267205,12,5,0,12,2,2,1.0,0.7058823529411765
M0101/img000280.jpg,M0101,280,279,DensK1,19,31.77980000327807,12,7,0,12,2,2,1.0,0.631578947368421
M0101/img000280.jpg,M0101,280,279,UnifAll,19,53.416899987496436,12,7,0,12,2,2,1.0,0.631578947368421
M0101/img000280.jpg,M0101,280,279,SAHI640,19,176.56560000614263,12,7,0,12,2,2,1.0,0.631578947368421
M0101/img000281.jpg,M0101,281,280,F640,19,15.227500000037253,12,7,0,12,2,2,1.0,0.631578947368421
M0101/img000281.jpg,M0101,281,280,F1280,17,28.949500003363937,12,5,0,12,2,2,1.0,0.7058823529411765
M0101/img000281.jpg,M0101,281,280,DensK1,20,29.538300004787743,12,8,0,12,2,2,1.0,0.6
M0101/img000281.jpg,M0101,281,280,UnifAll,20,75.92690001183655,12,8,0,12,2,2,1.0,0.6
M0101/img000281.jpg,M0101,281,280,SAHI640,20,222.80319999845233,12,8,0,12,2,2,1.0,0.6
M0101/img000282.jpg,M0101,282,281,F640,18,25.76970000518486,12,6,0,12,2,2,1.0,0.6666666666666666
M0101/img000282.jpg,M0101,282,281,F1280,18,29.980699997395277,12,6,0,12,2,2,1.0,0.6666666666666666
M0101/img000282.jpg,M0101,282,281,DensK1,21,37.88560000248253,12,9,0,12,2,2,1.0,0.5714285714285714
M0101/img000282.jpg,M0101,282,281,UnifAll,21,65.69309999758843,12,9,0,12,2,2,1.0,0.5714285714285714
M0101/img000282.jpg,M0101,282,281,SAHI640,21,172.76699999638367,12,9,0,12,2,2,1.0,0.5714285714285714
M0101/img000283.jpg,M0101,283,282,F640,16,32.306499997503124,12,4,0,12,2,2,1.0,0.75
M0101/img000283.jpg,M0101,283,282,F1280,19,27.76429998630192,12,7,0,12,2,2,1.0,0.631578947368421
M0101/img000283.jpg,M0101,283,282,DensK1,19,47.623200007365085,12,7,0,12,2,2,1.0,0.631578947368421
M0101/img000283.jpg,M0101,283,282,UnifAll,19,50.51180000009481,12,7,0,12,2,2,1.0,0.631578947368421
M0101/img000283.jpg,M0101,283,282,SAHI640,20,162.8943999967305,12,8,0,12,2,2,1.0,0.6
M0101/img000284.jpg,M0101,284,283,F640,18,14.542999997502193,12,6,0,12,1,1,1.0,0.6666666666666666
M0101/img000284.jpg,M0101,284,283,F1280,18,34.34570001263637,12,6,0,12,1,1,1.0,0.6666666666666666
M0101/img000284.jpg,M0101,284,283,DensK1,21,59.573799997451715,12,9,0,12,1,1,1.0,0.5714285714285714
M0101/img000284.jpg,M0101,284,283,UnifAll,21,49.19579999113921,12,9,0,12,1,1,1.0,0.5714285714285714
M0101/img000284.jpg,M0101,284,283,SAHI640,21,158.9452999905916,12,9,0,12,1,1,1.0,0.5714285714285714
M0101/img000285.jpg,M0101,285,284,F640,16,15.658100004657172,12,4,0,12,2,2,1.0,0.75
M0101/img000285.jpg,M0101,285,284,F1280,17,34.49570000520907,12,5,0,12,2,2,1.0,0.7058823529411765
M0101/img000285.jpg,M0101,285,284,DensK1,20,32.175799991819076,12,8,0,12,2,2,1.0,0.6
M0101/img000285.jpg,M0101,285,284,UnifAll,21,53.244599999743514,12,9,0,12,2,2,1.0,0.5714285714285714
M0101/img000285.jpg,M0101,285,284,SAHI640,19,208.33690000290517,12,7,0,12,2,2,1.0,0.631578947368421
M0101/img000286.jpg,M0101,286,285,F640,18,32.77720000187401,12,6,0,12,3,3,1.0,0.6666666666666666
M0101/img000286.jpg,M0101,286,285,F1280,19,38.74280001036823,12,7,0,12,3,3,1.0,0.631578947368421
M0101/img000286.jpg,M0101,286,285,DensK1,21,50.375099992379546,12,9,0,12,3,3,1.0,0.5714285714285714
M0101/img000286.jpg,M0101,286,285,UnifAll,22,80.96150000346825,12,10,0,12,3,3,1.0,0.5454545454545454
M0101/img000286.jpg,M0101,286,285,SAHI640,20,198.37300000654068,12,8,0,12,3,3,1.0,0.6
M0101/img000287.jpg,M0101,287,286,F640,16,17.010199997457676,12,4,0,12,2,2,1.0,0.75
M0101/img000287.jpg,M0101,287,286,F1280,21,26.682600000640377,12,9,0,12,2,2,1.0,0.5714285714285714
M0101/img000287.jpg,M0101,287,286,DensK1,21,44.89409999223426,12,9,0,12,2,2,1.0,0.5714285714285714
M0101/img000287.jpg,M0101,287,286,UnifAll,22,78.85400000668596,12,10,0,12,2,2,1.0,0.5454545454545454
M0101/img000287.jpg,M0101,287,286,SAHI640,23,172.20410000300035,12,11,0,12,2,2,1.0,0.5217391304347826
M0101/img000288.jpg,M0101,288,287,F640,16,14.48419998632744,12,4,0,12,2,2,1.0,0.75
M0101/img000288.jpg,M0101,288,287,F1280,18,24.489000003086403,12,6,0,12,2,2,1.0,0.6666666666666666
M0101/img000288.jpg,M0101,288,287,DensK1,22,29.09729999373667,11,11,0,12,2,2,1.0,0.5
M0101/img000288.jpg,M0101,288,287,UnifAll,24,44.80270000931341,11,13,0,12,2,2,1.0,0.4583333333333333
M0101/img000288.jpg,M0101,288,287,SAHI640,22,179.08519999764394,12,10,0,12,2,2,1.0,0.5454545454545454
M0101/img000289.jpg,M0101,289,288,F640,19,36.65089998685289,12,7,0,12,2,2,1.0,0.631578947368421
M0101/img000289.jpg,M0101,289,288,F1280,18,27.97179999470245,12,6,0,12,2,2,1.0,0.6666666666666666
M0101/img000289.jpg,M0101,289,288,DensK1,23,52.9915999941295,12,11,0,12,2,2,1.0,0.5217391304347826
M0101/img000289.jpg,M0101,289,288,UnifAll,24,89.47760000592098,12,12,0,12,2,2,1.0,0.5
M0101/img000289.jpg,M0101,289,288,SAHI640,23,196.1489000095753,12,11,0,12,2,2,1.0,0.5217391304347826
M0101/img000290.jpg,M0101,290,289,F640,18,14.297400004579686,12,6,0,12,3,3,1.0,0.6666666666666666
M0101/img000290.jpg,M0101,290,289,F1280,18,27.1779000031529,12,6,0,12,3,3,1.0,0.6666666666666666
M0101/img000290.jpg,M0101,290,289,DensK1,21,37.93299999961164,12,9,0,12,3,3,1.0,0.5714285714285714
M0101/img000290.jpg,M0101,290,289,UnifAll,22,56.85220001032576,12,10,0,12,3,3,1.0,0.5454545454545454
M0101/img000290.jpg,M0101,290,289,SAHI640,20,239.6874999976717,12,8,0,12,3,3,1.0,0.6
M0101/img000291.jpg,M0101,291,290,F640,16,15.960000004270114,11,5,0,11,1,1,1.0,0.6875
M0101/img000291.jpg,M0101,291,290,F1280,17,26.562400002148934,11,6,0,11,1,1,1.0,0.6470588235294118
M0101/img000291.jpg,M0101,291,290,DensK1,22,41.51579999597743,11,11,0,11,1,1,1.0,0.5
M0101/img000291.jpg,M0101,291,290,UnifAll,23,68.28059999679681,11,12,0,11,1,1,1.0,0.4782608695652174
M0101/img000291.jpg,M0101,291,290,SAHI640,22,184.19930001255125,11,11,0,11,1,1,1.0,0.5
M0101/img000292.jpg,M0101,292,291,F640,15,14.359099994180724,10,5,0,11,1,1,1.0,0.6666666666666666
M0101/img000292.jpg,M0101,292,291,F1280,18,24.243200008640997,11,7,0,11,1,1,1.0,0.6111111111111112
M0101/img000292.jpg,M0101,292,291,DensK1,21,32.65349999128375,11,10,0,11,1,1,1.0,0.5238095238095238
M0101/img000292.jpg,M0101,292,291,UnifAll,23,57.93769999581855,11,12,0,11,1,1,1.0,0.4782608695652174
M0101/img000292.jpg,M0101,292,291,SAHI640,20,216.08260000357404,11,9,0,11,1,1,1.0,0.55
M0101/img000293.jpg,M0101,293,292,F640,18,15.76349999231752,11,7,0,11,2,2,1.0,0.6111111111111112
M0101/img000293.jpg,M0101,293,292,F1280,18,26.903799996944144,11,7,0,11,2,2,1.0,0.6111111111111112
M0101/img000293.jpg,M0101,293,292,DensK1,20,34.85819998604711,11,9,0,11,2,2,1.0,0.55
M0101/img000293.jpg,M0101,293,292,UnifAll,21,61.35030000586994,11,10,0,11,2,2,1.0,0.5238095238095238
M0101/img000293.jpg,M0101,293,292,SAHI640,21,203.66070000454783,11,10,0,11,2,2,1.0,0.5238095238095238
M0101/img000294.jpg,M0101,294,293,F640,17,16.926900003454648,11,6,0,11,2,2,1.0,0.6470588235294118
M0101/img000294.jpg,M0101,294,293,F1280,18,35.57809999620076,11,7,0,11,2,2,1.0,0.6111111111111112
M0101/img000294.jpg,M0101,294,293,DensK1,20,44.80790000525303,11,9,0,11,2,2,1.0,0.55
M0101/img000294.jpg,M0101,294,293,UnifAll,21,51.86070001218468,11,10,0,11,2,2,1.0,0.5238095238095238
M0101/img000294.jpg,M0101,294,293,SAHI640,19,193.0350000038743,11,8,0,11,2,2,1.0,0.5789473684210527
M0101/img000295.jpg,M0101,295,294,F640,18,35.42060000472702,11,7,0,11,2,2,1.0,0.6111111111111112
M0101/img000295.jpg,M0101,295,294,F1280,18,39.92300000390969,11,7,0,11,2,2,1.0,0.6111111111111112
M0101/img000295.jpg,M0101,295,294,DensK1,20,44.07409999112133,11,9,0,11,2,2,1.0,0.55
M0101/img000295.jpg,M0101,295,294,UnifAll,21,58.24519999441691,11,10,0,11,2,2,1.0,0.5238095238095238
M0101/img000295.jpg,M0101,295,294,SAHI640,22,208.73179999762215,11,11,0,11,2,2,1.0,0.5
M0101/img000296.jpg,M0101,296,295,F640,18,14.21979999577161,10,8,0,11,2,2,1.0,0.5555555555555556
M0101/img000296.jpg,M0101,296,295,F1280,17,47.65340000449214,10,7,0,11,2,2,1.0,0.5882352941176471
M0101/img000296.jpg,M0101,296,295,DensK1,20,39.5278999931179,10,10,0,11,2,2,1.0,0.5
M0101/img000296.jpg,M0101,296,295,UnifAll,21,54.94570000155363,10,11,0,11,2,2,1.0,0.47619047619047616
M0101/img000296.jpg,M0101,296,295,SAHI640,20,373.4385999996448,11,9,0,11,2,2,1.0,0.55
M0101/img000297.jpg,M0101,297,296,F640,18,16.1212999955751,10,8,0,11,3,2,0.6666666666666666,0.5555555555555556
M0101/img000297.jpg,M0101,297,296,F1280,16,39.576399998622946,10,6,0,11,3,2,0.6666666666666666,0.625
M0101/img000297.jpg,M0101,297,296,DensK1,20,37.24189999047667,10,10,0,11,3,2,0.6666666666666666,0.5
M0101/img000297.jpg,M0101,297,296,UnifAll,21,59.93129999842495,10,11,0,11,3,2,0.6666666666666666,0.47619047619047616
M0101/img000297.jpg,M0101,297,296,SAHI640,18,208.4130000002915,11,7,0,11,3,3,1.0,0.6111111111111112
M0101/img000298.jpg,M0101,298,297,F640,19,16.07710000826046,10,9,0,11,3,2,0.6666666666666666,0.5263157894736842
M0101/img000298.jpg,M0101,298,297,F1280,16,36.76429999177344,10,6,0,11,3,2,0.6666666666666666,0.625
M0101/img000298.jpg,M0101,298,297,DensK1,21,31.7403000080958,10,11,0,11,3,2,0.6666666666666666,0.47619047619047616
M0101/img000298.jpg,M0101,298,297,UnifAll,23,44.768300009309314,10,13,0,11,3,2,0.6666666666666666,0.43478260869565216
M0101/img000298.jpg,M0101,298,297,SAHI640,21,181.0360999952536,11,10,0,11,3,3,1.0,0.5238095238095238
M0101/img000299.jpg,M0101,299,298,F640,18,22.223799998755567,10,8,0,11,3,2,0.6666666666666666,0.5555555555555556
M0101/img000299.jpg,M0101,299,298,F1280,17,35.034800006542355,10,7,0,11,3,2,0.6666666666666666,0.5882352941176471
M0101/img000299.jpg,M0101,299,298,DensK1,20,34.80780000973027,10,10,0,11,3,2,0.6666666666666666,0.5
M0101/img000299.jpg,M0101,299,298,UnifAll,21,47.19759999716189,10,11,0,11,3,2,0.6666666666666666,0.47619047619047616
M0101/img000299.jpg,M0101,299,298,SAHI640,19,190.03840000368655,10,9,0,11,3,2,0.6666666666666666,0.5263157894736842
M0101/img000300.jpg,M0101,300,299,F640,17,16.142299995408393,10,7,0,11,3,2,0.6666666666666666,0.5882352941176471
M0101/img000300.jpg,M0101,300,299,F1280,18,29.480299999704584,10,8,0,11,3,2,0.6666666666666666,0.5555555555555556
M0101/img000300.jpg,M0101,300,299,DensK1,20,36.77570000581909,10,10,0,11,3,2,0.6666666666666666,0.5
M0101/img000300.jpg,M0101,300,299,UnifAll,21,53.78240000572987,10,11,0,11,3,2,0.6666666666666666,0.47619047619047616
M0101/img000300.jpg,M0101,300,299,SAHI640,20,209.7613999940222,11,9,0,11,3,3,1.0,0.55
M0101/img000301.jpg,M0101,301,300,F640,17,23.420099998475052,10,7,0,11,3,2,0.6666666666666666,0.5882352941176471
M0101/img000301.jpg,M0101,301,300,F1280,18,30.745700001716614,10,8,0,11,3,2,0.6666666666666666,0.5555555555555556
M0101/img000301.jpg,M0101,301,300,DensK1,20,43.99000000557862,10,10,0,11,3,2,0.6666666666666666,0.5
M0101/img000301.jpg,M0101,301,300,UnifAll,21,75.65400000021327,10,11,0,11,3,2,0.6666666666666666,0.47619047619047616
M0101/img000301.jpg,M0101,301,300,SAHI640,21,262.6696999941487,11,10,0,11,3,3,1.0,0.5238095238095238
M0101/img000302.jpg,M0101,302,301,F640,20,22.384299998520873,11,9,0,11,2,2,1.0,0.55
M0101/img000302.jpg,M0101,302,301,F1280,18,32.43700000166427,10,8,0,11,2,1,0.5,0.5555555555555556
M0101/img000302.jpg,M0101,302,301,DensK1,22,72.78669999504928,11,11,0,11,2,2,1.0,0.5
M0101/img000302.jpg,M0101,302,301,UnifAll,23,107.64490001020022,11,12,0,11,2,2,1.0,0.4782608695652174
M0101/img000302.jpg,M0101,302,301,SAHI640,20,169.72679999889806,11,9,0,11,2,2,1.0,0.55
M0101/img000303.jpg,M0101,303,302,F640,19,14.374199992744252,10,9,0,11,2,1,0.5,0.5263157894736842
M0101/img000303.jpg,M0101,303,302,F1280,18,34.35889999673236,11,7,0,11,2,2,1.0,0.6111111111111112
M0101/img000303.jpg,M0101,303,302,DensK1,21,35.502899991115555,11,10,0,11,2,2,1.0,0.5238095238095238
M0101/img000303.jpg,M0101,303,302,UnifAll,22,76.95679999596905,11,11,0,11,2,2,1.0,0.5
M0101/img000303.jpg,M0101,303,302,SAHI640,19,209.2125000053784,11,8,0,11,2,2,1.0,0.5789473684210527
M0101/img000304.jpg,M0101,304,303,F640,20,15.422800002852455,11,9,0,11,2,2,1.0,0.55
M0101/img000304.jpg,M0101,304,303,F1280,17,35.74079999816604,10,7,0,11,2,1,0.5,0.5882352941176471
M0101/img000304.jpg,M0101,304,303,DensK1,21,38.012700009858236,11,10,0,11,2,2,1.0,0.5238095238095238
M0101/img000304.jpg,M0101,304,303,UnifAll,23,50.952300007338636,11,12,0,11,2,2,1.0,0.4782608695652174
M0101/img000304.jpg,M0101,304,303,SAHI640,18,171.6048999951454,11,7,0,11,2,2,1.0,0.6111111111111112
M0101/img000305.jpg,M0101,305,304,F640,18,19.006000002264045,11,7,0,11,2,2,1.0,0.6111111111111112
M0101/img000305.jpg,M0101,305,304,F1280,18,53.37379999400582,11,7,0,11,2,2,1.0,0.6111111111111112
M0101/img000305.jpg,M0101,305,304,DensK1,21,58.34800000593532,11,10,0,11,2,2,1.0,0.5238095238095238
M0101/img000305.jpg,M0101,305,304,UnifAll,23,64.14820000645705,11,12,0,11,2,2,1.0,0.4782608695652174
M0101/img000305.jpg,M0101,305,304,SAHI640,17,225.96789999806788,11,6,0,11,2,2,1.0,0.6470588235294118
M0101/img000306.jpg,M0101,306,305,F640,18,40.962800005218014,11,7,0,11,2,2,1.0,0.6111111111111112
M0101/img000306.jpg,M0101,306,305,F1280,18,36.95410001091659,11,7,0,11,2,2,1.0,0.6111111111111112
M0101/img000306.jpg,M0101,306,305,DensK1,21,54.97150000883266,11,10,0,11,2,2,1.0,0.5238095238095238
M0101/img000306.jpg,M0101,306,305,UnifAll,23,64.71449999662582,11,12,0,11,2,2,1.0,0.4782608695652174
M0101/img000306.jpg,M0101,306,305,SAHI640,17,161.35629999917,11,6,0,11,2,2,1.0,0.6470588235294118
M0101/img000307.jpg,M0101,307,306,F640,18,15.619300000253133,11,7,0,11,2,2,1.0,0.6111111111111112
M0101/img000307.jpg,M0101,307,306,F1280,17,31.02410001156386,11,6,0,11,2,2,1.0,0.6470588235294118
M0101/img000307.jpg,M0101,307,306,DensK1,20,41.73939999600407,11,9,0,11,2,2,1.0,0.55
M0101/img000307.jpg,M0101,307,306,UnifAll,21,95.06030000920873,11,10,0,11,2,2,1.0,0.5238095238095238
M0101/img000307.jpg,M0101,307,306,SAHI640,18,228.39719998592045,11,7,0,11,2,2,1.0,0.6111111111111112
M0101/img000308.jpg,M0101,308,307,F640,15,24.181000000680797,11,4,0,11,2,2,1.0,0.7333333333333333
M0101/img000308.jpg,M0101,308,307,F1280,18,35.408299998380244,11,7,0,11,2,2,1.0,0.6111111111111112
M0101/img000308.jpg,M0101,308,307,DensK1,20,55.39399999543093,11,9,0,11,2,2,1.0,0.55
M0101/img000308.jpg,M0101,308,307,UnifAll,21,90.06790000421461,11,10,0,11,2,2,1.0,0.5238095238095238
M0101/img000308.jpg,M0101,308,307,SAHI640,19,180.0707000074908,11,8,0,11,2,2,1.0,0.5789473684210527
M0101/img000309.jpg,M0101,309,308,F640,15,22.019900003215298,10,5,0,11,2,1,0.5,0.6666666666666666
M0101/img000309.jpg,M0101,309,308,F1280,18,30.457400003797375,11,7,0,11,2,2,1.0,0.6111111111111112
M0101/img000309.jpg,M0101,309,308,DensK1,20,35.632400002214126,10,10,0,11,2,1,0.5,0.5
M0101/img000309.jpg,M0101,309,308,UnifAll,21,62.38859999575652,10,11,0,11,2,1,0.5,0.47619047619047616
M0101/img000309.jpg,M0101,309,308,SAHI640,20,196.93060001009144,11,9,0,11,2,2,1.0,0.55
M0101/img000310.jpg,M0101,310,309,F640,14,18.26690000598319,10,4,0,11,2,1,0.5,0.7142857142857143
M0101/img000310.jpg,M0101,310,309,F1280,20,26.652000000467524,11,9,0,11,2,2,1.0,0.55
M0101/img000310.jpg,M0101,310,309,DensK1,20,36.7168000084348,10,10,0,11,2,1,0.5,0.5
M0101/img000310.jpg,M0101,310,309,UnifAll,21,58.46450000535697,10,11,0,11,2,1,0.5,0.47619047619047616
M0101/img000310.jpg,M0101,310,309,SAHI640,19,245.0371000013547,11,8,0,11,2,2,1.0,0.5789473684210527
M0101/img000311.jpg,M0101,311,310,F640,16,17.6896999910241,11,5,0,11,1,1,1.0,0.6875
M0101/img000311.jpg,M0101,311,310,F1280,19,35.98529999726452,11,8,0,11,1,1,1.0,0.5789473684210527
M0101/img000311.jpg,M0101,311,310,DensK1,20,35.53879998798948,11,9,0,11,1,1,1.0,0.55
M0101/img000311.jpg,M0101,311,310,UnifAll,21,44.877599997562356,11,10,0,11,1,1,1.0,0.5238095238095238
M0101/img000311.jpg,M0101,311,310,SAHI640,18,206.61290000134613,11,7,0,11,1,1,1.0,0.6111111111111112
M0101/img000312.jpg,M0101,312,311,F640,17,20.800800004508346,11,6,0,11,1,1,1.0,0.6470588235294118
M0101/img000312.jpg,M0101,312,311,F1280,19,28.75769999809563,11,8,0,11,1,1,1.0,0.5789473684210527
M0101/img000312.jpg,M0101,312,311,DensK1,19,38.96980000718031,11,8,0,11,1,1,1.0,0.5789473684210527
M0101/img000312.jpg,M0101,312,311,UnifAll,20,64.12719999207184,11,9,0,11,1,1,1.0,0.55
M0101/img000312.jpg,M0101,312,311,SAHI640,20,203.1042000016896,11,9,0,11,1,1,1.0,0.55
M0101/img000313.jpg,M0101,313,312,F640,17,19.76299998932518,11,6,0,11,1,1,1.0,0.6470588235294118
M0101/img000313.jpg,M0101,313,312,F1280,18,27.841500006616116,11,7,0,11,1,1,1.0,0.6111111111111112
M0101/img000313.jpg,M0101,313,312,DensK1,20,41.81200001039542,11,9,0,11,1,1,1.0,0.55
M0101/img000313.jpg,M0101,313,312,UnifAll,21,64.7908999962965,11,10,0,11,1,1,1.0,0.5238095238095238
M0101/img000313.jpg,M0101,313,312,SAHI640,21,170.7767000043532,11,10,0,11,1,1,1.0,0.5238095238095238
M0101/img000314.jpg,M0101,314,313,F640,18,14.983899993239902,11,7,0,11,1,1,1.0,0.6111111111111112
M0101/img000314.jpg,M0101,314,313,F1280,18,24.245099994004704,11,7,0,11,1,1,1.0,0.6111111111111112
M0101/img000314.jpg,M0101,314,313,DensK1,20,29.52329999243375,11,9,0,11,1,1,1.0,0.55
M0101/img000314.jpg,M0101,314,313,UnifAll,21,55.51679999916814,11,10,0,11,1,1,1.0,0.5238095238095238
M0101/img000314.jpg,M0101,314,313,SAHI640,19,169.84199998842087,11,8,0,11,1,1,1.0,0.5789473684210527
M0101/img000315.jpg,M0101,315,314,F640,18,14.136199999484234,11,7,0,11,1,1,1.0,0.6111111111111112
M0101/img000315.jpg,M0101,315,314,F1280,16,30.67739999096375,11,5,0,11,1,1,1.0,0.6875
M0101/img000315.jpg,M0101,315,314,DensK1,20,29.513100002077408,11,9,0,11,1,1,1.0,0.55
M0101/img000315.jpg,M0101,315,314,UnifAll,22,56.66129999735858,11,11,0,11,1,1,1.0,0.5
M0101/img000315.jpg,M0101,315,314,SAHI640,18,193.2206000055885,11,7,0,11,1,1,1.0,0.6111111111111112
M0101/img000316.jpg,M0101,316,315,F640,17,14.534799993271008,11,6,0,11,1,1,1.0,0.6470588235294118
M0101/img000316.jpg,M0101,316,315,F1280,17,32.427300000563264,11,6,0,11,1,1,1.0,0.6470588235294118
M0101/img000316.jpg,M0101,316,315,DensK1,19,36.481500006630085,11,8,0,11,1,1,1.0,0.5789473684210527
M0101/img000316.jpg,M0101,316,315,UnifAll,21,46.406699999351986,11,10,0,11,1,1,1.0,0.5238095238095238
M0101/img000316.jpg,M0101,316,315,SAHI640,20,173.22080000303686,11,9,0,11,1,1,1.0,0.55
M0101/img000317.jpg,M0101,317,316,F640,18,14.549100000294857,11,7,0,11,1,1,1.0,0.6111111111111112
M0101/img000317.jpg,M0101,317,316,F1280,16,39.97779999917839,11,5,0,11,1,1,1.0,0.6875
M0101/img000317.jpg,M0101,317,316,DensK1,20,41.66149999946356,11,9,0,11,1,1,1.0,0.55
M0101/img000317.jpg,M0101,317,316,UnifAll,21,58.88599999889266,11,10,0,11,1,1,1.0,0.5238095238095238
M0101/img000317.jpg,M0101,317,316,SAHI640,19,167.00669999409,11,8,0,11,1,1,1.0,0.5789473684210527
M0101/img000318.jpg,M0101,318,317,F640,17,31.935499995597638,11,6,0,11,1,1,1.0,0.6470588235294118
M0101/img000318.jpg,M0101,318,317,F1280,17,40.97339999862015,11,6,0,11,1,1,1.0,0.6470588235294118
M0101/img000318.jpg,M0101,318,317,DensK1,20,30.846300011035055,11,9,0,11,1,1,1.0,0.55
M0101/img000318.jpg,M0101,318,317,UnifAll,21,46.70530000294093,11,10,0,11,1,1,1.0,0.5238095238095238
M0101/img000318.jpg,M0101,318,317,SAHI640,19,165.03760000341572,11,8,0,11,1,1,1.0,0.5789473684210527
M0101/img000319.jpg,M0101,319,318,F640,18,16.435099998489022,11,7,0,11,1,1,1.0,0.6111111111111112
M0101/img000319.jpg,M0101,319,318,F1280,17,26.05749999929685,11,6,0,11,1,1,1.0,0.6470588235294118
M0101/img000319.jpg,M0101,319,318,DensK1,20,31.090199991012923,11,9,0,11,1,1,1.0,0.55
M0101/img000319.jpg,M0101,319,318,UnifAll,21,51.31529999198392,11,10,0,11,1,1,1.0,0.5238095238095238
M0101/img000319.jpg,M0101,319,318,SAHI640,20,212.99650000582915,11,9,0,11,1,1,1.0,0.55
M0101/img000320.jpg,M0101,320,319,F640,17,16.286600002786145,11,6,0,11,1,1,1.0,0.6470588235294118
M0101/img000320.jpg,M0101,320,319,F1280,18,27.220299991313368,11,7,0,11,1,1,1.0,0.6111111111111112
M0101/img000320.jpg,M0101,320,319,DensK1,19,38.409700006013736,11,8,0,11,1,1,1.0,0.5789473684210527
M0101/img000320.jpg,M0101,320,319,UnifAll,20,42.47909999685362,11,9,0,11,1,1,1.0,0.55
M0101/img000320.jpg,M0101,320,319,SAHI640,20,192.62849999358878,11,9,0,11,1,1,1.0,0.55
M0101/img000321.jpg,M0101,321,320,F640,17,38.015600002836436,11,6,0,11,1,1,1.0,0.6470588235294118
M0101/img000321.jpg,M0101,321,320,F1280,18,30.90709999378305,11,7,0,11,1,1,1.0,0.6111111111111112
M0101/img000321.jpg,M0101,321,320,DensK1,19,54.70779999450315,11,8,0,11,1,1,1.0,0.5789473684210527
M0101/img000321.jpg,M0101,321,320,UnifAll,20,92.98149999813177,11,9,0,11,1,1,1.0,0.55
M0101/img000321.jpg,M0101,321,320,SAHI640,19,170.62309999892022,11,8,0,11,1,1,1.0,0.5789473684210527
M0101/img000322.jpg,M0101,322,321,F640,17,14.09879999118857,11,6,0,11,1,1,1.0,0.6470588235294118
M0101/img000322.jpg,M0101,322,321,F1280,18,35.528100008377805,11,7,0,11,1,1,1.0,0.6111111111111112
M0101/img000322.jpg,M0101,322,321,DensK1,18,58.71499999193475,11,7,0,11,1,1,1.0,0.6111111111111112
M0101/img000322.jpg,M0101,322,321,UnifAll,19,82.41029999044258,11,8,0,11,1,1,1.0,0.5789473684210527
M0101/img000322.jpg,M0101,322,321,SAHI640,19,237.50280000967905,11,8,0,11,1,1,1.0,0.5789473684210527
M0101/img000323.jpg,M0101,323,322,F640,20,32.47360000386834,11,9,0,11,1,1,1.0,0.55
M0101/img000323.jpg,M0101,323,322,F1280,17,36.69629999785684,11,6,0,11,1,1,1.0,0.6470588235294118
M0101/img000323.jpg,M0101,323,322,DensK1,21,63.14920001022983,11,10,0,11,1,1,1.0,0.5238095238095238
M0101/img000323.jpg,M0101,323,322,UnifAll,22,78.57789999980014,11,11,0,11,1,1,1.0,0.5
M0101/img000323.jpg,M0101,323,322,SAHI640,18,218.32919999724254,11,7,0,11,1,1,1.0,0.6111111111111112
M0101/img000324.jpg,M0101,324,323,F640,17,36.34410000813659,11,6,0,11,1,1,1.0,0.6470588235294118
M0101/img000324.jpg,M0101,324,323,F1280,17,50.1901999959955,11,6,0,11,1,1,1.0,0.6470588235294118
M0101/img000324.jpg,M0101,324,323,DensK1,22,74.68760000483599,11,11,0,11,1,1,1.0,0.5
M0101/img000324.jpg,M0101,324,323,UnifAll,23,79.81799999834038,11,12,0,11,1,1,1.0,0.4782608695652174
M0101/img000324.jpg,M0101,324,323,SAHI640,21,266.40790000965353,11,10,0,11,1,1,1.0,0.5238095238095238
M0101/img000325.jpg,M0101,325,324,F640,18,22.768399998312816,11,7,0,11,1,1,1.0,0.6111111111111112
M0101/img000325.jpg,M0101,325,324,F1280,17,25.299399989307858,11,6,0,11,1,1,1.0,0.6470588235294118
M0101/img000325.jpg,M0101,325,324,DensK1,19,60.509300004923716,11,8,0,11,1,1,1.0,0.5789473684210527
M0101/img000325.jpg,M0101,325,324,UnifAll,20,102.97620001074392,11,9,0,11,1,1,1.0,0.55
M0101/img000325.jpg,M0101,325,324,SAHI640,20,189.10139999934472,11,9,0,11,1,1,1.0,0.55
M0101/img000326.jpg,M0101,326,325,F640,17,21.645400003762916,11,6,0,11,1,1,1.0,0.6470588235294118
M0101/img000326.jpg,M0101,326,325,F1280,17,44.8535999894375,11,6,0,11,1,1,1.0,0.6470588235294118
M0101/img000326.jpg,M0101,326,325,DensK1,18,73.78170000447426,11,7,0,11,1,1,1.0,0.6111111111111112
M0101/img000326.jpg,M0101,326,325,UnifAll,19,64.01870000991039,11,8,0,11,1,1,1.0,0.5789473684210527
M0101/img000326.jpg,M0101,326,325,SAHI640,21,181.89819999679457,11,10,0,11,1,1,1.0,0.5238095238095238
M0101/img000327.jpg,M0101,327,326,F640,16,16.298999995342456,11,5,0,11,0,0,nan,0.6875
M0101/img000327.jpg,M0101,327,326,F1280,18,41.843300001346506,11,7,0,11,0,0,nan,0.6111111111111112
M0101/img000327.jpg,M0101,327,326,DensK1,21,47.26140000275336,11,10,0,11,0,0,nan,0.5238095238095238
M0101/img000327.jpg,M0101,327,326,UnifAll,21,62.11260000418406,11,10,0,11,0,0,nan,0.5238095238095238
M0101/img000327.jpg,M0101,327,326,SAHI640,20,203.19640000525396,11,9,0,11,0,0,nan,0.55
M0101/img000328.jpg,M0101,328,327,F640,18,20.433500001672655,11,7,0,11,2,2,1.0,0.6111111111111112
M0101/img000328.jpg,M0101,328,327,F1280,20,37.654199986718595,11,9,0,11,2,2,1.0,0.55
M0101/img000328.jpg,M0101,328,327,DensK1,21,33.024799995473586,11,10,0,11,2,2,1.0,0.5238095238095238
M0101/img000328.jpg,M0101,328,327,UnifAll,21,70.86980000894982,11,10,0,11,2,2,1.0,0.5238095238095238
M0101/img000328.jpg,M0101,328,327,SAHI640,20,198.9631000033114,11,9,0,11,2,2,1.0,0.55
M0101/img000329.jpg,M0101,329,328,F640,18,14.34999999764841,10,8,0,11,1,1,1.0,0.5555555555555556
M0101/img000329.jpg,M0101,329,328,F1280,21,27.431299997260794,11,10,0,11,1,1,1.0,0.5238095238095238
M0101/img000329.jpg,M0101,329,328,DensK1,22,40.49919999670237,11,11,0,11,1,1,1.0,0.5
M0101/img000329.jpg,M0101,329,328,UnifAll,22,42.71270000026561,11,11,0,11,1,1,1.0,0.5
M0101/img000329.jpg,M0101,329,328,SAHI640,22,145.24810000148136,11,11,0,11,1,1,1.0,0.5
M0101/img000330.jpg,M0101,330,329,F640,19,16.128700008266605,11,8,0,11,2,2,1.0,0.5789473684210527
M0101/img000330.jpg,M0101,330,329,F1280,18,28.2357999967644,11,7,0,11,2,2,1.0,0.6111111111111112
M0101/img000330.jpg,M0101,330,329,DensK1,21,34.1677999967942,11,10,0,11,2,2,1.0,0.5238095238095238
M0101/img000330.jpg,M0101,330,329,UnifAll,21,78.4051999944495,11,10,0,11,2,2,1.0,0.5238095238095238
M0101/img000330.jpg,M0101,330,329,SAHI640,20,167.9718000086723,11,9,0,11,2,2,1.0,0.55
M0101/img000331.jpg,M0101,331,330,F640,19,15.903000006801449,10,9,0,10,1,1,1.0,0.5263157894736842
M0101/img000331.jpg,M0101,331,330,F1280,20,28.522699998575263,10,10,0,10,1,1,1.0,0.5
M0101/img000331.jpg,M0101,331,330,DensK1,20,33.73250000004191,10,10,0,10,1,1,1.0,0.5
M0101/img000331.jpg,M0101,331,330,UnifAll,21,58.3457000029739,10,11,0,10,1,1,1.0,0.47619047619047616
M0101/img000331.jpg,M0101,331,330,SAHI640,19,171.30939998605754,10,9,0,10,1,1,1.0,0.5263157894736842
M0101/img000332.jpg,M0101,332,331,F640,20,21.14630000141915,10,10,0,10,1,1,1.0,0.5
M0101/img000332.jpg,M0101,332,331,F1280,17,36.571799995726906,10,7,0,10,1,1,1.0,0.5882352941176471
M0101/img000332.jpg,M0101,332,331,DensK1,21,32.26910000375938,10,11,0,10,1,1,1.0,0.47619047619047616
M0101/img000332.jpg,M0101,332,331,UnifAll,22,49.34030000003986,10,12,0,10,1,1,1.0,0.45454545454545453
M0101/img000332.jpg,M0101,332,331,SAHI640,22,159.08440000202972,10,12,0,10,1,1,1.0,0.45454545454545453
M0101/img000333.jpg,M0101,333,332,F640,19,19.320999999763444,10,9,0,10,1,1,1.0,0.5263157894736842
M0101/img000333.jpg,M0101,333,332,F1280,19,35.068700002739206,10,9,0,10,1,1,1.0,0.5263157894736842
M0101/img000333.jpg,M0101,333,332,DensK1,23,49.21380001178477,10,13,0,10,1,1,1.0,0.43478260869565216
M0101/img000333.jpg,M0101,333,332,UnifAll,24,53.55880000570323,10,14,0,10,1,1,1.0,0.4166666666666667
M0101/img000333.jpg,M0101,333,332,SAHI640,19,164.85739999916404,10,9,0,10,1,1,1.0,0.5263157894736842
M0101/img000334.jpg,M0101,334,333,F640,15,18.83849999285303,10,5,0,10,2,2,1.0,0.6666666666666666
M0101/img000334.jpg,M0101,334,333,F1280,20,25.20370000274852,10,10,0,10,2,2,1.0,0.5
M0101/img000334.jpg,M0101,334,333,DensK1,20,39.852200003224425,10,10,0,10,2,2,1.0,0.5
M0101/img000334.jpg,M0101,334,333,UnifAll,21,56.45380000350997,10,11,0,10,2,2,1.0,0.47619047619047616
M0101/img000334.jpg,M0101,334,333,SAHI640,19,150.99959999497514,10,9,0,10,2,2,1.0,0.5263157894736842
M0101/img000335.jpg,M0101,335,334,F640,15,14.878899994073436,10,5,0,10,2,2,1.0,0.6666666666666666
M0101/img000335.jpg,M0101,335,334,F1280,20,28.71949999826029,10,10,0,10,2,2,1.0,0.5
M0101/img000335.jpg,M0101,335,334,DensK1,20,41.22450000431854,10,10,0,10,2,2,1.0,0.5
M0101/img000335.jpg,M0101,335,334,UnifAll,22,51.61039999802597,10,12,0,10,2,2,1.0,0.45454545454545453
M0101/img000335.jpg,M0101,335,334,SAHI640,20,166.6272000002209,9,11,0,10,2,1,0.5,0.45
M0101/img000336.jpg,M0101,336,335,F640,17,20.693900005426258,10,7,0,10,2,2,1.0,0.5882352941176471
M0101/img000336.jpg,M0101,336,335,F1280,20,37.12439999799244,10,10,0,10,2,2,1.0,0.5
M0101/img000336.jpg,M0101,336,335,DensK1,21,41.60090000368655,10,11,0,10,2,2,1.0,0.47619047619047616
M0101/img000336.jpg,M0101,336,335,UnifAll,23,44.243600001209415,10,13,0,10,2,2,1.0,0.43478260869565216
M0101/img000336.jpg,M0101,336,335,SAHI640,20,184.73129998892546,10,10,0,10,2,2,1.0,0.5
M0101/img000337.jpg,M0101,337,336,F640,14,19.514899991918355,10,4,0,10,2,2,1.0,0.7142857142857143
M0101/img000337.jpg,M0101,337,336,F1280,17,41.01470000750851,10,7,0,10,2,2,1.0,0.5882352941176471
M0101/img000337.jpg,M0101,337,336,DensK1,19,34.1484000091441,10,9,0,10,2,2,1.0,0.5263157894736842
M0101/img000337.jpg,M0101,337,336,UnifAll,19,52.636100008385256,10,9,0,10,2,2,1.0,0.5263157894736842
M0101/img000337.jpg,M0101,337,336,SAHI640,19,176.72319999837782,10,9,0,10,2,2,1.0,0.5263157894736842
M0101/img000338.jpg,M0101,338,337,F640,16,19.616100005805492,9,7,0,9,2,2,1.0,0.5625
M0101/img000338.jpg,M0101,338,337,F1280,18,24.770299991359934,9,9,0,9,2,2,1.0,0.5
M0101/img000338.jpg,M0101,338,337,DensK1,19,39.85839999222662,9,10,0,9,2,2,1.0,0.47368421052631576
M0101/img000338.jpg,M0101,338,337,UnifAll,19,50.212500005727634,9,10,0,9,2,2,1.0,0.47368421052631576
M0101/img000338.jpg,M0101,338,337,SAHI640,19,182.06219999410678,9,10,0,9,2,2,1.0,0.47368421052631576
M0101/img000339.jpg,M0101,339,338,F640,17,15.039599995361641,9,8,0,9,2,2,1.0,0.5294117647058824
M0101/img000339.jpg,M0101,339,338,F1280,18,32.734599997638725,9,9,0,9,2,2,1.0,0.5
M0101/img000339.jpg,M0101,339,338,DensK1,20,36.502399991150014,9,11,0,9,2,2,1.0,0.45
M0101/img000339.jpg,M0101,339,338,UnifAll,20,43.8267999998061,9,11,0,9,2,2,1.0,0.45
M0101/img000339.jpg,M0101,339,338,SAHI640,19,193.93410001066513,9,10,0,9,2,2,1.0,0.47368421052631576
M0101/img000340.jpg,M0101,340,339,F640,15,16.05560000461992,9,6,0,9,2,2,1.0,0.6
M0101/img000340.jpg,M0101,340,339,F1280,16,27.480299992021173,9,7,0,9,2,2,1.0,0.5625
M0101/img000340.jpg,M0101,340,339,DensK1,19,31.01819999574218,9,10,0,9,2,2,1.0,0.47368421052631576
M0101/img000340.jpg,M0101,340,339,UnifAll,19,48.780199998873286,9,10,0,9,2,2,1.0,0.47368421052631576
M0101/img000340.jpg,M0101,340,339,SAHI640,18,178.5438999941107,9,9,0,9,2,2,1.0,0.5
M0101/img000341.jpg,M0101,341,340,F640,16,15.79679999849759,9,7,0,10,3,2,0.6666666666666666,0.5625
M0101/img000341.jpg,M0101,341,340,F1280,17,25.403599996934645,9,8,0,10,3,2,0.6666666666666666,0.5294117647058824
M0101/img000341.jpg,M0101,341,340,DensK1,19,38.27609999279957,9,10,0,10,3,2,0.6666666666666666,0.47368421052631576
M0101/img000341.jpg,M0101,341,340,UnifAll,19,59.190399988438,9,10,0,10,3,2,0.6666666666666666,0.47368421052631576
M0101/img000341.jpg,M0101,341,340,SAHI640,18,178.9143000059994,9,9,0,10,3,2,0.6666666666666666,0.5
M0101/img000342.jpg,M0101,342,341,F640,15,15.064899998833425,10,5,0,10,3,3,1.0,0.6666666666666666
M0101/img000342.jpg,M0101,342,341,F1280,16,28.317599993897602,9,7,0,10,3,2,0.6666666666666666,0.5625
M0101/img000342.jpg,M0101,342,341,DensK1,17,40.121300000464544,10,7,0,10,3,3,1.0,0.5882352941176471
M0101/img000342.jpg,M0101,342,341,UnifAll,17,59.0684000053443,10,7,0,10,3,3,1.0,0.5882352941176471
M0101/img000342.jpg,M0101,342,341,SAHI640,18,226.31019999971613,10,8,0,10,3,3,1.0,0.5555555555555556
M0101/img000343.jpg,M0101,343,342,F640,17,30.64200001244899,10,7,0,10,3,3,1.0,0.5882352941176471
M0101/img000343.jpg,M0101,343,342,F1280,18,27.729199995519593,9,9,0,10,3,2,0.6666666666666666,0.5
M0101/img000343.jpg,M0101,343,342,DensK1,19,36.94379999069497,10,9,0,10,3,3,1.0,0.5263157894736842
M0101/img000343.jpg,M0101,343,342,UnifAll,20,63.548999998602085,10,10,0,10,3,3,1.0,0.5
M0101/img000343.jpg,M0101,343,342,SAHI640,22,224.5956999977352,10,12,0,10,3,3,1.0,0.45454545454545453
M0101/img000344.jpg,M0101,344,343,F640,15,20.636700006434694,9,6,0,10,3,2,0.6666666666666666,0.6
M0101/img000344.jpg,M0101,344,343,F1280,18,27.924299996811897,9,9,0,10,3,2,0.6666666666666666,0.5
M0101/img000344.jpg,M0101,344,343,DensK1,17,50.382000001263805,9,8,0,10,3,2,0.6666666666666666,0.5294117647058824
M0101/img000344.jpg,M0101,344,343,UnifAll,17,67.12419999530539,9,8,0,10,3,2,0.6666666666666666,0.5294117647058824
M0101/img000344.jpg,M0101,344,343,SAHI640,16,155.52519999619108,9,7,0,10,3,2,0.6666666666666666,0.5625
M0101/img000345.jpg,M0101,345,344,F640,15,17.259500004001893,9,6,0,10,3,2,0.6666666666666666,0.6
M0101/img000345.jpg,M0101,345,344,F1280,16,31.112499986193143,9,7,0,10,3,2,0.6666666666666666,0.5625
M0101/img000345.jpg,M0101,345,344,DensK1,19,29.296200009412132,9,10,0,10,3,2,0.6666666666666666,0.47368421052631576
M0101/img000345.jpg,M0101,345,344,UnifAll,19,76.60000000032596,9,10,0,10,3,2,0.6666666666666666,0.47368421052631576
M0101/img000345.jpg,M0101,345,344,SAHI640,17,223.41070001129992,9,8,0,10,3,2,0.6666666666666666,0.5294117647058824
M0101/img000346.jpg,M0101,346,345,F640,16,26.05230000335723,9,7,0,10,3,2,0.6666666666666666,0.5625
M0101/img000346.jpg,M0101,346,345,F1280,15,26.96099999593571,9,6,0,10,3,2,0.6666666666666666,0.6
M0101/img000346.jpg,M0101,346,345,DensK1,18,36.20059999229852,9,9,0,10,3,2,0.6666666666666666,0.5
M0101/img000346.jpg,M0101,346,345,UnifAll,18,57.550600002286956,9,9,0,10,3,2,0.6666666666666666,0.5
M0101/img000346.jpg,M0101,346,345,SAHI640,19,242.85999999847263,9,10,0,10,3,2,0.6666666666666666,0.47368421052631576
M0101/img000347.jpg,M0101,347,346,F640,16,20.159799998509698,9,7,0,10,3,2,0.6666666666666666,0.5625
M0101/img000347.jpg,M0101,347,346,F1280,17,29.328000004170462,9,8,0,10,3,2,0.6666666666666666,0.5294117647058824
M0101/img000347.jpg,M0101,347,346,DensK1,19,45.2722000045469,9,10,0,10,3,2,0.6666666666666666,0.47368421052631576
M0101/img000347.jpg,M0101,347,346,UnifAll,19,65.89019999955781,9,10,0,10,3,2,0.6666666666666666,0.47368421052631576
M0101/img000347.jpg,M0101,347,346,SAHI640,19,212.35809999052435,9,10,0,10,3,2,0.6666666666666666,0.47368421052631576
M0101/img000348.jpg,M0101,348,347,F640,17,21.1122000036994,9,8,0,10,2,1,0.5,0.5294117647058824
M0101/img000348.jpg,M0101,348,347,F1280,18,28.793199991923757,9,9,0,10,2,1,0.5,0.5
M0101/img000348.jpg,M0101,348,347,DensK1,19,47.7175999985775,9,10,0,10,2,1,0.5,0.47368421052631576
M0101/img000348.jpg,M0101,348,347,UnifAll,19,62.102799987769686,9,10,0,10,2,1,0.5,0.47368421052631576
M0101/img000348.jpg,M0101,348,347,SAHI640,17,214.48620001319796,9,8,0,10,2,1,0.5,0.5294117647058824
M0101/img000349.jpg,M0101,349,348,F640,14,23.833500003092922,9,5,0,10,3,2,0.6666666666666666,0.6428571428571429
M0101/img000349.jpg,M0101,349,348,F1280,18,28.383700002450496,9,9,0,10,3,2,0.6666666666666666,0.5
M0101/img000349.jpg,M0101,349,348,DensK1,19,38.79070001130458,9,10,0,10,3,2,0.6666666666666666,0.47368421052631576
M0101/img000349.jpg,M0101,349,348,UnifAll,19,62.997200002428144,9,10,0,10,3,2,0.6666666666666666,0.47368421052631576
M0101/img000349.jpg,M0101,349,348,SAHI640,15,197.83759998972528,9,6,0,10,3,2,0.6666666666666666,0.6
M0101/img000350.jpg,M0101,350,349,F640,14,28.957300004549325,9,5,0,10,3,2,0.6666666666666666,0.6428571428571429
M0101/img000350.jpg,M0101,350,349,F1280,18,29.44270000443794,9,9,0,10,3,2,0.6666666666666666,0.5
M0101/img000350.jpg,M0101,350,349,DensK1,17,31.654899998102337,9,8,0,10,3,2,0.6666666666666666,0.5294117647058824
M0101/img000350.jpg,M0101,350,349,UnifAll,18,53.36330000136513,9,9,0,10,3,2,0.6666666666666666,0.5
M0101/img000350.jpg,M0101,350,349,SAHI640,16,205.604000002495,9,7,0,10,3,2,0.6666666666666666,0.5625
M0101/img000351.jpg,M0101,351,350,F640,16,17.969099993933924,9,7,0,10,3,2,0.6666666666666666,0.5625
M0101/img000351.jpg,M0101,351,350,F1280,17,25.98079999734182,9,8,0,10,3,2,0.6666666666666666,0.5294117647058824
M0101/img000351.jpg,M0101,351,350,DensK1,18,40.98390000581276,9,9,0,10,3,2,0.6666666666666666,0.5
M0101/img000351.jpg,M0101,351,350,UnifAll,19,58.98130001151003,9,10,0,10,3,2,0.6666666666666666,0.47368421052631576
M0101/img000351.jpg,M0101,351,350,SAHI640,18,403.40830000059213,9,9,0,10,3,2,0.6666666666666666,0.5
M0101/img000352.jpg,M0101,352,351,F640,14,28.438299996196292,9,5,0,10,3,2,0.6666666666666666,0.6428571428571429
M0101/img000352.jpg,M0101,352,351,F1280,15,39.68000000168104,9,6,0,10,3,2,0.6666666666666666,0.6
M0101/img000352.jpg,M0101,352,351,DensK1,16,45.19399999117013,9,7,0,10,3,2,0.6666666666666666,0.5625
M0101/img000352.jpg,M0101,352,351,UnifAll,17,64.43939999735449,9,8,0,10,3,2,0.6666666666666666,0.5294117647058824
M0101/img000352.jpg,M0101,352,351,SAHI640,16,187.9893000004813,9,7,0,10,3,2,0.6666666666666666,0.5625
M0101/img000353.jpg,M0101,353,352,F640,15,16.64149999851361,9,6,0,10,3,2,0.6666666666666666,0.6
M0101/img000353.jpg,M0101,353,352,F1280,17,33.11560000292957,9,8,0,10,3,2,0.6666666666666666,0.5294117647058824
M0101/img000353.jpg,M0101,353,352,DensK1,17,48.66970000148285,9,8,0,10,3,2,0.6666666666666666,0.5294117647058824
M0101/img000353.jpg,M0101,353,352,UnifAll,18,48.18090000480879,9,9,0,10,3,2,0.6666666666666666,0.5
M0101/img000353.jpg,M0101,353,352,SAHI640,17,197.62010000704322,9,8,0,10,3,2,0.6666666666666666,0.5294117647058824
M0101/img000354.jpg,M0101,354,353,F640,17,19.705800004885532,9,8,0,10,3,2,0.6666666666666666,0.5294117647058824
M0101/img000354.jpg,M0101,354,353,F1280,16,49.58500000066124,9,7,0,10,3,2,0.6666666666666666,0.5625
M0101/img000354.jpg,M0101,354,353,DensK1,18,45.9841999982018,9,9,0,10,3,2,0.6666666666666666,0.5
M0101/img000354.jpg,M0101,354,353,UnifAll,19,48.75190000166185,9,10,0,10,3,2,0.6666666666666666,0.47368421052631576
M0101/img000354.jpg,M0101,354,353,SAHI640,18,172.34609999286477,9,9,0,10,3,2,0.6666666666666666,0.5
M0101/img000355.jpg,M0101,355,354,F640,18,16.045199998188764,10,8,0,10,3,3,1.0,0.5555555555555556
M0101/img000355.jpg,M0101,355,354,F1280,18,27.25060000375379,9,9,0,10,3,2,0.6666666666666666,0.5
M0101/img000355.jpg,M0101,355,354,DensK1,21,37.03950000635814,10,11,0,10,3,3,1.0,0.47619047619047616
M0101/img000355.jpg,M0101,355,354,UnifAll,21,58.646899997256696,10,11,0,10,3,3,1.0,0.47619047619047616
M0101/img000355.jpg,M0101,355,354,SAHI640,19,202.7667000074871,9,10,0,10,3,2,0.6666666666666666,0.47368421052631576
M0101/img000356.jpg,M0101,356,355,F640,19,21.10790000006091,10,9,0,10,3,3,1.0,0.5263157894736842
M0101/img000356.jpg,M0101,356,355,F1280,16,27.544399999896996,9,7,0,10,3,2,0.6666666666666666,0.5625
M0101/img000356.jpg,M0101,356,355,DensK1,21,39.76280000642873,10,11,0,10,3,3,1.0,0.47619047619047616
M0101/img000356.jpg,M0101,356,355,UnifAll,21,56.306900005438365,10,11,0,10,3,3,1.0,0.47619047619047616
M0101/img000356.jpg,M0101,356,355,SAHI640,17,170.9885000018403,9,8,0,10,3,2,0.6666666666666666,0.5294117647058824
M0101/img000357.jpg,M0101,357,356,F640,16,14.614100000471808,9,7,0,10,3,2,0.6666666666666666,0.5625
M0101/img000357.jpg,M0101,357,356,F1280,16,32.63590000278782,9,7,0,10,3,2,0.6666666666666666,0.5625
M0101/img000357.jpg,M0101,357,356,DensK1,19,30.556700003216974,9,10,0,10,3,2,0.6666666666666666,0.47368421052631576
M0101/img000357.jpg,M0101,357,356,UnifAll,20,49.40150000038557,10,10,0,10,3,3,1.0,0.5
M0101/img000357.jpg,M0101,357,356,SAHI640,20,191.619899997022,9,11,0,10,3,2,0.6666666666666666,0.45
M0101/img000358.jpg,M0101,358,357,F640,16,16.286900005070493,9,7,0,10,4,3,0.75,0.5625
M0101/img000358.jpg,M0101,358,357,F1280,18,32.69459999864921,9,9,0,10,4,3,0.75,0.5
M0101/img000358.jpg,M0101,358,357,DensK1,18,53.017099999124184,9,9,0,10,4,3,0.75,0.5
M0101/img000358.jpg,M0101,358,357,UnifAll,18,55.95059999905061,9,9,0,10,4,3,0.75,0.5
M0101/img000358.jpg,M0101,358,357,SAHI640,18,205.24019999720622,9,9,0,10,4,3,0.75,0.5
M0101/img000359.jpg,M0101,359,358,F640,19,19.7113000031095,10,9,0,10,4,4,1.0,0.5263157894736842
M0101/img000359.jpg,M0101,359,358,F1280,17,33.952900004806,9,8,0,10,4,3,0.75,0.5294117647058824
M0101/img000359.jpg,M0101,359,358,DensK1,20,39.47990000597201,10,10,0,10,4,4,1.0,0.5
M0101/img000359.jpg,M0101,359,358,UnifAll,20,59.093700008816086,10,10,0,10,4,4,1.0,0.5
M0101/img000359.jpg,M0101,359,358,SAHI640,18,181.0877999960212,9,9,0,10,4,3,0.75,0.5
M0101/img000360.jpg,M0101,360,359,F640,16,17.748999991454184,9,7,0,10,2,2,1.0,0.5625
M0101/img000360.jpg,M0101,360,359,F1280,17,45.03510000358801,9,8,0,10,2,2,1.0,0.5294117647058824
M0101/img000360.jpg,M0101,360,359,DensK1,19,64.39549999777228,9,10,0,10,2,2,1.0,0.47368421052631576
M0101/img000360.jpg,M0101,360,359,UnifAll,21,43.42010000254959,10,11,0,10,2,2,1.0,0.47619047619047616
M0101/img000360.jpg,M0101,360,359,SAHI640,16,210.24840000609402,9,7,0,10,2,2,1.0,0.5625
M0101/img000361.jpg,M0101,361,360,F640,15,25.546799995936453,9,6,0,10,3,2,0.6666666666666666,0.6
M0101/img000361.jpg,M0101,361,360,F1280,16,36.595800003851764,9,7,0,10,3,2,0.6666666666666666,0.5625
M0101/img000361.jpg,M0101,361,360,DensK1,17,36.32139999535866,9,8,0,10,3,2,0.6666666666666666,0.5294117647058824
M0101/img000361.jpg,M0101,361,360,UnifAll,18,50.902799994219095,9,9,0,10,3,2,0.6666666666666666,0.5
M0101/img000361.jpg,M0101,361,360,SAHI640,21,183.11240000184625,9,12,0,10,3,2,0.6666666666666666,0.42857142857142855
M0101/img000362.jpg,M0101,362,361,F640,17,23.445700004231185,9,8,0,10,3,3,1.0,0.5294117647058824
M0101/img000362.jpg,M0101,362,361,F1280,16,33.644199997070245,9,7,0,10,3,3,1.0,0.5625
M0101/img000362.jpg,M0101,362,361,DensK1,18,44.8531999863917,9,9,0,10,3,3,1.0,0.5
M0101/img000362.jpg,M0101,362,361,UnifAll,19,72.734200002742,10,9,0,10,3,3,1.0,0.5263157894736842
M0101/img000362.jpg,M0101,362,361,SAHI640,21,239.99700001149904,9,12,0,10,3,3,1.0,0.42857142857142855
M0101/img000363.jpg,M0101,363,362,F640,15,23.20129999134224,10,5,0,10,3,3,1.0,0.6666666666666666
M0101/img000363.jpg,M0101,363,362,F1280,16,34.1708999912953,9,7,0,10,3,3,1.0,0.5625
M0101/img000363.jpg,M0101,363,362,DensK1,17,36.17659999872558,10,7,0,10,3,3,1.0,0.5882352941176471
M0101/img000363.jpg,M0101,363,362,UnifAll,17,50.224200007505715,10,7,0,10,3,3,1.0,0.5882352941176471
M0101/img000363.jpg,M0101,363,362,SAHI640,18,175.01439999614377,10,8,0,10,3,3,1.0,0.5555555555555556
M0101/img000364.jpg,M0101,364,363,F640,15,27.81719999620691,10,5,0,10,3,3,1.0,0.6666666666666666
M0101/img000364.jpg,M0101,364,363,F1280,16,25.021699999342673,9,7,0,10,3,3,1.0,0.5625
M0101/img000364.jpg,M0101,364,363,DensK1,19,34.72680000413675,10,9,0,10,3,3,1.0,0.5263157894736842
M0101/img000364.jpg,M0101,364,363,UnifAll,19,52.27519999607466,10,9,0,10,3,3,1.0,0.5263157894736842
M0101/img000364.jpg,M0101,364,363,SAHI640,19,157.34990000783,10,9,0,10,3,3,1.0,0.5263157894736842
M0101/img000365.jpg,M0101,365,364,F640,16,14.484500003163703,10,6,0,10,3,3,1.0,0.625
M0101/img000365.jpg,M0101,365,364,F1280,17,29.960600004415028,9,8,0,10,3,3,1.0,0.5294117647058824
M0101/img000365.jpg,M0101,365,364,DensK1,20,57.2874000063166,10,10,0,10,3,3,1.0,0.5
M0101/img000365.jpg,M0101,365,364,UnifAll,21,68.89930000761524,10,11,0,10,3,3,1.0,0.47619047619047616
M0101/img000365.jpg,M0101,365,364,SAHI640,19,203.51010000740644,10,9,0,10,3,3,1.0,0.5263157894736842
M0101/img000366.jpg,M0101,366,365,F640,18,24.747699993895367,10,8,0,10,4,4,1.0,0.5555555555555556
M0101/img000366.jpg,M0101,366,365,F1280,18,26.876899995841086,9,9,0,10,4,4,1.0,0.5
M0101/img000366.jpg,M0101,366,365,DensK1,22,44.902399997226894,10,12,0,10,4,4,1.0,0.45454545454545453
M0101/img000366.jpg,M0101,366,365,UnifAll,22,63.15679999534041,10,12,0,10,4,4,1.0,0.45454545454545453
M0101/img000366.jpg,M0101,366,365,SAHI640,21,197.1244000014849,10,11,0,10,4,4,1.0,0.47619047619047616
M0101/img000367.jpg,M0101,367,366,F640,16,14.046099997358397,10,6,0,10,3,3,1.0,0.625
M0101/img000367.jpg,M0101,367,366,F1280,15,26.238799997372553,9,6,0,10,3,3,1.0,0.6
M0101/img000367.jpg,M0101,367,366,DensK1,19,36.017100006574765,10,9,0,10,3,3,1.0,0.5263157894736842
M0101/img000367.jpg,M0101,367,366,UnifAll,20,61.50100000377279,10,10,0,10,3,3,1.0,0.5
M0101/img000367.jpg,M0101,367,366,SAHI640,20,223.78759999992326,10,10,0,10,3,3,1.0,0.5
M0101/img000368.jpg,M0101,368,367,F640,17,14.431300005526282,10,7,0,10,3,3,1.0,0.5882352941176471
M0101/img000368.jpg,M0101,368,367,F1280,16,29.09870000439696,9,7,0,10,3,3,1.0,0.5625
M0101/img000368.jpg,M0101,368,367,DensK1,19,38.14550000242889,10,9,0,10,3,3,1.0,0.5263157894736842
M0101/img000368.jpg,M0101,368,367,UnifAll,19,57.28570000792388,10,9,0,10,3,3,1.0,0.5263157894736842
M0101/img000368.jpg,M0101,368,367,SAHI640,19,230.30160000780597,10,9,0,10,3,3,1.0,0.5263157894736842
M0101/img000369.jpg,M0101,369,368,F640,18,15.680399999837391,10,8,0,10,3,3,1.0,0.5555555555555556
M0101/img000369.jpg,M0101,369,368,F1280,17,25.47989999584388,9,8,0,10,3,3,1.0,0.5294117647058824
M0101/img000369.jpg,M0101,369,368,DensK1,20,37.8571000037482,10,10,0,10,3,3,1.0,0.5
M0101/img000369.jpg,M0101,369,368,UnifAll,20,53.81529999431223,10,10,0,10,3,3,1.0,0.5
M0101/img000369.jpg,M0101,369,368,SAHI640,19,185.49699999857694,10,9,0,10,3,3,1.0,0.5263157894736842
M0101/img000370.jpg,M0101,370,369,F640,16,15.456900000572205,10,6,0,10,3,3,1.0,0.625
M0101/img000370.jpg,M0101,370,369,F1280,18,25.55989999382291,9,9,0,10,3,3,1.0,0.5
M0101/img000370.jpg,M0101,370,369,DensK1,20,38.19709998788312,10,10,0,10,3,3,1.0,0.5
M0101/img000370.jpg,M0101,370,369,UnifAll,21,57.54429999797139,10,11,0,10,3,3,1.0,0.47619047619047616
M0101/img000370.jpg,M0101,370,369,SAHI640,21,175.384899994242,10,11,0,10,3,3,1.0,0.47619047619047616
M0101/img000371.jpg,M0101,371,370,F640,15,18.13320000655949,10,5,0,10,3,3,1.0,0.6666666666666666
M0101/img000371.jpg,M0101,371,370,F1280,16,39.32729999360163,9,7,0,10,3,3,1.0,0.5625
M0101/img000371.jpg,M0101,371,370,DensK1,18,37.972599995555356,10,8,0,10,3,3,1.0,0.5555555555555556
M0101/img000371.jpg,M0101,371,370,UnifAll,18,46.98259998986032,10,8,0,10,3,3,1.0,0.5555555555555556
M0101/img000371.jpg,M0101,371,370,SAHI640,18,200.55709998996463,10,8,0,10,3,3,1.0,0.5555555555555556
M0101/img000372.jpg,M0101,372,371,F640,15,21.893400000408292,10,5,0,10,3,3,1.0,0.6666666666666666
M0101/img000372.jpg,M0101,372,371,F1280,16,36.59689999767579,9,7,0,10,3,3,1.0,0.5625
M0101/img000372.jpg,M0101,372,371,DensK1,20,31.381499997223727,10,10,0,10,3,3,1.0,0.5
M0101/img000372.jpg,M0101,372,371,UnifAll,21,45.3949999937322,10,11,0,10,3,3,1.0,0.47619047619047616
M0101/img000372.jpg,M0101,372,371,SAHI640,17,201.25220000045374,10,7,0,10,3,3,1.0,0.5882352941176471
M0101/img000373.jpg,M0101,373,372,F640,15,16.702499997336417,10,5,0,10,3,3,1.0,0.6666666666666666
M0101/img000373.jpg,M0101,373,372,F1280,16,29.321299996809103,9,7,0,10,3,3,1.0,0.5625
M0101/img000373.jpg,M0101,373,372,DensK1,19,36.917699995683506,10,9,0,10,3,3,1.0,0.5263157894736842
M0101/img000373.jpg,M0101,373,372,UnifAll,19,60.991100006503984,10,9,0,10,3,3,1.0,0.5263157894736842
M0101/img000373.jpg,M0101,373,372,SAHI640,21,198.57900000351947,10,11,0,10,3,3,1.0,0.47619047619047616
M0101/img000374.jpg,M0101,374,373,F640,17,20.054199994774535,10,7,0,10,3,3,1.0,0.5882352941176471
M0101/img000374.jpg,M0101,374,373,F1280,17,36.95080000034068,9,8,0,10,3,3,1.0,0.5294117647058824
M0101/img000374.jpg,M0101,374,373,DensK1,19,32.521300003281794,10,9,0,10,3,3,1.0,0.5263157894736842
M0101/img000374.jpg,M0101,374,373,UnifAll,19,45.6080000003567,10,9,0,10,3,3,1.0,0.5263157894736842
M0101/img000374.jpg,M0101,374,373,SAHI640,20,176.14809999940917,10,10,0,10,3,3,1.0,0.5
M0101/img000375.jpg,M0101,375,374,F640,17,24.15610000025481,10,7,0,10,3,3,1.0,0.5882352941176471
M0101/img000375.jpg,M0101,375,374,F1280,16,27.34700001019519,9,7,0,10,3,3,1.0,0.5625
M0101/img000375.jpg,M0101,375,374,DensK1,19,35.3566999983741,10,9,0,10,3,3,1.0,0.5263157894736842
M0101/img000375.jpg,M0101,375,374,UnifAll,19,60.19560000277124,10,9,0,10,3,3,1.0,0.5263157894736842
M0101/img000375.jpg,M0101,375,374,SAHI640,20,156.1753999994835,10,10,0,10,3,3,1.0,0.5
M0101/img000376.jpg,M0101,376,375,F640,15,19.13359999889508,9,6,0,10,3,3,1.0,0.6
M0101/img000376.jpg,M0101,376,375,F1280,15,28.828500013332814,9,6,0,10,3,3,1.0,0.6
M0101/img000376.jpg,M0101,376,375,DensK1,18,31.324199997470714,9,9,0,10,3,3,1.0,0.5
M0101/img000376.jpg,M0101,376,375,UnifAll,19,45.150300007662736,9,10,0,10,3,3,1.0,0.47368421052631576
M0101/img000376.jpg,M0101,376,375,SAHI640,18,190.23069999821018,9,9,0,10,3,3,1.0,0.5
M0101/img000377.jpg,M0101,377,376,F640,18,14.907000004313886,10,8,0,10,3,3,1.0,0.5555555555555556
M0101/img000377.jpg,M0101,377,376,F1280,17,32.794700004160404,9,8,0,10,3,3,1.0,0.5294117647058824
M0101/img000377.jpg,M0101,377,376,DensK1,21,36.26870000152849,10,11,0,10,3,3,1.0,0.47619047619047616
M0101/img000377.jpg,M0101,377,376,UnifAll,22,59.56129998958204,10,12,0,10,3,3,1.0,0.45454545454545453
M0101/img000377.jpg,M0101,377,376,SAHI640,21,190.99080000887625,10,11,0,10,3,3,1.0,0.47619047619047616
M0101/img000378.jpg,M0101,378,377,F640,20,30.82410000206437,10,10,0,10,3,3,1.0,0.5
M0101/img000378.jpg,M0101,378,377,F1280,16,42.939000006299466,9,7,0,10,3,3,1.0,0.5625
M0101/img000378.jpg,M0101,378,377,DensK1,22,42.04830000526272,10,12,0,10,3,3,1.0,0.45454545454545453
M0101/img000378.jpg,M0101,378,377,UnifAll,23,43.80529999616556,10,13,0,10,3,3,1.0,0.43478260869565216
M0101/img000378.jpg,M0101,378,377,SAHI640,19,179.67440000211354,9,10,0,10,3,3,1.0,0.47368421052631576
M0101/img000379.jpg,M0101,379,378,F640,17,20.558999996865168,10,7,0,10,3,3,1.0,0.5882352941176471
M0101/img000379.jpg,M0101,379,378,F1280,15,28.263300002436154,9,6,0,10,3,3,1.0,0.6
M0101/img000379.jpg,M0101,379,378,DensK1,21,43.22439999668859,10,11,0,10,3,3,1.0,0.47619047619047616
M0101/img000379.jpg,M0101,379,378,UnifAll,21,59.79129999468569,10,11,0,10,3,3,1.0,0.47619047619047616
M0101/img000379.jpg,M0101,379,378,SAHI640,22,154.890499994508,10,12,0,10,3,3,1.0,0.45454545454545453
M0101/img000380.jpg,M0101,380,379,F640,19,26.18940001411829,10,9,0,10,3,3,1.0,0.5263157894736842
M0101/img000380.jpg,M0101,380,379,F1280,17,26.21229999931529,9,8,0,10,3,3,1.0,0.5294117647058824
M0101/img000380.jpg,M0101,380,379,DensK1,22,35.208900008001365,10,12,0,10,3,3,1.0,0.45454545454545453
M0101/img000380.jpg,M0101,380,379,UnifAll,22,92.36789999704342,10,12,0,10,3,3,1.0,0.45454545454545453
M0101/img000380.jpg,M0101,380,379,SAHI640,23,202.67080000485294,10,13,0,10,3,3,1.0,0.43478260869565216
M0101/img000381.jpg,M0101,381,380,F640,14,15.67079999949783,10,4,0,10,3,3,1.0,0.7142857142857143
M0101/img000381.jpg,M0101,381,380,F1280,15,28.527200003736652,9,6,0,10,3,3,1.0,0.6
M0101/img000381.jpg,M0101,381,380,DensK1,18,59.96130000858102,10,8,0,10,3,3,1.0,0.5555555555555556
M0101/img000381.jpg,M0101,381,380,UnifAll,20,90.73509999143425,10,10,0,10,3,3,1.0,0.5
M0101/img000381.jpg,M0101,381,380,SAHI640,19,234.82710000826046,10,9,0,10,3,3,1.0,0.5263157894736842
M0101/img000382.jpg,M0101,382,381,F640,16,22.07220000855159,10,6,0,10,3,3,1.0,0.625
M0101/img000382.jpg,M0101,382,381,F1280,16,33.784500003093854,9,7,0,10,3,3,1.0,0.5625
M0101/img000382.jpg,M0101,382,381,DensK1,20,29.33869999833405,10,10,0,10,3,3,1.0,0.5
M0101/img000382.jpg,M0101,382,381,UnifAll,20,49.54379999253433,10,10,0,10,3,3,1.0,0.5
M0101/img000382.jpg,M0101,382,381,SAHI640,20,170.1683999999659,10,10,0,10,3,3,1.0,0.5
M0101/img000383.jpg,M0101,383,382,F640,16,21.244000003207475,10,6,0,10,3,3,1.0,0.625
M0101/img000383.jpg,M0101,383,382,F1280,18,29.625099996337667,10,8,0,10,3,3,1.0,0.5555555555555556
M0101/img000383.jpg,M0101,383,382,DensK1,20,36.26789999543689,10,10,0,10,3,3,1.0,0.5
M0101/img000383.jpg,M0101,383,382,UnifAll,20,66.71420000202488,10,10,0,10,3,3,1.0,0.5
M0101/img000383.jpg,M0101,383,382,SAHI640,22,207.3893000051612,10,12,0,10,3,3,1.0,0.45454545454545453
M0101/img000384.jpg,M0101,384,383,F640,18,19.049800001084805,10,8,0,10,3,3,1.0,0.5555555555555556
M0101/img000384.jpg,M0101,384,383,F1280,17,36.78790001140442,10,7,0,10,3,3,1.0,0.5882352941176471
M0101/img000384.jpg,M0101,384,383,DensK1,21,45.10129999835044,10,11,0,10,3,3,1.0,0.47619047619047616
M0101/img000384.jpg,M0101,384,383,UnifAll,21,61.40619999496266,10,11,0,10,3,3,1.0,0.47619047619047616
M0101/img000384.jpg,M0101,384,383,SAHI640,19,248.2603999960702,10,9,0,10,3,3,1.0,0.5263157894736842
M0101/img000385.jpg,M0101,385,384,F640,17,23.414099996443838,10,7,0,10,3,3,1.0,0.5882352941176471
M0101/img000385.jpg,M0101,385,384,F1280,16,41.60000001138542,9,7,0,10,3,3,1.0,0.5625
M0101/img000385.jpg,M0101,385,384,DensK1,21,59.64990000938997,10,11,0,10,3,3,1.0,0.47619047619047616
M0101/img000385.jpg,M0101,385,384,UnifAll,21,62.925299993366934,10,11,0,10,3,3,1.0,0.47619047619047616
M0101/img000385.jpg,M0101,385,384,SAHI640,21,203.1293000036385,10,11,0,10,3,3,1.0,0.47619047619047616
M0101/img000386.jpg,M0101,386,385,F640,16,22.483399996417575,10,6,0,10,3,3,1.0,0.625
M0101/img000386.jpg,M0101,386,385,F1280,17,36.44500000518747,9,8,0,10,3,3,1.0,0.5294117647058824
M0101/img000386.jpg,M0101,386,385,DensK1,17,46.820899995509535,10,7,0,10,3,3,1.0,0.5882352941176471
M0101/img000386.jpg,M0101,386,385,UnifAll,17,71.26529999368358,10,7,0,10,3,3,1.0,0.5882352941176471
M0101/img000386.jpg,M0101,386,385,SAHI640,16,250.6059000006644,10,6,0,10,3,3,1.0,0.625
M0101/img000387.jpg,M0101,387,386,F640,16,20.743100001709536,10,6,0,10,4,4,1.0,0.625
M0101/img000387.jpg,M0101,387,386,F1280,19,30.06249999452848,9,10,0,10,4,4,1.0,0.47368421052631576
M0101/img000387.jpg,M0101,387,386,DensK1,18,50.122700005886145,10,8,0,10,4,4,1.0,0.5555555555555556
M0101/img000387.jpg,M0101,387,386,UnifAll,19,63.97270000888966,10,9,0,10,4,4,1.0,0.5263157894736842
M0101/img000387.jpg,M0101,387,386,SAHI640,20,274.73119999922346,10,10,0,10,4,4,1.0,0.5
M0101/img000388.jpg,M0101,388,387,F640,15,21.50789998995606,9,6,0,10,4,4,1.0,0.6
M0101/img000388.jpg,M0101,388,387,F1280,17,30.32889998576138,9,8,0,10,4,4,1.0,0.5294117647058824
M0101/img000388.jpg,M0101,388,387,DensK1,17,45.65440000442322,9,8,0,10,4,4,1.0,0.5294117647058824
M0101/img000388.jpg,M0101,388,387,UnifAll,17,73.86570000380743,9,8,0,10,4,4,1.0,0.5294117647058824
M0101/img000388.jpg,M0101,388,387,SAHI640,19,230.75030000472907,9,10,0,10,4,4,1.0,0.47368421052631576
M0101/img000389.jpg,M0101,389,388,F640,18,20.654299994930625,10,8,0,10,4,4,1.0,0.5555555555555556
M0101/img000389.jpg,M0101,389,388,F1280,16,29.07299999787938,9,7,0,10,4,4,1.0,0.5625
M0101/img000389.jpg,M0101,389,388,DensK1,19,40.54760000144597,10,9,0,10,4,4,1.0,0.5263157894736842
M0101/img000389.jpg,M0101,389,388,UnifAll,19,64.21309999132063,10,9,0,10,4,4,1.0,0.5263157894736842
M0101/img000389.jpg,M0101,389,388,SAHI640,21,266.7407999979332,10,11,0,10,4,4,1.0,0.47619047619047616
M0101/img000390.jpg,M0101,390,389,F640,20,23.776900008670054,10,10,0,10,3,3,1.0,0.5
M0101/img000390.jpg,M0101,390,389,F1280,16,31.04640000674408,9,7,0,10,3,3,1.0,0.5625
M0101/img000390.jpg,M0101,390,389,DensK1,22,43.95209999347571,10,12,0,10,3,3,1.0,0.45454545454545453
M0101/img000390.jpg,M0101,390,389,UnifAll,22,64.23509999876842,10,12,0,10,3,3,1.0,0.45454545454545453
M0101/img000390.jpg,M0101,390,389,SAHI640,21,254.71679998736363,10,11,0,10,3,3,1.0,0.47619047619047616
M0101/img000391.jpg,M0101,391,390,F640,18,19.609199996921234,10,8,0,10,3,3,1.0,0.5555555555555556
M0101/img000391.jpg,M0101,391,390,F1280,17,28.9527000131784,9,8,0,10,3,3,1.0,0.5294117647058824
M0101/img000391.jpg,M0101,391,390,DensK1,21,37.3020999977598,10,11,0,10,3,3,1.0,0.47619047619047616
M0101/img000391.jpg,M0101,391,390,UnifAll,21,60.41659999755211,10,11,0,10,3,3,1.0,0.47619047619047616
M0101/img000391.jpg,M0101,391,390,SAHI640,21,221.92640000139363,10,11,0,10,3,3,1.0,0.47619047619047616
M0101/img000392.jpg,M0101,392,391,F640,18,21.225199991022237,9,9,0,10,4,4,1.0,0.5
M0101/img000392.jpg,M0101,392,391,F1280,17,35.01750000577886,9,8,0,10,4,4,1.0,0.5294117647058824
M0101/img000392.jpg,M0101,392,391,DensK1,21,47.53160000836942,9,12,0,10,4,4,1.0,0.42857142857142855
M0101/img000392.jpg,M0101,392,391,UnifAll,21,65.80539999413304,9,12,0,10,4,4,1.0,0.42857142857142855
M0101/img000392.jpg,M0101,392,391,SAHI640,22,240.8502999896882,10,12,0,10,4,4,1.0,0.45454545454545453
M0101/img000393.jpg,M0101,393,392,F640,14,22.628699996857904,9,5,0,10,4,4,1.0,0.6428571428571429
M0101/img000393.jpg,M0101,393,392,F1280,15,35.984399990411475,9,6,0,10,4,4,1.0,0.6
M0101/img000393.jpg,M0101,393,392,DensK1,17,41.52669999166392,9,8,0,10,4,4,1.0,0.5294117647058824
M0101/img000393.jpg,M0101,393,392,UnifAll,17,65.9804000024451,9,8,0,10,4,4,1.0,0.5294117647058824
M0101/img000393.jpg,M0101,393,392,SAHI640,17,208.5332999995444,9,8,0,10,4,4,1.0,0.5294117647058824
M0101/img000394.jpg,M0101,394,393,F640,18,22.089499994763173,8,10,0,9,3,3,1.0,0.4444444444444444
M0101/img000394.jpg,M0101,394,393,F1280,16,35.36059999896679,8,8,0,9,3,3,1.0,0.5
M0101/img000394.jpg,M0101,394,393,DensK1,21,45.627300001797266,8,13,0,9,3,3,1.0,0.38095238095238093
M0101/img000394.jpg,M0101,394,393,UnifAll,22,52.22329999378417,8,14,0,9,3,3,1.0,0.36363636363636365
M0101/img000394.jpg,M0101,394,393,SAHI640,19,208.25060000061058,8,11,0,9,3,3,1.0,0.42105263157894735
M0101/img000395.jpg,M0101,395,394,F640,17,20.095400002901442,8,9,0,9,3,3,1.0,0.47058823529411764
M0101/img000395.jpg,M0101,395,394,F1280,16,28.368800005409867,8,8,0,9,3,3,1.0,0.5
M0101/img000395.jpg,M0101,395,394,DensK1,18,52.2771000105422,8,10,0,9,3,3,1.0,0.4444444444444444
M0101/img000395.jpg,M0101,395,394,UnifAll,20,58.32739999459591,9,11,0,9,3,3,1.0,0.45
M0101/img000395.jpg,M0101,395,394,SAHI640,18,200.5871000001207,8,10,0,9,3,3,1.0,0.4444444444444444
M0101/img000396.jpg,M0101,396,395,F640,17,17.95730000594631,8,9,0,9,3,3,1.0,0.47058823529411764
M0101/img000396.jpg,M0101,396,395,F1280,15,37.46490000048652,8,7,0,9,3,3,1.0,0.5333333333333333
M0101/img000396.jpg,M0101,396,395,DensK1,18,72.48409999010619,8,10,0,9,3,3,1.0,0.4444444444444444
M0101/img000396.jpg,M0101,396,395,UnifAll,20,75.91710000997409,8,12,0,9,3,3,1.0,0.4
M0101/img000396.jpg,M0101,396,395,SAHI640,17,224.80150000774302,8,9,0,9,3,3,1.0,0.47058823529411764
M0101/img000397.jpg,M0101,397,396,F640,15,19.587200004025362,8,7,0,9,4,4,1.0,0.5333333333333333
M0101/img000397.jpg,M0101,397,396,F1280,17,32.571500007179566,8,9,0,9,4,4,1.0,0.47058823529411764
M0101/img000397.jpg,M0101,397,396,DensK1,20,49.224700007471256,8,12,0,9,4,4,1.0,0.4
M0101/img000397.jpg,M0101,397,396,UnifAll,21,91.86650000629015,8,13,0,9,4,4,1.0,0.38095238095238093
M0101/img000397.jpg,M0101,397,396,SAHI640,18,221.1686000082409,8,10,0,9,4,4,1.0,0.4444444444444444
M0101/img000398.jpg,M0101,398,397,F640,18,34.12670000398066,8,10,0,9,4,4,1.0,0.4444444444444444
M0101/img000398.jpg,M0101,398,397,F1280,18,38.0557000025874,8,10,0,9,4,4,1.0,0.4444444444444444
M0101/img000398.jpg,M0101,398,397,DensK1,21,42.298500004108064,8,13,0,9,4,4,1.0,0.38095238095238093
M0101/img000398.jpg,M0101,398,397,UnifAll,22,99.10799999488518,8,14,0,9,4,4,1.0,0.36363636363636365
M0101/img000398.jpg,M0101,398,397,SAHI640,20,219.84150000207592,8,12,0,9,4,4,1.0,0.4
M0101/img000399.jpg,M0101,399,398,F640,14,17.693000001600012,8,6,0,9,4,4,1.0,0.5714285714285714
M0101/img000399.jpg,M0101,399,398,F1280,14,37.00710000703111,8,6,0,9,4,4,1.0,0.5714285714285714
M0101/img000399.jpg,M0101,399,398,DensK1,18,44.17700000340119,8,10,0,9,4,4,1.0,0.4444444444444444
M0101/img000399.jpg,M0101,399,398,UnifAll,19,54.11679999087937,8,11,0,9,4,4,1.0,0.42105263157894735
M0101/img000399.jpg,M0101,399,398,SAHI640,19,238.1833999970695,8,11,0,9,4,4,1.0,0.42105263157894735
M0101/img000400.jpg,M0101,400,399,F640,15,25.035300001036376,8,7,0,9,4,4,1.0,0.5333333333333333
M0101/img000400.jpg,M0101,400,399,F1280,14,33.19529999862425,8,6,0,9,4,4,1.0,0.5714285714285714
M0101/img000400.jpg,M0101,400,399,DensK1,18,45.90709999320097,8,10,0,9,4,4,1.0,0.4444444444444444
M0101/img000400.jpg,M0101,400,399,UnifAll,18,75.6353000033414,8,10,0,9,4,4,1.0,0.4444444444444444
M0101/img000400.jpg,M0101,400,399,SAHI640,20,248.83090000366792,8,12,0,9,4,4,1.0,0.4
M0101/img000401.jpg,M0101,401,400,F640,15,20.51289999508299,8,7,0,9,4,4,1.0,0.5333333333333333
M0101/img000401.jpg,M0101,401,400,F1280,15,27.41510000487324,8,7,0,9,4,4,1.0,0.5333333333333333
M0101/img000401.jpg,M0101,401,400,DensK1,18,43.202900007599965,8,10,0,9,4,4,1.0,0.4444444444444444
M0101/img000401.jpg,M0101,401,400,UnifAll,18,69.38020000234246,8,10,0,9,4,4,1.0,0.4444444444444444
M0101/img000401.jpg,M0101,401,400,SAHI640,17,203.2591000024695,8,9,0,9,4,4,1.0,0.47058823529411764
M0101/img000402.jpg,M0101,402,401,F640,16,17.348599998513237,8,8,0,9,4,4,1.0,0.5
M0101/img000402.jpg,M0101,402,401,F1280,15,27.58979999634903,8,7,0,9,4,4,1.0,0.5333333333333333
M0101/img000402.jpg,M0101,402,401,DensK1,19,43.85289999481756,8,11,0,9,4,4,1.0,0.42105263157894735
M0101/img000402.jpg,M0101,402,401,UnifAll,19,59.83620000188239,8,11,0,9,4,4,1.0,0.42105263157894735
M0101/img000402.jpg,M0101,402,401,SAHI640,18,221.1224999919068,8,10,0,9,4,4,1.0,0.4444444444444444
M0101/img000403.jpg,M0101,403,402,F640,16,16.81519999692682,8,8,0,9,4,4,1.0,0.5
M0101/img000403.jpg,M0101,403,402,F1280,15,27.960100007476285,8,7,0,9,4,4,1.0,0.5333333333333333
M0101/img000403.jpg,M0101,403,402,DensK1,19,41.321099997730926,8,11,0,9,4,4,1.0,0.42105263157894735
M0101/img000403.jpg,M0101,403,402,UnifAll,19,68.84449999779463,8,11,0,9,4,4,1.0,0.42105263157894735
M0101/img000403.jpg,M0101,403,402,SAHI640,18,253.08409999706782,8,10,0,9,4,4,1.0,0.4444444444444444
M0101/img000404.jpg,M0101,404,403,F640,14,32.412200001999736,8,6,0,9,4,4,1.0,0.5714285714285714
M0101/img000404.jpg,M0101,404,403,F1280,15,30.42999999888707,8,7,0,9,4,4,1.0,0.5333333333333333
M0101/img000404.jpg,M0101,404,403,DensK1,17,40.51770000660326,8,9,0,9,4,4,1.0,0.47058823529411764
M0101/img000404.jpg,M0101,404,403,UnifAll,17,54.2249999998603,8,9,0,9,4,4,1.0,0.47058823529411764
M0101/img000404.jpg,M0101,404,403,SAHI640,17,249.9701000051573,8,9,0,9,4,4,1.0,0.47058823529411764
M0101/img000405.jpg,M0101,405,404,F640,15,21.18789999803994,8,7,0,9,4,4,1.0,0.5333333333333333
M0101/img000405.jpg,M0101,405,404,F1280,16,34.83049999340437,8,8,0,9,4,4,1.0,0.5
M0101/img000405.jpg,M0101,405,404,DensK1,18,46.88680000253953,8,10,0,9,4,4,1.0,0.4444444444444444
M0101/img000405.jpg,M0101,405,404,UnifAll,19,55.66290000570007,9,10,0,9,4,4,1.0,0.47368421052631576
M0101/img000405.jpg,M0101,405,404,SAHI640,19,197.72300000477117,9,10,0,9,4,4,1.0,0.47368421052631576
M0101/img000406.jpg,M0101,406,405,F640,13,16.989900002954528,8,5,0,9,4,4,1.0,0.6153846153846154
M0101/img000406.jpg,M0101,406,405,F1280,14,35.67959999782033,8,6,0,9,4,4,1.0,0.5714285714285714
M0101/img000406.jpg,M0101,406,405,DensK1,16,36.73920000437647,8,8,0,9,4,4,1.0,0.5
M0101/img000406.jpg,M0101,406,405,UnifAll,16,43.86560000421014,8,8,0,9,4,4,1.0,0.5
M0101/img000406.jpg,M0101,406,405,SAHI640,15,200.535600000876,8,7,0,9,4,4,1.0,0.5333333333333333
M0101/img000407.jpg,M0101,407,406,F640,16,15.400100004626438,9,7,0,9,4,4,1.0,0.5625
M0101/img000407.jpg,M0101,407,406,F1280,15,34.37310000299476,8,7,0,9,4,4,1.0,0.5333333333333333
M0101/img000407.jpg,M0101,407,406,DensK1,17,38.54259999934584,9,8,0,9,4,4,1.0,0.5294117647058824
M0101/img000407.jpg,M0101,407,406,UnifAll,17,53.90379999880679,9,8,0,9,4,4,1.0,0.5294117647058824
M0101/img000407.jpg,M0101,407,406,SAHI640,14,176.9365999934962,9,5,0,9,4,4,1.0,0.6428571428571429
M0201/img000001.jpg,M0201,1,407,F640,9,22.251200003665872,3,6,0,3,2,2,1.0,0.3333333333333333
M0201/img000001.jpg,M0201,1,407,F1280,16,35.32860000268556,1,15,0,3,2,0,0.0,0.0625
M0201/img000001.jpg,M0201,1,407,DensK1,19,35.78239999478683,2,17,0,3,2,1,0.5,0.10526315789473684
M0201/img000001.jpg,M0201,1,407,UnifAll,19,47.87880000367295,2,17,0,3,2,1,0.5,0.10526315789473684
M0201/img000001.jpg,M0201,1,407,SAHI640,15,205.28950000880286,3,12,0,3,2,2,1.0,0.2
M0201/img000002.jpg,M0201,2,408,F640,5,22.893700006534345,2,3,0,3,2,1,0.5,0.4
M0201/img000002.jpg,M0201,2,408,F1280,16,40.71270000713412,1,15,0,3,2,0,0.0,0.0625
M0201/img000002.jpg,M0201,2,408,DensK1,12,42.02969999460038,2,10,0,3,2,1,0.5,0.16666666666666666
M0201/img000002.jpg,M0201,2,408,UnifAll,17,65.31689999974333,2,15,0,3,2,1,0.5,0.11764705882352941
M0201/img000002.jpg,M0201,2,408,SAHI640,14,393.54809999349527,3,11,0,3,2,2,1.0,0.21428571428571427
M0201/img000003.jpg,M0201,3,409,F640,5,18.886300007579848,2,3,0,3,2,1,0.5,0.4
M0201/img000003.jpg,M0201,3,409,F1280,14,37.0627000083914,2,12,0,3,2,1,0.5,0.14285714285714285
M0201/img000003.jpg,M0201,3,409,DensK1,21,33.68910000426695,2,19,0,3,2,1,0.5,0.09523809523809523
M0201/img000003.jpg,M0201,3,409,UnifAll,21,63.46029999258462,3,18,0,3,2,2,1.0,0.14285714285714285
M0201/img000003.jpg,M0201,3,409,SAHI640,14,222.70169999683276,3,11,0,3,2,2,1.0,0.21428571428571427
M0201/img000004.jpg,M0201,4,410,F640,4,16.48350000323262,2,2,0,3,2,1,0.5,0.5
M0201/img000004.jpg,M0201,4,410,F1280,12,36.830299999564886,1,11,0,3,2,0,0.0,0.08333333333333333
M0201/img000004.jpg,M0201,4,410,DensK1,10,39.32880000502337,2,8,0,3,2,1,0.5,0.2
M0201/img000004.jpg,M0201,4,410,UnifAll,16,51.88070000440348,2,14,0,3,2,1,0.5,0.125
M0201/img000004.jpg,M0201,4,410,SAHI640,15,210.5044999916572,3,12,0,3,2,2,1.0,0.2
M0201/img000005.jpg,M0201,5,411,F640,5,15.561199994408526,1,4,0,3,2,0,0.0,0.2
M0201/img000005.jpg,M0201,5,411,F1280,11,36.56320000300184,2,9,0,3,2,1,0.5,0.18181818181818182
M0201/img000005.jpg,M0201,5,411,DensK1,15,41.83220000413712,2,13,0,3,2,1,0.5,0.13333333333333333
M0201/img000005.jpg,M0201,5,411,UnifAll,15,44.255400003748946,2,13,0,3,2,1,0.5,0.13333333333333333
M0201/img000005.jpg,M0201,5,411,SAHI640,15,223.41659999801777,3,12,0,3,2,2,1.0,0.2
M0201/img000006.jpg,M0201,6,412,F640,8,16.664299997501075,1,7,0,3,2,0,0.0,0.125
M0201/img000006.jpg,M0201,6,412,F1280,13,40.32960000040475,1,12,0,3,2,0,0.0,0.07692307692307693
M0201/img000006.jpg,M0201,6,412,DensK1,14,34.873199998401105,1,13,0,3,2,0,0.0,0.07142857142857142
M0201/img000006.jpg,M0201,6,412,UnifAll,14,48.167700006160885,1,13,0,3,2,0,0.0,0.07142857142857142
M0201/img000006.jpg,M0201,6,412,SAHI640,13,208.82660000643227,3,10,0,3,2,2,1.0,0.23076923076923078
M0201/img000007.jpg,M0201,7,413,F640,7,19.470800005365163,1,6,0,3,2,0,0.0,0.14285714285714285
M0201/img000007.jpg,M0201,7,413,F1280,14,32.138900001882575,2,12,0,3,2,1,0.5,0.14285714285714285
M0201/img000007.jpg,M0201,7,413,DensK1,14,56.66449999262113,1,13,0,3,2,0,0.0,0.07142857142857142
M0201/img000007.jpg,M0201,7,413,UnifAll,14,82.93099999718834,1,13,0,3,2,0,0.0,0.07142857142857142
M0201/img000007.jpg,M0201,7,413,SAHI640,15,215.19279999483842,2,13,0,3,2,1,0.5,0.13333333333333333
M0201/img000008.jpg,M0201,8,414,F640,6,19.224699994083494,1,5,0,3,2,0,0.0,0.16666666666666666
M0201/img000008.jpg,M0201,8,414,F1280,17,36.96549999585841,2,15,0,3,2,1,0.5,0.11764705882352941
M0201/img000008.jpg,M0201,8,414,DensK1,10,33.484400002635084,1,9,0,3,2,0,0.0,0.1
M0201/img000008.jpg,M0201,8,414,UnifAll,16,65.01720000233036,1,15,0,3,2,0,0.0,0.0625
M0201/img000008.jpg,M0201,8,414,SAHI640,18,211.2823999923421,3,15,0,3,2,2,1.0,0.16666666666666666
M0201/img000009.jpg,M0201,9,415,F640,7,18.721699991147034,1,6,0,3,2,0,0.0,0.14285714285714285
M0201/img000009.jpg,M0201,9,415,F1280,14,32.417299997177906,2,12,0,3,2,1,0.5,0.14285714285714285
M0201/img000009.jpg,M0201,9,415,DensK1,11,33.44100000686012,1,10,0,3,2,0,0.0,0.09090909090909091
M0201/img000009.jpg,M0201,9,415,UnifAll,12,43.81800000555813,1,11,0,3,2,0,0.0,0.08333333333333333
M0201/img000009.jpg,M0201,9,415,SAHI640,14,225.66729999380186,2,12,0,3,2,1,0.5,0.14285714285714285
M0201/img000010.jpg,M0201,10,416,F640,7,22.537099997862242,1,6,0,3,2,0,0.0,0.14285714285714285
M0201/img000010.jpg,M0201,10,416,F1280,15,38.03660000266973,2,13,0,3,2,1,0.5,0.13333333333333333
M0201/img000010.jpg,M0201,10,416,DensK1,13,75.27720001235139,2,11,0,3,2,1,0.5,0.15384615384615385
M0201/img000010.jpg,M0201,10,416,UnifAll,15,44.786099999328144,2,13,0,3,2,1,0.5,0.13333333333333333
M0201/img000010.jpg,M0201,10,416,SAHI640,13,229.4804999983171,2,11,0,3,2,1,0.5,0.15384615384615385
M0201/img000011.jpg,M0201,11,417,F640,5,19.945000007282943,2,3,0,3,2,1,0.5,0.4
M0201/img000011.jpg,M0201,11,417,F1280,14,31.321300004492514,2,12,0,3,2,1,0.5,0.14285714285714285
M0201/img000011.jpg,M0201,11,417,DensK1,11,63.5543999960646,2,9,0,3,2,1,0.5,0.18181818181818182
M0201/img000011.jpg,M0201,11,417,UnifAll,12,88.37389999825973,2,10,0,3,2,1,0.5,0.16666666666666666
M0201/img000011.jpg,M0201,11,417,SAHI640,12,219.9731000000611,3,9,0,3,2,2,1.0,0.25
M0201/img000012.jpg,M0201,12,418,F640,5,24.637900001835078,2,3,0,3,2,1,0.5,0.4
M0201/img000012.jpg,M0201,12,418,F1280,14,37.96370000054594,2,12,0,3,2,1,0.5,0.14285714285714285
M0201/img000012.jpg,M0201,12,418,DensK1,15,41.48680000798777,1,14,0,3,2,0,0.0,0.06666666666666667
M0201/img000012.jpg,M0201,12,418,UnifAll,16,44.25430000992492,2,14,0,3,2,1,0.5,0.125
M0201/img000012.jpg,M0201,12,418,SAHI640,14,211.1573000001954,3,11,0,3,2,2,1.0,0.21428571428571427
M0201/img000013.jpg,M0201,13,419,F640,7,20.838500000536442,1,6,0,3,2,0,0.0,0.14285714285714285
M0201/img000013.jpg,M0201,13,419,F1280,16,32.86439999646973,2,14,0,3,2,1,0.5,0.125
M0201/img000013.jpg,M0201,13,419,DensK1,15,35.06110000307672,2,13,0,3,2,1,0.5,0.13333333333333333
M0201/img000013.jpg,M0201,13,419,UnifAll,16,98.68439999991097,3,13,0,3,2,2,1.0,0.1875
M0201/img000013.jpg,M0201,13,419,SAHI640,16,248.13279999943916,3,13,0,3,2,2,1.0,0.1875
M0201/img000014.jpg,M0201,14,420,F640,5,19.836799998302013,1,4,0,3,2,0,0.0,0.2
M0201/img000014.jpg,M0201,14,420,F1280,11,37.13589999824762,2,9,0,3,2,1,0.5,0.18181818181818182
M0201/img000014.jpg,M0201,14,420,DensK1,14,51.986499995109625,1,13,0,3,2,0,0.0,0.07142857142857142
M0201/img000014.jpg,M0201,14,420,UnifAll,14,68.14970000414178,2,12,0,3,2,1,0.5,0.14285714285714285
M0201/img000014.jpg,M0201,14,420,SAHI640,13,239.95610000565648,3,10,0,3,2,2,1.0,0.23076923076923078
M0201/img000015.jpg,M0201,15,421,F640,5,15.373000002000481,1,4,0,3,2,0,0.0,0.2
M0201/img000015.jpg,M0201,15,421,F1280,14,28.2017999998061,2,12,0,3,2,1,0.5,0.14285714285714285
M0201/img000015.jpg,M0201,15,421,DensK1,16,47.39720000361558,2,14,0,3,2,1,0.5,0.125
M0201/img000015.jpg,M0201,15,421,UnifAll,18,57.77490000764374,2,16,0,3,2,1,0.5,0.1111111111111111
M0201/img000015.jpg,M0201,15,421,SAHI640,17,216.74249999341555,3,14,0,3,2,2,1.0,0.17647058823529413
M0201/img000016.jpg,M0201,16,422,F640,9,18.955499996081926,2,7,0,3,2,1,0.5,0.2222222222222222
M0201/img000016.jpg,M0201,16,422,F1280,15,45.8401999931084,2,13,0,3,2,1,0.5,0.13333333333333333
M0201/img000016.jpg,M0201,16,422,DensK1,21,35.291300009703264,2,19,0,3,2,1,0.5,0.09523809523809523
M0201/img000016.jpg,M0201,16,422,UnifAll,21,58.397400003741495,3,18,0,3,2,2,1.0,0.14285714285714285
M0201/img000016.jpg,M0201,16,422,SAHI640,18,246.53140000009444,3,15,0,3,2,2,1.0,0.16666666666666666
M0201/img000017.jpg,M0201,17,423,F640,7,18.974999999045394,1,6,0,3,2,0,0.0,0.14285714285714285
M0201/img000017.jpg,M0201,17,423,F1280,12,38.9636000036262,2,10,0,3,2,1,0.5,0.16666666666666666
M0201/img000017.jpg,M0201,17,423,DensK1,13,29.736199998296797,2,11,0,3,2,1,0.5,0.15384615384615385
M0201/img000017.jpg,M0201,17,423,UnifAll,13,46.757100004469976,2,11,0,3,2,1,0.5,0.15384615384615385
M0201/img000017.jpg,M0201,17,423,SAHI640,15,239.9574000010034,3,12,0,3,2,2,1.0,0.2
M0201/img000018.jpg,M0201,18,424,F640,5,18.830800006981008,1,4,0,3,2,0,0.0,0.2
M0201/img000018.jpg,M0201,18,424,F1280,15,27.697400000761263,2,13,0,3,2,1,0.5,0.13333333333333333
M0201/img000018.jpg,M0201,18,424,DensK1,15,37.04419999849051,3,12,0,3,2,2,1.0,0.2
M0201/img000018.jpg,M0201,18,424,UnifAll,15,61.91140000009909,3,12,0,3,2,2,1.0,0.2
M0201/img000018.jpg,M0201,18,424,SAHI640,11,208.83879999746569,3,8,0,3,2,2,1.0,0.2727272727272727
M0201/img000019.jpg,M0201,19,425,F640,6,20.39859999786131,3,3,0,3,2,2,1.0,0.5
M0201/img000019.jpg,M0201,19,425,F1280,12,28.905599989229813,2,10,0,3,2,1,0.5,0.16666666666666666
M0201/img000019.jpg,M0201,19,425,DensK1,9,42.6698000082979,2,7,0,3,2,1,0.5,0.2222222222222222
M0201/img000019.jpg,M0201,19,425,UnifAll,13,65.92349999118596,2,11,0,3,2,1,0.5,0.15384615384615385
M0201/img000019.jpg,M0201,19,425,SAHI640,13,239.1821999917738,3,10,0,3,2,2,1.0,0.23076923076923078
M0201/img000020.jpg,M0201,20,426,F640,4,21.349600006942637,1,3,0,3,2,0,0.0,0.25
M0201/img000020.jpg,M0201,20,426,F1280,13,30.84099999978207,2,11,0,3,2,1,0.5,0.15384615384615385
M0201/img000020.jpg,M0201,20,426,DensK1,16,40.912299999035895,1,15,0,3,2,0,0.0,0.0625
M0201/img000020.jpg,M0201,20,426,UnifAll,16,69.39669999701437,1,15,0,3,2,0,0.0,0.0625
M0201/img000020.jpg,M0201,20,426,SAHI640,12,219.08480000274722,3,9,0,3,2,2,1.0,0.25
M0201/img000021.jpg,M0201,21,427,F640,6,46.80280000320636,2,4,0,3,2,1,0.5,0.3333333333333333
M0201/img000021.jpg,M0201,21,427,F1280,11,29.65879999101162,2,9,0,3,2,1,0.5,0.18181818181818182
M0201/img000021.jpg,M0201,21,427,DensK1,12,40.600399996037595,3,9,0,3,2,2,1.0,0.25
M0201/img000021.jpg,M0201,21,427,UnifAll,15,60.435499995946884,3,12,0,3,2,2,1.0,0.2
M0201/img000021.jpg,M0201,21,427,SAHI640,14,251.6165999986697,3,11,0,3,2,2,1.0,0.21428571428571427
M0201/img000022.jpg,M0201,22,428,F640,7,17.14680000441149,1,6,0,3,2,0,0.0,0.14285714285714285
M0201/img000022.jpg,M0201,22,428,F1280,16,31.321200003731064,2,14,0,3,2,1,0.5,0.125
M0201/img000022.jpg,M0201,22,428,DensK1,15,34.61849999439437,2,13,0,3,2,1,0.5,0.13333333333333333
M0201/img000022.jpg,M0201,22,428,UnifAll,15,57.841100002406165,3,12,0,3,2,2,1.0,0.2
M0201/img000022.jpg,M0201,22,428,SAHI640,13,235.74319999897853,3,10,0,3,2,2,1.0,0.23076923076923078
M0201/img000023.jpg,M0201,23,429,F640,7,17.513400001917034,1,6,0,3,2,0,0.0,0.14285714285714285
M0201/img000023.jpg,M0201,23,429,F1280,15,37.62589998950716,2,13,0,3,2,1,0.5,0.13333333333333333
M0201/img000023.jpg,M0201,23,429,DensK1,14,39.196800003992394,2,12,0,3,2,1,0.5,0.14285714285714285
M0201/img000023.jpg,M0201,23,429,UnifAll,14,59.1874999954598,2,12,0,3,2,1,0.5,0.14285714285714285
M0201/img000023.jpg,M0201,23,429,SAHI640,11,239.26259999279864,3,8,0,3,2,2,1.0,0.2727272727272727
M0201/img000024.jpg,M0201,24,430,F640,8,18.160200008424,3,5,0,3,2,2,1.0,0.375
M0201/img000024.jpg,M0201,24,430,F1280,13,36.19569999864325,3,10,0,3,2,2,1.0,0.23076923076923078
M0201/img000024.jpg,M0201,24,430,DensK1,16,31.03900000860449,3,13,0,3,2,2,1.0,0.1875
M0201/img000024.jpg,M0201,24,430,UnifAll,16,54.40319998888299,3,13,0,3,2,2,1.0,0.1875
M0201/img000024.jpg,M0201,24,430,SAHI640,14,257.92019999062177,3,11,0,3,2,2,1.0,0.21428571428571427
M0201/img000025.jpg,M0201,25,431,F640,6,21.32490000803955,1,5,0,3,2,0,0.0,0.16666666666666666
M0201/img000025.jpg,M0201,25,431,F1280,15,32.824399997480214,3,12,0,3,2,2,1.0,0.2
M0201/img000025.jpg,M0201,25,431,DensK1,11,35.713499994017184,3,8,0,3,2,2,1.0,0.2727272727272727
M0201/img000025.jpg,M0201,25,431,UnifAll,16,72.0393000083277,3,13,0,3,2,2,1.0,0.1875
M0201/img000025.jpg,M0201,25,431,SAHI640,12,251.67579999833833,3,9,0,3,2,2,1.0,0.25
M0201/img000026.jpg,M0201,26,432,F640,8,23.807700010365807,1,7,0,3,2,0,0.0,0.125
M0201/img000026.jpg,M0201,26,432,F1280,15,32.51060000911821,2,13,0,3,2,1,0.5,0.13333333333333333
M0201/img000026.jpg,M0201,26,432,DensK1,14,48.661300010280684,3,11,0,3,2,2,1.0,0.21428571428571427
M0201/img000026.jpg,M0201,26,432,UnifAll,14,61.666800000239164,3,11,0,3,2,2,1.0,0.21428571428571427
M0201/img000026.jpg,M0201,26,432,SAHI640,15,222.863499991945,3,12,0,3,2,2,1.0,0.2
M0201/img000027.jpg,M0201,27,433,F640,10,25.469200001680292,3,7,0,3,2,2,1.0,0.3
M0201/img000027.jpg,M0201,27,433,F1280,13,29.424300009850413,2,11,0,3,2,1,0.5,0.15384615384615385
M0201/img000027.jpg,M0201,27,433,DensK1,18,34.35510001145303,3,15,0,3,2,2,1.0,0.16666666666666666
M0201/img000027.jpg,M0201,27,433,UnifAll,18,61.61719998635817,3,15,0,3,2,2,1.0,0.16666666666666666
M0201/img000027.jpg,M0201,27,433,SAHI640,13,249.199600002612,3,10,0,3,2,2,1.0,0.23076923076923078
M0201/img000028.jpg,M0201,28,434,F640,8,22.331000000122003,3,5,0,3,2,2,1.0,0.375
M0201/img000028.jpg,M0201,28,434,F1280,12,34.646699990844354,3,9,0,3,2,2,1.0,0.25
M0201/img000028.jpg,M0201,28,434,DensK1,14,31.069599994225428,3,11,0,3,2,2,1.0,0.21428571428571427
M0201/img000028.jpg,M0201,28,434,UnifAll,14,48.361799999838695,3,11,0,3,2,2,1.0,0.21428571428571427
M0201/img000028.jpg,M0201,28,434,SAHI640,14,221.86920000240207,3,11,0,3,2,2,1.0,0.21428571428571427
M0201/img000029.jpg,M0201,29,435,F640,11,18.303500008187257,2,9,0,3,1,1,1.0,0.18181818181818182
M0201/img000029.jpg,M0201,29,435,F1280,14,32.64109999872744,3,11,0,3,1,1,1.0,0.21428571428571427
M0201/img000029.jpg,M0201,29,435,DensK1,16,36.5449999953853,3,13,0,3,1,1,1.0,0.1875
M0201/img000029.jpg,M0201,29,435,UnifAll,16,63.63160000182688,3,13,0,3,1,1,1.0,0.1875
M0201/img000029.jpg,M0201,29,435,SAHI640,12,224.01660001196433,3,9,0,3,1,1,1.0,0.25
M0201/img000030.jpg,M0201,30,436,F640,8,15.949300010106526,2,6,0,3,1,1,1.0,0.25
M0201/img000030.jpg,M0201,30,436,F1280,11,36.851800003205426,3,8,0,3,1,1,1.0,0.2727272727272727
M0201/img000030.jpg,M0201,30,436,DensK1,15,34.25580001203343,2,13,0,3,1,1,1.0,0.13333333333333333
M0201/img000030.jpg,M0201,30,436,UnifAll,15,48.02909999853,2,13,0,3,1,1,1.0,0.13333333333333333
M0201/img000030.jpg,M0201,30,436,SAHI640,11,205.85600000049453,3,8,0,3,1,1,1.0,0.2727272727272727
M0201/img000031.jpg,M0201,31,437,F640,6,18.178199999965727,2,4,0,3,1,1,1.0,0.3333333333333333
M0201/img000031.jpg,M0201,31,437,F1280,12,28.147000004537404,3,9,0,3,1,1,1.0,0.25
M0201/img000031.jpg,M0201,31,437,DensK1,11,45.54410000855569,3,8,0,3,1,1,1.0,0.2727272727272727
M0201/img000031.jpg,M0201,31,437,UnifAll,13,50.99069999414496,3,10,0,3,1,1,1.0,0.23076923076923078
M0201/img000031.jpg,M0201,31,437,SAHI640,15,202.8907999920193,3,12,0,3,1,1,1.0,0.2
M0201/img000032.jpg,M0201,32,438,F640,7,19.25100000516977,3,4,0,3,1,1,1.0,0.42857142857142855
M0201/img000032.jpg,M0201,32,438,F1280,17,28.340399992885068,3,14,0,3,1,1,1.0,0.17647058823529413
M0201/img000032.jpg,M0201,32,438,DensK1,12,40.183400007663295,3,9,0,3,1,1,1.0,0.25
M0201/img000032.jpg,M0201,32,438,UnifAll,12,73.01279999956023,3,9,0,3,1,1,1.0,0.25
M0201/img000032.jpg,M0201,32,438,SAHI640,15,223.453900005552,3,12,0,3,1,1,1.0,0.2
M0201/img000033.jpg,M0201,33,439,F640,8,21.14340000844095,2,6,0,3,1,1,1.0,0.25
M0201/img000033.jpg,M0201,33,439,F1280,16,27.033300008042715,3,13,0,3,1,1,1.0,0.1875
M0201/img000033.jpg,M0201,33,439,DensK1,16,39.13829999510199,3,13,0,3,1,1,1.0,0.1875
M0201/img000033.jpg,M0201,33,439,UnifAll,18,58.94980000448413,3,15,0,3,1,1,1.0,0.16666666666666666
M0201/img000033.jpg,M0201,33,439,SAHI640,12,231.82899999665096,3,9,0,3,1,1,1.0,0.25
M0201/img000034.jpg,M0201,34,440,F640,7,22.330299994791858,3,4,0,3,1,1,1.0,0.42857142857142855
M0201/img000034.jpg,M0201,34,440,F1280,13,26.905100006842986,3,10,0,3,1,1,1.0,0.23076923076923078
M0201/img000034.jpg,M0201,34,440,DensK1,14,36.99000000779051,3,11,0,3,1,1,1.0,0.21428571428571427
M0201/img000034.jpg,M0201,34,440,UnifAll,15,60.7810000074096,3,12,0,3,1,1,1.0,0.2
M0201/img000034.jpg,M0201,34,440,SAHI640,15,220.55830000317656,3,12,0,3,1,1,1.0,0.2
M0201/img000035.jpg,M0201,35,441,F640,6,19.20000000973232,3,3,0,3,1,1,1.0,0.5
M0201/img000035.jpg,M0201,35,441,F1280,17,27.48450000945013,3,14,0,3,1,1,1.0,0.17647058823529413
M0201/img000035.jpg,M0201,35,441,DensK1,18,38.50490000331774,3,15,0,3,1,1,1.0,0.16666666666666666
M0201/img000035.jpg,M0201,35,441,UnifAll,17,55.50799999036826,3,14,0,3,1,1,1.0,0.17647058823529413
M0201/img000035.jpg,M0201,35,441,SAHI640,14,230.5142999975942,3,11,0,3,1,1,1.0,0.21428571428571427
M0201/img000036.jpg,M0201,36,442,F640,6,22.083100004238077,3,3,0,3,1,1,1.0,0.5
M0201/img000036.jpg,M0201,36,442,F1280,16,29.00019999651704,3,13,0,3,1,1,1.0,0.1875
M0201/img000036.jpg,M0201,36,442,DensK1,21,39.20769999967888,3,18,0,3,1,1,1.0,0.14285714285714285
M0201/img000036.jpg,M0201,36,442,UnifAll,21,57.6708000007784,3,18,0,3,1,1,1.0,0.14285714285714285
M0201/img000036.jpg,M0201,36,442,SAHI640,19,208.43849999073427,3,16,0,3,1,1,1.0,0.15789473684210525
M0201/img000037.jpg,M0201,37,443,F640,6,18.195299999206327,3,3,0,3,1,1,1.0,0.5
M0201/img000037.jpg,M0201,37,443,F1280,17,29.50980000605341,3,14,0,3,1,1,1.0,0.17647058823529413
M0201/img000037.jpg,M0201,37,443,DensK1,13,39.71789999923203,3,10,0,3,1,1,1.0,0.23076923076923078
M0201/img000037.jpg,M0201,37,443,UnifAll,17,58.74960000801366,3,14,0,3,1,1,1.0,0.17647058823529413
M0201/img000037.jpg,M0201,37,443,SAHI640,15,226.41180000209715,3,12,0,3,1,1,1.0,0.2
M0201/img000038.jpg,M0201,38,444,F640,7,19.85209999838844,3,4,0,3,1,1,1.0,0.42857142857142855
M0201/img000038.jpg,M0201,38,444,F1280,15,25.708499990287237,3,12,0,3,1,1,1.0,0.2
M0201/img000038.jpg,M0201,38,444,DensK1,12,36.741699994308874,3,9,0,3,1,1,1.0,0.25
M0201/img000038.jpg,M0201,38,444,UnifAll,16,58.0020999914268,3,13,0,3,1,1,1.0,0.1875
M0201/img000038.jpg,M0201,38,444,SAHI640,15,240.18449999857694,3,12,0,3,1,1,1.0,0.2
M0201/img000039.jpg,M0201,39,445,F640,7,15.797700005350634,3,4,0,3,1,1,1.0,0.42857142857142855
M0201/img000039.jpg,M0201,39,445,F1280,15,26.55640000011772,3,12,0,3,1,1,1.0,0.2
M0201/img000039.jpg,M0201,39,445,DensK1,14,38.76139999192674,3,11,0,3,1,1,1.0,0.21428571428571427
M0201/img000039.jpg,M0201,39,445,UnifAll,16,55.38510000042152,3,13,0,3,1,1,1.0,0.1875
M0201/img000039.jpg,M0201,39,445,SAHI640,17,232.70530000445433,3,14,0,3,1,1,1.0,0.17647058823529413
M0201/img000040.jpg,M0201,40,446,F640,6,16.59020000079181,3,3,0,3,1,1,1.0,0.5
M0201/img000040.jpg,M0201,40,446,F1280,13,26.033900008769706,3,10,0,3,1,1,1.0,0.23076923076923078
M0201/img000040.jpg,M0201,40,446,DensK1,13,40.46079999534413,3,10,0,3,1,1,1.0,0.23076923076923078
M0201/img000040.jpg,M0201,40,446,UnifAll,20,58.22279999847524,3,17,0,3,1,1,1.0,0.15
M0201/img000040.jpg,M0201,40,446,SAHI640,17,247.454900003504,3,14,0,3,1,1,1.0,0.17647058823529413
M0201/img000041.jpg,M0201,41,447,F640,5,23.765100006130524,2,3,0,3,1,1,1.0,0.4
M0201/img000041.jpg,M0201,41,447,F1280,15,34.71180000633467,3,12,0,3,1,1,1.0,0.2
M0201/img000041.jpg,M0201,41,447,DensK1,8,50.30669999541715,3,5,0,3,1,1,1.0,0.375
M0201/img000041.jpg,M0201,41,447,UnifAll,12,63.10140001005493,3,9,0,3,1,1,1.0,0.25
M0201/img000041.jpg,M0201,41,447,SAHI640,16,254.2851000034716,3,13,0,3,1,1,1.0,0.1875
M0201/img000042.jpg,M0201,42,448,F640,8,23.529700003564358,3,5,0,3,1,1,1.0,0.375
M0201/img000042.jpg,M0201,42,448,F1280,12,33.76739998930134,3,9,0,3,1,1,1.0,0.25
M0201/img000042.jpg,M0201,42,448,DensK1,14,32.88159999647178,3,11,0,3,1,1,1.0,0.21428571428571427
M0201/img000042.jpg,M0201,42,448,UnifAll,16,45.14050000580028,3,13,0,3,1,1,1.0,0.1875
M0201/img000042.jpg,M0201,42,448,SAHI640,14,221.16990000358783,3,11,0,3,1,1,1.0,0.21428571428571427
M0201/img000043.jpg,M0201,43,449,F640,6,19.109999993816018,2,4,0,3,1,1,1.0,0.3333333333333333
M0201/img000043.jpg,M0201,43,449,F1280,18,35.83500000240747,2,16,0,3,1,0,0.0,0.1111111111111111
M0201/img000043.jpg,M0201,43,449,DensK1,13,33.38100000109989,2,11,0,3,1,0,0.0,0.15384615384615385
M0201/img000043.jpg,M0201,43,449,UnifAll,16,44.54960000293795,2,14,0,3,1,0,0.0,0.125
M0201/img000043.jpg,M0201,43,449,SAHI640,17,382.4476000008872,3,14,0,3,1,1,1.0,0.17647058823529413
M0201/img000044.jpg,M0201,44,450,F640,9,18.842599994968623,3,6,0,3,1,1,1.0,0.3333333333333333
M0201/img000044.jpg,M0201,44,450,F1280,13,35.35949999059085,2,11,0,3,1,0,0.0,0.15384615384615385
M0201/img000044.jpg,M0201,44,450,DensK1,18,39.070500002708286,2,16,0,3,1,0,0.0,0.1111111111111111
M0201/img000044.jpg,M0201,44,450,UnifAll,21,59.686500011594035,2,19,0,3,1,0,0.0,0.09523809523809523
M0201/img000044.jpg,M0201,44,450,SAHI640,16,206.37620000343304,3,13,0,3,1,1,1.0,0.1875
M0201/img000045.jpg,M0201,45,451,F640,6,21.333400000003166,3,3,0,3,1,1,1.0,0.5
M0201/img000045.jpg,M0201,45,451,F1280,10,33.14610000234097,3,7,0,3,1,1,1.0,0.3
M0201/img000045.jpg,M0201,45,451,DensK1,13,56.95830000331625,2,11,0,3,1,0,0.0,0.15384615384615385
M0201/img000045.jpg,M0201,45,451,UnifAll,13,76.9577000028221,2,11,0,3,1,0,0.0,0.15384615384615385
M0201/img000045.jpg,M0201,45,451,SAHI640,15,212.24639999854844,3,12,0,3,1,1,1.0,0.2
M0201/img000046.jpg,M0201,46,452,F640,11,17.578500002855435,3,8,0,3,1,1,1.0,0.2727272727272727
M0201/img000046.jpg,M0201,46,452,F1280,13,28.54319999460131,2,11,0,3,1,0,0.0,0.15384615384615385
M0201/img000046.jpg,M0201,46,452,DensK1,21,41.64179999497719,2,19,0,3,1,0,0.0,0.09523809523809523
M0201/img000046.jpg,M0201,46,452,UnifAll,21,65.45740000728983,2,19,0,3,1,0,0.0,0.09523809523809523
M0201/img000046.jpg,M0201,46,452,SAHI640,13,198.47869999648537,3,10,0,3,1,1,1.0,0.23076923076923078
M0201/img000047.jpg,M0201,47,453,F640,5,17.55680001224391,2,3,0,3,1,0,0.0,0.4
M0201/img000047.jpg,M0201,47,453,F1280,15,39.00400000566151,2,13,0,3,1,0,0.0,0.13333333333333333
M0201/img000047.jpg,M0201,47,453,DensK1,13,45.120099995983765,2,11,0,3,1,0,0.0,0.15384615384615385
M0201/img000047.jpg,M0201,47,453,UnifAll,14,44.56049999862444,2,12,0,3,1,0,0.0,0.14285714285714285
M0201/img000047.jpg,M0201,47,453,SAHI640,13,205.26930000050925,3,10,0,3,1,1,1.0,0.23076923076923078
M0201/img000048.jpg,M0201,48,454,F640,9,20.382400005473755,3,6,0,3,1,1,1.0,0.3333333333333333
M0201/img000048.jpg,M0201,48,454,F1280,14,34.87719999975525,3,11,0,3,1,1,1.0,0.21428571428571427
M0201/img000048.jpg,M0201,48,454,DensK1,17,58.409100005519576,3,14,0,3,1,1,1.0,0.17647058823529413
M0201/img000048.jpg,M0201,48,454,UnifAll,17,43.18950000742916,3,14,0,3,1,1,1.0,0.17647058823529413
M0201/img000048.jpg,M0201,48,454,SAHI640,16,234.91009999997914,3,13,0,3,1,1,1.0,0.1875
M0201/img000049.jpg,M0201,49,455,F640,9,19.28750000661239,3,6,0,3,1,1,1.0,0.3333333333333333
M0201/img000049.jpg,M0201,49,455,F1280,12,37.38880000310019,3,9,0,3,1,1,1.0,0.25
M0201/img000049.jpg,M0201,49,455,DensK1,19,36.82029999617953,3,16,0,3,1,1,1.0,0.15789473684210525
M0201/img000049.jpg,M0201,49,455,UnifAll,19,43.96480000286829,3,16,0,3,1,1,1.0,0.15789473684210525
M0201/img000049.jpg,M0201,49,455,SAHI640,17,181.3278000045102,3,14,0,3,1,1,1.0,0.17647058823529413
M0201/img000050.jpg,M0201,50,456,F640,6,18.72870000079274,3,3,0,3,1,1,1.0,0.5
M0201/img000050.jpg,M0201,50,456,F1280,19,28.716299988445826,3,16,0,3,1,1,1.0,0.15789473684210525
M0201/img000050.jpg,M0201,50,456,DensK1,14,40.004900001804344,3,11,0,3,1,1,1.0,0.21428571428571427
M0201/img000050.jpg,M0201,50,456,UnifAll,16,62.38540000049397,3,13,0,3,1,1,1.0,0.1875
M0201/img000050.jpg,M0201,50,456,SAHI640,17,249.04159999277908,3,14,0,3,1,1,1.0,0.17647058823529413
M0201/img000051.jpg,M0201,51,457,F640,9,17.588200003956445,3,6,0,3,1,1,1.0,0.3333333333333333
M0201/img000051.jpg,M0201,51,457,F1280,12,27.355300000635907,3,9,0,3,1,1,1.0,0.25
M0201/img000051.jpg,M0201,51,457,DensK1,16,36.757800000486895,3,13,0,3,1,1,1.0,0.1875
M0201/img000051.jpg,M0201,51,457,UnifAll,16,70.07309999607969,3,13,0,3,1,1,1.0,0.1875
M0201/img000051.jpg,M0201,51,457,SAHI640,16,223.0483000021195,3,13,0,3,1,1,1.0,0.1875
M0201/img000052.jpg,M0201,52,458,F640,6,14.741399994818494,3,3,0,3,1,1,1.0,0.5
M0201/img000052.jpg,M0201,52,458,F1280,14,25.873399994452484,3,11,0,3,1,1,1.0,0.21428571428571427
M0201/img000052.jpg,M0201,52,458,DensK1,12,37.38829999929294,3,9,0,3,1,1,1.0,0.25
M0201/img000052.jpg,M0201,52,458,UnifAll,15,53.82329999702051,3,12,0,3,1,1,1.0,0.2
M0201/img000052.jpg,M0201,52,458,SAHI640,11,218.8274999934947,3,8,0,3,1,1,1.0,0.2727272727272727
M0201/img000053.jpg,M0201,53,459,F640,7,16.042499992181547,3,4,0,3,1,1,1.0,0.42857142857142855
M0201/img000053.jpg,M0201,53,459,F1280,15,27.34770000097342,3,12,0,3,1,1,1.0,0.2
M0201/img000053.jpg,M0201,53,459,DensK1,12,33.520400000270456,3,9,0,3,1,1,1.0,0.25
M0201/img000053.jpg,M0201,53,459,UnifAll,13,50.56730000069365,3,10,0,3,1,1,1.0,0.23076923076923078
M0201/img000053.jpg,M0201,53,459,SAHI640,11,222.35680000449065,3,8,0,3,1,1,1.0,0.2727272727272727
M0201/img000054.jpg,M0201,54,460,F640,6,19.11399999517016,3,3,0,3,1,1,1.0,0.5
M0201/img000054.jpg,M0201,54,460,F1280,16,26.211100004729815,3,13,0,3,1,1,1.0,0.1875
M0201/img000054.jpg,M0201,54,460,DensK1,12,36.994100009906106,3,9,0,3,1,1,1.0,0.25
M0201/img000054.jpg,M0201,54,460,UnifAll,13,60.948199999984354,3,10,0,3,1,1,1.0,0.23076923076923078
M0201/img000054.jpg,M0201,54,460,SAHI640,12,218.05000001040753,3,9,0,3,1,1,1.0,0.25
M0201/img000055.jpg,M0201,55,461,F640,8,17.965699997148477,3,5,0,3,1,1,1.0,0.375
M0201/img000055.jpg,M0201,55,461,F1280,15,27.454499999294057,3,12,0,3,1,1,1.0,0.2
M0201/img000055.jpg,M0201,55,461,DensK1,14,34.13419998832978,3,11,0,3,1,1,1.0,0.21428571428571427
M0201/img000055.jpg,M0201,55,461,UnifAll,14,56.0029000043869,3,11,0,3,1,1,1.0,0.21428571428571427
M0201/img000055.jpg,M0201,55,461,SAHI640,15,218.83369999704883,3,12,0,3,1,1,1.0,0.2
M0201/img000056.jpg,M0201,56,462,F640,6,19.749300001421943,3,3,0,3,1,1,1.0,0.5
M0201/img000056.jpg,M0201,56,462,F1280,18,35.27199999371078,3,15,0,3,1,1,1.0,0.16666666666666666
M0201/img000056.jpg,M0201,56,462,DensK1,15,31.265400000847876,3,12,0,3,1,1,1.0,0.2
M0201/img000056.jpg,M0201,56,462,UnifAll,15,50.64020000281744,3,12,0,3,1,1,1.0,0.2
M0201/img000056.jpg,M0201,56,462,SAHI640,19,213.76250000321306,3,16,0,3,1,1,1.0,0.15789473684210525
M0201/img000057.jpg,M0201,57,463,F640,6,16.953900005319156,3,3,0,3,1,1,1.0,0.5
M0201/img000057.jpg,M0201,57,463,F1280,15,33.72760000638664,3,12,0,3,1,1,1.0,0.2
M0201/img000057.jpg,M0201,57,463,DensK1,11,35.29869999329094,3,8,0,3,1,1,1.0,0.2727272727272727
M0201/img000057.jpg,M0201,57,463,UnifAll,12,44.6347999968566,3,9,0,3,1,1,1.0,0.25
M0201/img000057.jpg,M0201,57,463,SAHI640,12,213.59749999828637,3,9,0,3,1,1,1.0,0.25
M0201/img000058.jpg,M0201,58,464,F640,5,19.153500004904345,3,2,0,3,1,1,1.0,0.6
M0201/img000058.jpg,M0201,58,464,F1280,17,31.288800004404038,3,14,0,3,1,1,1.0,0.17647058823529413
M0201/img000058.jpg,M0201,58,464,DensK1,8,36.40379999706056,3,5,0,3,1,1,1.0,0.375
M0201/img000058.jpg,M0201,58,464,UnifAll,10,55.31970001175068,3,7,0,3,1,1,1.0,0.3
M0201/img000058.jpg,M0201,58,464,SAHI640,14,223.46680000191554,3,11,0,3,1,1,1.0,0.21428571428571427
M0201/img000059.jpg,M0201,59,465,F640,7,18.875100009609014,3,4,0,3,1,1,1.0,0.42857142857142855
M0201/img000059.jpg,M0201,59,465,F1280,12,28.51839999493677,3,9,0,3,1,1,1.0,0.25
M0201/img000059.jpg,M0201,59,465,DensK1,11,39.182299995445646,3,8,0,3,1,1,1.0,0.2727272727272727
M0201/img000059.jpg,M0201,59,465,UnifAll,12,56.40000000130385,3,9,0,3,1,1,1.0,0.25
M0201/img000059.jpg,M0201,59,465,SAHI640,14,211.91450000333134,3,11,0,3,1,1,1.0,0.21428571428571427
M0201/img000060.jpg,M0201,60,466,F640,6,17.67919999838341,3,3,0,3,1,1,1.0,0.5
M0201/img000060.jpg,M0201,60,466,F1280,16,26.90509999229107,3,13,0,3,1,1,1.0,0.1875
M0201/img000060.jpg,M0201,60,466,DensK1,9,36.98940000322182,3,6,0,3,1,1,1.0,0.3333333333333333
M0201/img000060.jpg,M0201,60,466,UnifAll,11,61.21040000289213,3,8,0,3,1,1,1.0,0.2727272727272727
M0201/img000060.jpg,M0201,60,466,SAHI640,10,231.8606000044383,3,7,0,3,1,1,1.0,0.3
M0201/img000061.jpg,M0201,61,467,F640,8,19.33439999993425,3,5,0,3,1,1,1.0,0.375
M0201/img000061.jpg,M0201,61,467,F1280,15,28.8905000052182,3,12,0,3,1,1,1.0,0.2
M0201/img000061.jpg,M0201,61,467,DensK1,11,42.354100005468354,3,8,0,3,1,1,1.0,0.2727272727272727
M0201/img000061.jpg,M0201,61,467,UnifAll,11,58.31429999670945,3,8,0,3,1,1,1.0,0.2727272727272727
M0201/img000061.jpg,M0201,61,467,SAHI640,13,205.75750000716653,3,10,0,3,1,1,1.0,0.23076923076923078
M0201/img000062.jpg,M0201,62,468,F640,6,20.589099993230775,3,3,0,3,1,1,1.0,0.5
M0201/img000062.jpg,M0201,62,468,F1280,14,28.887200009194203,3,11,0,3,1,1,1.0,0.21428571428571427
M0201/img000062.jpg,M0201,62,468,DensK1,10,38.238799999817275,3,7,0,3,1,1,1.0,0.3
M0201/img000062.jpg,M0201,62,468,UnifAll,10,71.25969999469817,3,7,0,3,1,1,1.0,0.3
M0201/img000062.jpg,M0201,62,468,SAHI640,11,229.52449999866076,3,8,0,3,1,1,1.0,0.2727272727272727
M0201/img000063.jpg,M0201,63,469,F640,5,25.37780000420753,3,2,0,3,1,1,1.0,0.6
M0201/img000063.jpg,M0201,63,469,F1280,13,37.9423999984283,3,10,0,3,1,1,1.0,0.23076923076923078
M0201/img000063.jpg,M0201,63,469,DensK1,10,50.077299994882196,3,7,0,3,1,1,1.0,0.3
M0201/img000063.jpg,M0201,63,469,UnifAll,13,73.14269999915268,3,10,0,3,1,1,1.0,0.23076923076923078
M0201/img000063.jpg,M0201,63,469,SAHI640,11,230.0707000104012,3,8,0,3,1,1,1.0,0.2727272727272727
M0201/img000064.jpg,M0201,64,470,F640,8,16.362099995603785,3,5,0,3,2,2,1.0,0.375
M0201/img000064.jpg,M0201,64,470,F1280,16,27.304999995976686,3,13,0,3,2,2,1.0,0.1875
M0201/img000064.jpg,M0201,64,470,DensK1,11,39.603500001248904,3,8,0,3,2,2,1.0,0.2727272727272727
M0201/img000064.jpg,M0201,64,470,UnifAll,13,58.598999996320345,3,10,0,3,2,2,1.0,0.23076923076923078
M0201/img000064.jpg,M0201,64,470,SAHI640,14,213.80499999213498,3,11,0,3,2,2,1.0,0.21428571428571427
M0201/img000065.jpg,M0201,65,471,F640,9,18.17930000834167,3,6,0,3,1,1,1.0,0.3333333333333333
M0201/img000065.jpg,M0201,65,471,F1280,12,35.438600010820664,3,9,0,3,1,1,1.0,0.25
M0201/img000065.jpg,M0201,65,471,DensK1,12,44.34929999115411,3,9,0,3,1,1,1.0,0.25
M0201/img000065.jpg,M0201,65,471,UnifAll,13,64.31470000825357,3,10,0,3,1,1,1.0,0.23076923076923078
M0201/img000065.jpg,M0201,65,471,SAHI640,12,244.10769999667536,3,9,0,3,1,1,1.0,0.25
M0201/img000066.jpg,M0201,66,472,F640,6,18.254999988130294,3,3,0,3,1,1,1.0,0.5
M0201/img000066.jpg,M0201,66,472,F1280,10,28.21859999676235,3,7,0,3,1,1,1.0,0.3
M0201/img000066.jpg,M0201,66,472,DensK1,12,33.053699997253716,3,9,0,3,1,1,1.0,0.25
M0201/img000066.jpg,M0201,66,472,UnifAll,13,58.221200000843965,3,10,0,3,1,1,1.0,0.23076923076923078
M0201/img000066.jpg,M0201,66,472,SAHI640,12,207.15069999278057,3,9,0,3,1,1,1.0,0.25
M0201/img000067.jpg,M0201,67,473,F640,9,17.76909999898635,3,6,0,3,1,1,1.0,0.3333333333333333
M0201/img000067.jpg,M0201,67,473,F1280,11,41.606600003433414,3,8,0,3,1,1,1.0,0.2727272727272727
M0201/img000067.jpg,M0201,67,473,DensK1,14,34.18870001041796,3,11,0,3,1,1,1.0,0.21428571428571427
M0201/img000067.jpg,M0201,67,473,UnifAll,14,45.44260000693612,3,11,0,3,1,1,1.0,0.21428571428571427
M0201/img000067.jpg,M0201,67,473,SAHI640,13,213.75009999610484,3,10,0,3,1,1,1.0,0.23076923076923078
M0201/img000068.jpg,M0201,68,474,F640,7,17.09829999890644,3,4,0,3,1,1,1.0,0.42857142857142855
M0201/img000068.jpg,M0201,68,474,F1280,12,33.318299989332445,3,9,0,3,1,1,1.0,0.25
M0201/img000068.jpg,M0201,68,474,DensK1,14,44.63379998924211,3,11,0,3,1,1,1.0,0.21428571428571427
M0201/img000068.jpg,M0201,68,474,UnifAll,14,70.64119999995455,3,11,0,3,1,1,1.0,0.21428571428571427
M0201/img000068.jpg,M0201,68,474,SAHI640,13,243.5646999947494,3,10,0,3,1,1,1.0,0.23076923076923078
M0201/img000069.jpg,M0201,69,475,F640,6,19.961300000431947,3,3,0,3,1,1,1.0,0.5
M0201/img000069.jpg,M0201,69,475,F1280,13,41.3879999978235,3,10,0,3,1,1,1.0,0.23076923076923078
M0201/img000069.jpg,M0201,69,475,DensK1,11,47.275899996748194,3,8,0,3,1,1,1.0,0.2727272727272727
M0201/img000069.jpg,M0201,69,475,UnifAll,11,48.869999998714775,3,8,0,3,1,1,1.0,0.2727272727272727
M0201/img000069.jpg,M0201,69,475,SAHI640,14,245.1409000059357,3,11,0,3,1,1,1.0,0.21428571428571427
M0201/img000070.jpg,M0201,70,476,F640,8,22.20609999494627,3,5,0,3,1,1,1.0,0.375
M0201/img000070.jpg,M0201,70,476,F1280,13,41.706599993631244,3,10,0,3,1,1,1.0,0.23076923076923078
M0201/img000070.jpg,M0201,70,476,DensK1,12,39.320299998507835,3,9,0,3,1,1,1.0,0.25
M0201/img000070.jpg,M0201,70,476,UnifAll,13,55.14009999751579,3,10,0,3,1,1,1.0,0.23076923076923078
M0201/img000070.jpg,M0201,70,476,SAHI640,12,247.99760000314564,3,9,0,3,1,1,1.0,0.25
M0201/img000071.jpg,M0201,71,477,F640,6,20.757000005687587,3,3,0,3,1,1,1.0,0.5
M0201/img000071.jpg,M0201,71,477,F1280,11,42.979099991498515,3,8,0,3,1,1,1.0,0.2727272727272727
M0201/img000071.jpg,M0201,71,477,DensK1,10,37.64370000862982,3,7,0,3,1,1,1.0,0.3
M0201/img000071.jpg,M0201,71,477,UnifAll,11,55.63819999224506,3,8,0,3,1,1,1.0,0.2727272727272727
M0201/img000071.jpg,M0201,71,477,SAHI640,12,248.45709999499377,3,9,0,3,1,1,1.0,0.25
M0201/img000072.jpg,M0201,72,478,F640,7,16.567899991059676,3,4,0,3,1,1,1.0,0.42857142857142855
M0201/img000072.jpg,M0201,72,478,F1280,14,37.10849999333732,3,11,0,3,1,1,1.0,0.21428571428571427
M0201/img000072.jpg,M0201,72,478,DensK1,13,38.19419999490492,3,10,0,3,1,1,1.0,0.23076923076923078
M0201/img000072.jpg,M0201,72,478,UnifAll,14,53.8795000029495,3,11,0,3,1,1,1.0,0.21428571428571427
M0201/img000072.jpg,M0201,72,478,SAHI640,15,226.5287000045646,3,12,0,3,1,1,1.0,0.2
M0201/img000073.jpg,M0201,73,479,F640,6,24.805799999739975,3,3,0,3,1,1,1.0,0.5
M0201/img000073.jpg,M0201,73,479,F1280,17,37.418599997181445,3,14,0,3,1,1,1.0,0.17647058823529413
M0201/img000073.jpg,M0201,73,479,DensK1,10,33.66430000460241,3,7,0,3,1,1,1.0,0.3
M0201/img000073.jpg,M0201,73,479,UnifAll,11,58.76110000826884,3,8,0,3,1,1,1.0,0.2727272727272727
M0201/img000073.jpg,M0201,73,479,SAHI640,13,235.74420000659302,3,10,0,3,1,1,1.0,0.23076923076923078
M0201/img000074.jpg,M0201,74,480,F640,7,20.42099999380298,3,4,0,3,1,1,1.0,0.42857142857142855
M0201/img000074.jpg,M0201,74,480,F1280,12,32.7532999945106,3,9,0,3,1,1,1.0,0.25
M0201/img000074.jpg,M0201,74,480,DensK1,13,39.85760000068694,3,10,0,3,1,1,1.0,0.23076923076923078
M0201/img000074.jpg,M0201,74,480,UnifAll,13,60.91289999312721,3,10,0,3,1,1,1.0,0.23076923076923078
M0201/img000074.jpg,M0201,74,480,SAHI640,10,232.60869999649003,3,7,0,3,1,1,1.0,0.3
M0201/img000075.jpg,M0201,75,481,F640,6,16.9437000004109,3,3,0,3,1,1,1.0,0.5
M0201/img000075.jpg,M0201,75,481,F1280,13,29.55150000343565,3,10,0,3,1,1,1.0,0.23076923076923078
M0201/img000075.jpg,M0201,75,481,DensK1,10,31.011800005217083,3,7,0,3,1,1,1.0,0.3
M0201/img000075.jpg,M0201,75,481,UnifAll,13,47.98200000368524,3,10,0,3,1,1,1.0,0.23076923076923078
M0201/img000075.jpg,M0201,75,481,SAHI640,13,218.29789999173954,3,10,0,3,1,1,1.0,0.23076923076923078
M0201/img000076.jpg,M0201,76,482,F640,6,19.4303000025684,3,3,0,3,1,1,1.0,0.5
M0201/img000076.jpg,M0201,76,482,F1280,11,29.370999996899627,3,8,0,3,1,1,1.0,0.2727272727272727
M0201/img000076.jpg,M0201,76,482,DensK1,13,42.818400004762225,3,10,0,3,1,1,1.0,0.23076923076923078
M0201/img000076.jpg,M0201,76,482,UnifAll,13,61.22550000145566,3,10,0,3,1,1,1.0,0.23076923076923078
M0201/img000076.jpg,M0201,76,482,SAHI640,12,223.54679999989457,3,9,0,3,1,1,1.0,0.25
M0201/img000077.jpg,M0201,77,483,F640,5,18.446600006427616,3,2,0,3,1,1,1.0,0.6
M0201/img000077.jpg,M0201,77,483,F1280,12,49.796499995863996,3,9,0,3,1,1,1.0,0.25
M0201/img000077.jpg,M0201,77,483,DensK1,12,36.590400006389245,3,9,0,3,1,1,1.0,0.25
M0201/img000077.jpg,M0201,77,483,UnifAll,15,47.62800000025891,3,12,0,3,1,1,1.0,0.2
M0201/img000077.jpg,M0201,77,483,SAHI640,14,192.67720000061672,3,11,0,3,1,1,1.0,0.21428571428571427
M0201/img000078.jpg,M0201,78,484,F640,7,18.32240000658203,3,4,0,3,1,1,1.0,0.42857142857142855
M0201/img000078.jpg,M0201,78,484,F1280,15,27.260399991064332,3,12,0,3,1,1,1.0,0.2
M0201/img000078.jpg,M0201,78,484,DensK1,12,42.41860000183806,3,9,0,3,1,1,1.0,0.25
M0201/img000078.jpg,M0201,78,484,UnifAll,14,85.34380000492092,3,11,0,3,1,1,1.0,0.21428571428571427
M0201/img000078.jpg,M0201,78,484,SAHI640,15,242.79819999355823,3,12,0,3,1,1,1.0,0.2
M0201/img000079.jpg,M0201,79,485,F640,6,23.23029999388382,3,3,0,3,1,1,1.0,0.5
M0201/img000079.jpg,M0201,79,485,F1280,15,36.34919998876285,3,12,0,3,1,1,1.0,0.2
M0201/img000079.jpg,M0201,79,485,DensK1,11,52.12839999876451,3,8,0,3,1,1,1.0,0.2727272727272727
M0201/img000079.jpg,M0201,79,485,UnifAll,15,84.46319999347907,3,12,0,3,1,1,1.0,0.2
M0201/img000079.jpg,M0201,79,485,SAHI640,12,221.98220000427682,3,9,0,3,1,1,1.0,0.25
M0201/img000080.jpg,M0201,80,486,F640,8,17.183600008138455,3,5,0,3,1,1,1.0,0.375
M0201/img000080.jpg,M0201,80,486,F1280,15,38.57300001254771,3,12,0,3,1,1,1.0,0.2
M0201/img000080.jpg,M0201,80,486,DensK1,12,30.974000008427538,3,9,0,3,1,1,1.0,0.25
M0201/img000080.jpg,M0201,80,486,UnifAll,14,70.2092999999877,3,11,0,3,1,1,1.0,0.21428571428571427
M0201/img000080.jpg,M0201,80,486,SAHI640,14,238.72690000280272,3,11,0,3,1,1,1.0,0.21428571428571427
M0201/img000081.jpg,M0201,81,487,F640,7,19.355399999767542,3,4,0,3,1,1,1.0,0.42857142857142855
M0201/img000081.jpg,M0201,81,487,F1280,11,36.719700001413,3,8,0,3,1,1,1.0,0.2727272727272727
M0201/img000081.jpg,M0201,81,487,DensK1,11,53.619899990735576,3,8,0,3,1,1,1.0,0.2727272727272727
M0201/img000081.jpg,M0201,81,487,UnifAll,14,53.72640000132378,3,11,0,3,1,1,1.0,0.21428571428571427
M0201/img000081.jpg,M0201,81,487,SAHI640,13,238.27020000317134,3,10,0,3,1,1,1.0,0.23076923076923078
M0201/img000082.jpg,M0201,82,488,F640,5,22.184500005096197,3,2,0,3,1,1,1.0,0.6
M0201/img000082.jpg,M0201,82,488,F1280,13,39.3915000022389,3,10,0,3,1,1,1.0,0.23076923076923078
M0201/img000082.jpg,M0201,82,488,DensK1,12,61.09069999365602,3,9,0,3,1,1,1.0,0.25
M0201/img000082.jpg,M0201,82,488,UnifAll,13,46.68070000479929,3,10,0,3,1,1,1.0,0.23076923076923078
M0201/img000082.jpg,M0201,82,488,SAHI640,12,417.6840000000084,3,9,0,3,1,1,1.0,0.25
M0201/img000083.jpg,M0201,83,489,F640,8,15.6107999937376,3,5,0,3,0,0,nan,0.375
M0201/img000083.jpg,M0201,83,489,F1280,13,36.73490000073798,3,10,0,3,0,0,nan,0.23076923076923078
M0201/img000083.jpg,M0201,83,489,DensK1,12,45.40459999407176,3,9,0,3,0,0,nan,0.25
M0201/img000083.jpg,M0201,83,489,UnifAll,12,60.690900005283765,3,9,0,3,0,0,nan,0.25
M0201/img000083.jpg,M0201,83,489,SAHI640,12,212.0056999992812,3,9,0,3,0,0,nan,0.25
M0201/img000084.jpg,M0201,84,490,F640,6,16.16230000217911,3,3,0,3,0,0,nan,0.5
M0201/img000084.jpg,M0201,84,490,F1280,14,35.12999998929445,3,11,0,3,0,0,nan,0.21428571428571427
M0201/img000084.jpg,M0201,84,490,DensK1,10,50.41450000135228,3,7,0,3,0,0,nan,0.3
M0201/img000084.jpg,M0201,84,490,UnifAll,10,68.20840000000317,3,7,0,3,0,0,nan,0.3
M0201/img000084.jpg,M0201,84,490,SAHI640,17,214.1200000041863,3,14,0,3,0,0,nan,0.17647058823529413
M0201/img000085.jpg,M0201,85,491,F640,6,32.93719999783207,3,3,0,3,0,0,nan,0.5
M0201/img000085.jpg,M0201,85,491,F1280,13,33.21779999532737,3,10,0,3,0,0,nan,0.23076923076923078
M0201/img000085.jpg,M0201,85,491,DensK1,9,37.182499989285134,3,6,0,3,0,0,nan,0.3333333333333333
M0201/img000085.jpg,M0201,85,491,UnifAll,12,52.268900006311014,3,9,0,3,0,0,nan,0.25
M0201/img000085.jpg,M0201,85,491,SAHI640,14,233.74019999755546,3,11,0,3,0,0,nan,0.21428571428571427
M0201/img000086.jpg,M0201,86,492,F640,9,20.26260001002811,3,6,0,3,0,0,nan,0.3333333333333333
M0201/img000086.jpg,M0201,86,492,F1280,11,37.353299994720146,3,8,0,3,0,0,nan,0.2727272727272727
M0201/img000086.jpg,M0201,86,492,DensK1,12,49.5632999954978,3,9,0,3,0,0,nan,0.25
M0201/img000086.jpg,M0201,86,492,UnifAll,12,58.06930000835564,3,9,0,3,0,0,nan,0.25
M0201/img000086.jpg,M0201,86,492,SAHI640,13,224.4124999997439,3,10,0,3,0,0,nan,0.23076923076923078
M0201/img000087.jpg,M0201,87,493,F640,7,20.75360000890214,3,4,0,3,0,0,nan,0.42857142857142855
M0201/img000087.jpg,M0201,87,493,F1280,12,33.71070000866894,3,9,0,3,0,0,nan,0.25
M0201/img000087.jpg,M0201,87,493,DensK1,13,35.942300004535355,3,10,0,3,0,0,nan,0.23076923076923078
M0201/img000087.jpg,M0201,87,493,UnifAll,13,53.065000000060536,3,10,0,3,0,0,nan,0.23076923076923078
M0201/img000087.jpg,M0201,87,493,SAHI640,13,204.5302000042284,3,10,0,3,0,0,nan,0.23076923076923078
M0201/img000088.jpg,M0201,88,494,F640,9,16.90220000455156,3,6,0,3,0,0,nan,0.3333333333333333
M0201/img000088.jpg,M0201,88,494,F1280,11,35.83349999098573,3,8,0,3,0,0,nan,0.2727272727272727
M0201/img000088.jpg,M0201,88,494,DensK1,12,34.025199987809174,3,9,0,3,0,0,nan,0.25
M0201/img000088.jpg,M0201,88,494,UnifAll,12,52.039799993508495,3,9,0,3,0,0,nan,0.25
M0201/img000088.jpg,M0201,88,494,SAHI640,13,215.9935000090627,3,10,0,3,0,0,nan,0.23076923076923078
M0201/img000089.jpg,M0201,89,495,F640,7,22.684999988996424,3,4,0,3,0,0,nan,0.42857142857142855
M0201/img000089.jpg,M0201,89,495,F1280,12,33.32260000752285,3,9,0,3,0,0,nan,0.25
M0201/img000089.jpg,M0201,89,495,DensK1,9,43.045000013080426,3,6,0,3,0,0,nan,0.3333333333333333
M0201/img000089.jpg,M0201,89,495,UnifAll,11,57.94159999641124,3,8,0,3,0,0,nan,0.2727272727272727
M0201/img000089.jpg,M0201,89,495,SAHI640,14,210.4678000032436,3,11,0,3,0,0,nan,0.21428571428571427
M0201/img000090.jpg,M0201,90,496,F640,6,18.775899996398948,3,3,0,3,0,0,nan,0.5
M0201/img000090.jpg,M0201,90,496,F1280,14,44.973200012464076,3,11,0,3,0,0,nan,0.21428571428571427
M0201/img000090.jpg,M0201,90,496,DensK1,10,40.42140000092331,3,7,0,3,0,0,nan,0.3
M0201/img000090.jpg,M0201,90,496,UnifAll,12,56.448499992256984,3,9,0,3,0,0,nan,0.25
M0201/img000090.jpg,M0201,90,496,SAHI640,14,256.5748000051826,3,11,0,3,0,0,nan,0.21428571428571427
M0201/img000091.jpg,M0201,91,497,F640,8,19.309099996462464,3,5,0,3,0,0,nan,0.375
M0201/img000091.jpg,M0201,91,497,F1280,13,40.97790000378154,3,10,0,3,0,0,nan,0.23076923076923078
M0201/img000091.jpg,M0201,91,497,DensK1,14,30.878100005793385,3,11,0,3,0,0,nan,0.21428571428571427
M0201/img000091.jpg,M0201,91,497,UnifAll,14,42.348700008005835,3,11,0,3,0,0,nan,0.21428571428571427
M0201/img000091.jpg,M0201,91,497,SAHI640,14,207.6470000029076,3,11,0,3,0,0,nan,0.21428571428571427
M0201/img000092.jpg,M0201,92,498,F640,7,18.902399999205954,3,4,0,3,0,0,nan,0.42857142857142855
M0201/img000092.jpg,M0201,92,498,F1280,15,35.46329999517184,3,12,0,3,0,0,nan,0.2
M0201/img000092.jpg,M0201,92,498,DensK1,12,38.125499995658174,3,9,0,3,0,0,nan,0.25
M0201/img000092.jpg,M0201,92,498,UnifAll,14,59.30069999885745,3,11,0,3,0,0,nan,0.21428571428571427
M0201/img000092.jpg,M0201,92,498,SAHI640,16,202.13279999734368,3,13,0,3,0,0,nan,0.1875
M0201/img000093.jpg,M0201,93,499,F640,8,17.447899997932836,3,5,0,3,0,0,nan,0.375
M0201/img000093.jpg,M0201,93,499,F1280,14,39.4938999961596,3,11,0,3,0,0,nan,0.21428571428571427
M0201/img000093.jpg,M0201,93,499,DensK1,11,50.37409999931697,3,8,0,3,0,0,nan,0.2727272727272727
M0201/img000093.jpg,M0201,93,499,UnifAll,11,62.613900008727796,3,8,0,3,0,0,nan,0.2727272727272727
M0201/img000093.jpg,M0201,93,499,SAHI640,18,215.39149999443907,3,15,0,3,0,0,nan,0.16666666666666666
M0201/img000094.jpg,M0201,94,500,F640,5,16.4671999955317,3,2,0,3,0,0,nan,0.6
M0201/img000094.jpg,M0201,94,500,F1280,9,41.82659999059979,3,6,0,3,0,0,nan,0.3333333333333333
M0201/img000094.jpg,M0201,94,500,DensK1,10,36.53070000291336,3,7,0,3,0,0,nan,0.3
M0201/img000094.jpg,M0201,94,500,UnifAll,11,56.05980000109412,3,8,0,3,0,0,nan,0.2727272727272727
M0201/img000094.jpg,M0201,94,500,SAHI640,12,223.13640000356827,3,9,0,3,0,0,nan,0.25
M0201/img000095.jpg,M0201,95,501,F640,6,15.974599999026395,3,3,0,3,1,1,1.0,0.5
M0201/img000095.jpg,M0201,95,501,F1280,9,36.20210000372026,3,6,0,3,1,1,1.0,0.3333333333333333
M0201/img000095.jpg,M0201,95,501,DensK1,9,64.93279999995138,3,6,0,3,1,1,1.0,0.3333333333333333
M0201/img000095.jpg,M0201,95,501,UnifAll,10,42.28749999310821,3,7,0,3,1,1,1.0,0.3
M0201/img000095.jpg,M0201,95,501,SAHI640,13,222.5519999919925,3,10,0,3,1,1,1.0,0.23076923076923078
M0201/img000096.jpg,M0201,96,502,F640,10,33.733799995388836,3,7,0,3,0,0,nan,0.3
M0201/img000096.jpg,M0201,96,502,F1280,12,29.206999999587424,3,9,0,3,0,0,nan,0.25
M0201/img000096.jpg,M0201,96,502,DensK1,14,57.79700000130106,3,11,0,3,0,0,nan,0.21428571428571427
M0201/img000096.jpg,M0201,96,502,UnifAll,16,56.24609999358654,3,13,0,3,0,0,nan,0.1875
M0201/img000096.jpg,M0201,96,502,SAHI640,16,224.26430000632536,3,13,0,3,0,0,nan,0.1875
M0201/img000097.jpg,M0201,97,503,F640,9,21.30340000439901,3,6,0,3,0,0,nan,0.3333333333333333
M0201/img000097.jpg,M0201,97,503,F1280,12,30.497900006594136,3,9,0,3,0,0,nan,0.25
M0201/img000097.jpg,M0201,97,503,DensK1,15,59.76889999874402,3,12,0,3,0,0,nan,0.2
M0201/img000097.jpg,M0201,97,503,UnifAll,17,73.14259999839123,3,14,0,3,0,0,nan,0.17647058823529413
M0201/img000097.jpg,M0201,97,503,SAHI640,16,196.11200000508688,3,13,0,3,0,0,nan,0.1875
M0201/img000098.jpg,M0201,98,504,F640,9,17.866000009234995,3,6,0,3,0,0,nan,0.3333333333333333
M0201/img000098.jpg,M0201,98,504,F1280,12,34.26320001017302,3,9,0,3,0,0,nan,0.25
M0201/img000098.jpg,M0201,98,504,DensK1,16,32.12590000475757,3,13,0,3,0,0,nan,0.1875
M0201/img000098.jpg,M0201,98,504,UnifAll,18,57.06089999875985,3,15,0,3,0,0,nan,0.16666666666666666
M0201/img000098.jpg,M0201,98,504,SAHI640,15,199.76939998741727,3,12,0,3,0,0,nan,0.2
M0201/img000099.jpg,M0201,99,505,F640,8,18.326599994907156,3,5,0,3,1,1,1.0,0.375
M0201/img000099.jpg,M0201,99,505,F1280,12,29.575199994724244,3,9,0,3,1,1,1.0,0.25
M0201/img000099.jpg,M0201,99,505,DensK1,12,34.35519999766257,3,9,0,3,1,1,1.0,0.25
M0201/img000099.jpg,M0201,99,505,UnifAll,15,45.68929999368265,3,12,0,3,1,1,1.0,0.2
M0201/img000099.jpg,M0201,99,505,SAHI640,17,180.1458999980241,3,14,0,3,1,1,1.0,0.17647058823529413
M0201/img000100.jpg,M0201,100,506,F640,10,29.780299999401905,3,7,0,3,1,1,1.0,0.3
M0201/img000100.jpg,M0201,100,506,F1280,10,25.85999999428168,3,7,0,3,1,1,1.0,0.3
M0201/img000100.jpg,M0201,100,506,DensK1,12,40.41269999288488,3,9,0,3,1,1,1.0,0.25
M0201/img000100.jpg,M0201,100,506,UnifAll,15,70.65520000469405,3,12,0,3,1,1,1.0,0.2
M0201/img000100.jpg,M0201,100,506,SAHI640,17,195.6519999948796,3,14,0,3,1,1,1.0,0.17647058823529413
M0201/img000101.jpg,M0201,101,507,F640,7,17.600899998797104,1,6,0,2,0,0,nan,0.14285714285714285
M0201/img000101.jpg,M0201,101,507,F1280,11,25.845900003332645,2,9,0,2,0,0,nan,0.18181818181818182
M0201/img000101.jpg,M0201,101,507,DensK1,13,37.4493999988772,2,11,0,2,0,0,nan,0.15384615384615385
M0201/img000101.jpg,M0201,101,507,UnifAll,16,55.787399993278086,2,14,0,2,0,0,nan,0.125
M0201/img000101.jpg,M0201,101,507,SAHI640,13,209.99879999726545,2,11,0,2,0,0,nan,0.15384615384615385
M0201/img000102.jpg,M0201,102,508,F640,9,17.779000001610257,2,7,0,2,0,0,nan,0.2222222222222222
M0201/img000102.jpg,M0201,102,508,F1280,17,32.37349999835715,2,15,0,2,0,0,nan,0.11764705882352941
M0201/img000102.jpg,M0201,102,508,DensK1,20,33.573900000192225,2,18,0,2,0,0,nan,0.1
M0201/img000102.jpg,M0201,102,508,UnifAll,20,48.32439999154303,2,18,0,2,0,0,nan,0.1
M0201/img000102.jpg,M0201,102,508,SAHI640,16,200.86020001326688,2,14,0,2,0,0,nan,0.125
M0201/img000103.jpg,M0201,103,509,F640,7,36.619899998186156,2,5,0,2,0,0,nan,0.2857142857142857
M0201/img000103.jpg,M0201,103,509,F1280,10,26.020699995569885,2,8,0,2,0,0,nan,0.2
M0201/img000103.jpg,M0201,103,509,DensK1,12,29.1231000010157,2,10,0,2,0,0,nan,0.16666666666666666
M0201/img000103.jpg,M0201,103,509,UnifAll,13,65.42839999019634,2,11,0,2,0,0,nan,0.15384615384615385
M0201/img000103.jpg,M0201,103,509,SAHI640,15,225.3701000008732,2,13,0,2,0,0,nan,0.13333333333333333
M0201/img000104.jpg,M0201,104,510,F640,6,25.553999992553145,2,4,0,2,0,0,nan,0.3333333333333333
M0201/img000104.jpg,M0201,104,510,F1280,10,37.18730001128279,2,8,0,2,0,0,nan,0.2
M0201/img000104.jpg,M0201,104,510,DensK1,12,39.72000000067055,2,10,0,2,0,0,nan,0.16666666666666666
M0201/img000104.jpg,M0201,104,510,UnifAll,15,57.57900000025984,2,13,0,2,0,0,nan,0.13333333333333333
M0201/img000104.jpg,M0201,104,510,SAHI640,12,230.90149999188725,2,10,0,2,0,0,nan,0.16666666666666666
M0201/img000105.jpg,M0201,105,511,F640,6,23.18070000910666,2,4,0,2,0,0,nan,0.3333333333333333
M0201/img000105.jpg,M0201,105,511,F1280,12,38.36770000634715,2,10,0,2,0,0,nan,0.16666666666666666
M0201/img000105.jpg,M0201,105,511,DensK1,10,36.7063000012422,2,8,0,2,0,0,nan,0.2
M0201/img000105.jpg,M0201,105,511,UnifAll,11,51.42139999952633,2,9,0,2,0,0,nan,0.18181818181818182
M0201/img000105.jpg,M0201,105,511,SAHI640,13,214.44190001056995,2,11,0,2,0,0,nan,0.15384615384615385
M0201/img000106.jpg,M0201,106,512,F640,9,17.217600005096756,2,7,0,2,0,0,nan,0.2222222222222222
M0201/img000106.jpg,M0201,106,512,F1280,8,39.01229999610223,2,6,0,2,0,0,nan,0.25
M0201/img000106.jpg,M0201,106,512,DensK1,11,37.37820000969805,2,9,0,2,0,0,nan,0.18181818181818182
M0201/img000106.jpg,M0201,106,512,UnifAll,13,56.28650001017377,2,11,0,2,0,0,nan,0.15384615384615385
M0201/img000106.jpg,M0201,106,512,SAHI640,12,237.04859999998007,2,10,0,2,0,0,nan,0.16666666666666666
M0201/img000107.jpg,M0201,107,513,F640,5,15.178800007561222,2,3,0,2,0,0,nan,0.4
M0201/img000107.jpg,M0201,107,513,F1280,10,33.13739999430254,2,8,0,2,0,0,nan,0.2
M0201/img000107.jpg,M0201,107,513,DensK1,10,30.711799990967847,2,8,0,2,0,0,nan,0.2
M0201/img000107.jpg,M0201,107,513,UnifAll,10,61.093299998901784,2,8,0,2,0,0,nan,0.2
M0201/img000107.jpg,M0201,107,513,SAHI640,11,230.24489999806974,2,9,0,2,0,0,nan,0.18181818181818182
M0201/img000108.jpg,M0201,108,514,F640,5,21.07160000014119,2,3,0,2,0,0,nan,0.4
M0201/img000108.jpg,M0201,108,514,F1280,10,38.458900002297014,2,8,0,2,0,0,nan,0.2
M0201/img000108.jpg,M0201,108,514,DensK1,13,36.17160000430886,2,11,0,2,0,0,nan,0.15384615384615385
M0201/img000108.jpg,M0201,108,514,UnifAll,13,53.596900004777126,2,11,0,2,0,0,nan,0.15384615384615385
M0201/img000108.jpg,M0201,108,514,SAHI640,12,217.57930000603665,2,10,0,2,0,0,nan,0.16666666666666666
M0201/img000109.jpg,M0201,109,515,F640,6,20.040700008394197,1,5,0,2,0,0,nan,0.16666666666666666
M0201/img000109.jpg,M0201,109,515,F1280,9,33.602600000449456,2,7,0,2,0,0,nan,0.2222222222222222
M0201/img000109.jpg,M0201,109,515,DensK1,14,43.53070000070147,2,12,0,2,0,0,nan,0.14285714285714285
M0201/img000109.jpg,M0201,109,515,UnifAll,14,53.776999993715435,2,12,0,2,0,0,nan,0.14285714285714285
M0201/img000109.jpg,M0201,109,515,SAHI640,11,211.7833999946015,2,9,0,2,0,0,nan,0.18181818181818182
M0201/img000110.jpg,M0201,110,516,F640,8,39.99900000053458,2,6,0,2,0,0,nan,0.25
M0201/img000110.jpg,M0201,110,516,F1280,14,28.589900000952184,2,12,0,2,0,0,nan,0.14285714285714285
M0201/img000110.jpg,M0201,110,516,DensK1,8,39.98200000205543,2,6,0,2,0,0,nan,0.25
M0201/img000110.jpg,M0201,110,516,UnifAll,10,59.883399997488596,2,8,0,2,0,0,nan,0.2
M0201/img000110.jpg,M0201,110,516,SAHI640,10,203.141299993149,2,8,0,2,0,0,nan,0.2
M0201/img000111.jpg,M0201,111,517,F640,7,16.94889999635052,3,4,0,4,2,1,0.5,0.42857142857142855
M0201/img000111.jpg,M0201,111,517,F1280,12,28.425299999071285,2,10,0,4,2,0,0.0,0.16666666666666666
M0201/img000111.jpg,M0201,111,517,DensK1,10,38.115799994557165,2,8,0,4,2,0,0.0,0.2
M0201/img000111.jpg,M0201,111,517,UnifAll,14,52.196100004948676,2,12,0,4,2,0,0.0,0.14285714285714285
M0201/img000111.jpg,M0201,111,517,SAHI640,10,201.55930001055822,4,6,0,4,2,2,1.0,0.4
M0201/img000112.jpg,M0201,112,518,F640,7,17.827500007115304,2,5,0,4,2,0,0.0,0.2857142857142857
M0201/img000112.jpg,M0201,112,518,F1280,10,28.45779999915976,2,8,0,4,2,0,0.0,0.2
M0201/img000112.jpg,M0201,112,518,DensK1,9,38.60650000569876,2,7,0,4,2,0,0.0,0.2222222222222222
M0201/img000112.jpg,M0201,112,518,UnifAll,13,52.758999998332,2,11,0,4,2,0,0.0,0.15384615384615385
M0201/img000112.jpg,M0201,112,518,SAHI640,12,220.32460001355503,4,8,0,4,2,2,1.0,0.3333333333333333
M0201/img000113.jpg,M0201,113,519,F640,8,22.200799998245202,2,6,0,4,2,0,0.0,0.25
M0201/img000113.jpg,M0201,113,519,F1280,13,32.74080000119284,2,11,0,4,2,0,0.0,0.15384615384615385
M0201/img000113.jpg,M0201,113,519,DensK1,12,40.14450000249781,2,10,0,4,2,0,0.0,0.16666666666666666
M0201/img000113.jpg,M0201,113,519,UnifAll,12,57.355199998710304,2,10,0,4,2,0,0.0,0.16666666666666666
M0201/img000113.jpg,M0201,113,519,SAHI640,12,221.75139999308158,4,8,0,4,2,2,1.0,0.3333333333333333
M0201/img000114.jpg,M0201,114,520,F640,8,17.138700000941753,2,6,0,4,2,0,0.0,0.25
M0201/img000114.jpg,M0201,114,520,F1280,12,34.077000003890134,2,10,0,4,2,0,0.0,0.16666666666666666
M0201/img000114.jpg,M0201,114,520,DensK1,13,34.17790000094101,2,11,0,4,2,0,0.0,0.15384615384615385
M0201/img000114.jpg,M0201,114,520,UnifAll,13,58.02630000107456,2,11,0,4,2,0,0.0,0.15384615384615385
M0201/img000114.jpg,M0201,114,520,SAHI640,13,226.18579999834765,4,9,0,4,2,2,1.0,0.3076923076923077
M0201/img000115.jpg,M0201,115,521,F640,10,21.57489999081008,2,8,0,4,3,1,0.3333333333333333,0.2
M0201/img000115.jpg,M0201,115,521,F1280,12,35.4073999915272,2,10,0,4,3,1,0.3333333333333333,0.16666666666666666
M0201/img000115.jpg,M0201,115,521,DensK1,13,59.34500000148546,2,11,0,4,3,1,0.3333333333333333,0.15384615384615385
M0201/img000115.jpg,M0201,115,521,UnifAll,13,67.69809999968857,2,11,0,4,3,1,0.3333333333333333,0.15384615384615385
M0201/img000115.jpg,M0201,115,521,SAHI640,15,213.80680000584107,4,11,0,4,3,3,1.0,0.26666666666666666
M0201/img000116.jpg,M0201,116,522,F640,9,17.030000002705492,2,7,0,4,3,1,0.3333333333333333,0.2222222222222222
M0201/img000116.jpg,M0201,116,522,F1280,12,38.47440000390634,2,10,0,4,3,1,0.3333333333333333,0.16666666666666666
M0201/img000116.jpg,M0201,116,522,DensK1,12,41.064799996092916,2,10,0,4,3,1,0.3333333333333333,0.16666666666666666
M0201/img000116.jpg,M0201,116,522,UnifAll,12,57.56420000398066,2,10,0,4,3,1,0.3333333333333333,0.16666666666666666
M0201/img000116.jpg,M0201,116,522,SAHI640,11,231.67500000272412,4,7,0,4,3,3,1.0,0.36363636363636365
M0201/img000117.jpg,M0201,117,523,F640,8,16.356100008124486,3,5,0,5,3,1,0.3333333333333333,0.375
M0201/img000117.jpg,M0201,117,523,F1280,10,29.933900004834868,3,7,0,5,3,1,0.3333333333333333,0.3
M0201/img000117.jpg,M0201,117,523,DensK1,11,38.53610000805929,3,8,0,5,3,1,0.3333333333333333,0.2727272727272727
M0201/img000117.jpg,M0201,117,523,UnifAll,12,46.8642999912845,3,9,0,5,3,1,0.3333333333333333,0.25
M0201/img000117.jpg,M0201,117,523,SAHI640,12,219.84440000960603,5,7,0,5,3,3,1.0,0.4166666666666667
M0201/img000118.jpg,M0201,118,524,F640,10,20.243199993274175,4,6,0,5,3,2,0.6666666666666666,0.4
M0201/img000118.jpg,M0201,118,524,F1280,14,31.130100003792904,3,11,0,5,3,1,0.3333333333333333,0.21428571428571427
M0201/img000118.jpg,M0201,118,524,DensK1,13,45.623099998920225,3,10,0,5,3,1,0.3333333333333333,0.23076923076923078
M0201/img000118.jpg,M0201,118,524,UnifAll,13,44.76760000397917,3,10,0,5,3,1,0.3333333333333333,0.23076923076923078
M0201/img000118.jpg,M0201,118,524,SAHI640,14,213.34709999791812,5,9,0,5,3,3,1.0,0.35714285714285715
M0201/img000119.jpg,M0201,119,525,F640,8,16.436999998404644,4,4,0,5,3,2,0.6666666666666666,0.5
M0201/img000119.jpg,M0201,119,525,F1280,14,35.01669999968726,3,11,0,5,3,1,0.3333333333333333,0.21428571428571427
M0201/img000119.jpg,M0201,119,525,DensK1,10,33.089600008679554,3,7,0,5,3,1,0.3333333333333333,0.3
M0201/img000119.jpg,M0201,119,525,UnifAll,10,43.677699999534525,3,7,0,5,3,1,0.3333333333333333,0.3
M0201/img000119.jpg,M0201,119,525,SAHI640,14,222.44050000153948,5,9,0,5,3,3,1.0,0.35714285714285715
M0201/img000120.jpg,M0201,120,526,F640,9,20.411699995747767,3,6,0,5,3,1,0.3333333333333333,0.3333333333333333
M0201/img000120.jpg,M0201,120,526,F1280,12,39.87629999755882,3,9,0,5,3,1,0.3333333333333333,0.25
M0201/img000120.jpg,M0201,120,526,DensK1,14,76.34980000148062,3,11,0,5,3,1,0.3333333333333333,0.21428571428571427
M0201/img000120.jpg,M0201,120,526,UnifAll,15,93.15220000280533,3,12,0,5,3,1,0.3333333333333333,0.2
M0201/img000120.jpg,M0201,120,526,SAHI640,13,230.11309999856167,5,8,0,5,3,3,1.0,0.38461538461538464
M0201/img000121.jpg,M0201,121,527,F640,11,36.83669999008998,3,8,0,5,3,1,0.3333333333333333,0.2727272727272727
M0201/img000121.jpg,M0201,121,527,F1280,11,33.58789999037981,3,8,0,5,3,1,0.3333333333333333,0.2727272727272727
M0201/img000121.jpg,M0201,121,527,DensK1,18,55.859600004623644,3,15,0,5,3,1,0.3333333333333333,0.16666666666666666
M0201/img000121.jpg,M0201,121,527,UnifAll,20,56.06960000295658,3,17,0,5,3,1,0.3333333333333333,0.15
M0201/img000121.jpg,M0201,121,527,SAHI640,17,401.41429999493994,5,12,0,5,3,3,1.0,0.29411764705882354
M0201/img000122.jpg,M0201,122,528,F640,7,21.67390000249725,3,4,0,5,3,1,0.3333333333333333,0.42857142857142855
M0201/img000122.jpg,M0201,122,528,F1280,15,28.604599996469915,3,12,0,5,3,1,0.3333333333333333,0.2
M0201/img000122.jpg,M0201,122,528,DensK1,13,48.23480000777636,3,10,0,5,3,1,0.3333333333333333,0.23076923076923078
M0201/img000122.jpg,M0201,122,528,UnifAll,14,61.58200000936631,3,11,0,5,3,1,0.3333333333333333,0.21428571428571427
M0201/img000122.jpg,M0201,122,528,SAHI640,16,223.62879999855068,4,12,0,5,3,2,0.6666666666666666,0.25
M0201/img000123.jpg,M0201,123,529,F640,8,22.064800010412,4,4,0,5,3,2,0.6666666666666666,0.5
M0201/img000123.jpg,M0201,123,529,F1280,12,27.404299995396286,3,9,0,5,3,1,0.3333333333333333,0.25
M0201/img000123.jpg,M0201,123,529,DensK1,14,43.90060000878293,3,11,0,5,3,1,0.3333333333333333,0.21428571428571427
M0201/img000123.jpg,M0201,123,529,UnifAll,15,64.91459999233484,3,12,0,5,3,1,0.3333333333333333,0.2
M0201/img000123.jpg,M0201,123,529,SAHI640,13,196.1786000028951,5,8,0,5,3,3,1.0,0.38461538461538464
M0201/img000124.jpg,M0201,124,530,F640,8,17.297700003837235,3,5,0,5,3,1,0.3333333333333333,0.375
M0201/img000124.jpg,M0201,124,530,F1280,13,26.891799992881715,2,11,0,5,3,0,0.0,0.15384615384615385
M0201/img000124.jpg,M0201,124,530,DensK1,12,41.71600000699982,3,9,0,5,3,1,0.3333333333333333,0.25
M0201/img000124.jpg,M0201,124,530,UnifAll,13,55.90049999591429,3,10,0,5,3,1,0.3333333333333333,0.23076923076923078
M0201/img000124.jpg,M0201,124,530,SAHI640,15,224.06980000960175,5,10,0,5,3,3,1.0,0.3333333333333333
M0201/img000125.jpg,M0201,125,531,F640,7,18.97550000285264,3,4,0,5,3,1,0.3333333333333333,0.42857142857142855
M0201/img000125.jpg,M0201,125,531,F1280,10,28.96070000133477,2,8,0,5,3,1,0.3333333333333333,0.2
M0201/img000125.jpg,M0201,125,531,DensK1,12,34.65769998729229,3,9,0,5,3,1,0.3333333333333333,0.25
M0201/img000125.jpg,M0201,125,531,UnifAll,14,56.149800002458505,3,11,0,5,3,1,0.3333333333333333,0.21428571428571427
M0201/img000125.jpg,M0201,125,531,SAHI640,15,225.91989999637008,5,10,0,5,3,3,1.0,0.3333333333333333
M0201/img000126.jpg,M0201,126,532,F640,8,18.92529999895487,3,5,0,5,3,1,0.3333333333333333,0.375
M0201/img000126.jpg,M0201,126,532,F1280,10,27.62550000625197,2,8,0,5,3,1,0.3333333333333333,0.2
M0201/img000126.jpg,M0201,126,532,DensK1,10,40.5797999992501,3,7,0,5,3,1,0.3333333333333333,0.3
M0201/img000126.jpg,M0201,126,532,UnifAll,10,56.91479999222793,3,7,0,5,3,1,0.3333333333333333,0.3
M0201/img000126.jpg,M0201,126,532,SAHI640,10,247.44510000164155,5,5,0,5,3,3,1.0,0.5
M0201/img000127.jpg,M0201,127,533,F640,8,30.311099995742552,3,5,0,5,3,1,0.3333333333333333,0.375
M0201/img000127.jpg,M0201,127,533,F1280,13,27.901200010091998,2,11,0,5,3,1,0.3333333333333333,0.15384615384615385
M0201/img000127.jpg,M0201,127,533,DensK1,11,46.51690000900999,3,8,0,5,3,1,0.3333333333333333,0.2727272727272727
M0201/img000127.jpg,M0201,127,533,UnifAll,13,55.63649999385234,3,10,0,5,3,1,0.3333333333333333,0.23076923076923078
M0201/img000127.jpg,M0201,127,533,SAHI640,15,220.5015000072308,5,10,0,5,3,3,1.0,0.3333333333333333
M0201/img000128.jpg,M0201,128,534,F640,8,18.70460000645835,4,4,0,5,3,2,0.6666666666666666,0.5
M0201/img000128.jpg,M0201,128,534,F1280,8,35.925000003771856,1,7,0,5,3,0,0.0,0.125
M0201/img000128.jpg,M0201,128,534,DensK1,11,35.902800009353086,4,7,0,5,3,2,0.6666666666666666,0.36363636363636365
M0201/img000128.jpg,M0201,128,534,UnifAll,11,62.44699998933356,4,7,0,5,3,2,0.6666666666666666,0.36363636363636365
M0201/img000128.jpg,M0201,128,534,SAHI640,12,231.0765000001993,5,7,0,5,3,3,1.0,0.4166666666666667
M0201/img000129.jpg,M0201,129,535,F640,7,26.11109999998007,4,3,0,5,3,2,0.6666666666666666,0.5714285714285714
M0201/img000129.jpg,M0201,129,535,F1280,11,33.39430000050925,3,8,0,5,3,1,0.3333333333333333,0.2727272727272727
M0201/img000129.jpg,M0201,129,535,DensK1,9,37.42790000978857,3,6,0,5,3,1,0.3333333333333333,0.3333333333333333
M0201/img000129.jpg,M0201,129,535,UnifAll,10,52.17819999961648,4,6,0,5,3,2,0.6666666666666666,0.4
M0201/img000129.jpg,M0201,129,535,SAHI640,11,222.51930000493303,5,6,0,5,3,3,1.0,0.45454545454545453
M0201/img000130.jpg,M0201,130,536,F640,6,19.153300003381446,3,3,0,5,3,1,0.3333333333333333,0.5
M0201/img000130.jpg,M0201,130,536,F1280,13,30.610999994678423,4,9,0,5,3,2,0.6666666666666666,0.3076923076923077
M0201/img000130.jpg,M0201,130,536,DensK1,10,37.60770001099445,5,5,0,5,3,3,1.0,0.5
M0201/img000130.jpg,M0201,130,536,UnifAll,10,57.61829999391921,5,5,0,5,3,3,1.0,0.5
M0201/img000130.jpg,M0201,130,536,SAHI640,11,228.19819999858737,5,6,0,5,3,3,1.0,0.45454545454545453
M0201/img000131.jpg,M0201,131,537,F640,8,16.226099993218668,3,5,0,4,3,2,0.6666666666666666,0.375
M0201/img000131.jpg,M0201,131,537,F1280,11,38.369000001694076,3,8,0,4,3,2,0.6666666666666666,0.2727272727272727
M0201/img000131.jpg,M0201,131,537,DensK1,11,44.2919999914011,4,7,0,4,3,3,1.0,0.36363636363636365
M0201/img000131.jpg,M0201,131,537,UnifAll,13,62.75069998810068,4,9,0,4,3,3,1.0,0.3076923076923077
M0201/img000131.jpg,M0201,131,537,SAHI640,10,253.92740000097547,3,7,0,4,3,2,0.6666666666666666,0.3
M0201/img000132.jpg,M0201,132,538,F640,10,17.00639999762643,4,6,0,4,3,3,1.0,0.4
M0201/img000132.jpg,M0201,132,538,F1280,12,32.05540000635665,3,9,0,4,3,2,0.6666666666666666,0.25
M0201/img000132.jpg,M0201,132,538,DensK1,12,62.63740001304541,4,8,0,4,3,3,1.0,0.3333333333333333
M0201/img000132.jpg,M0201,132,538,UnifAll,13,58.69910000183154,4,9,0,4,3,3,1.0,0.3076923076923077
M0201/img000132.jpg,M0201,132,538,SAHI640,12,243.2995999988634,4,8,0,4,3,3,1.0,0.3333333333333333
M0201/img000133.jpg,M0201,133,539,F640,9,21.400900004664436,4,5,0,4,3,3,1.0,0.4444444444444444
M0201/img000133.jpg,M0201,133,539,F1280,11,46.5431000047829,2,9,0,4,3,1,0.3333333333333333,0.18181818181818182
M0201/img000133.jpg,M0201,133,539,DensK1,10,32.73849999823142,3,7,0,4,3,2,0.6666666666666666,0.3
M0201/img000133.jpg,M0201,133,539,UnifAll,11,48.03710000123829,3,8,0,4,3,2,0.6666666666666666,0.2727272727272727
M0201/img000133.jpg,M0201,133,539,SAHI640,12,216.92399999301415,3,9,0,4,3,2,0.6666666666666666,0.25
M0201/img000134.jpg,M0201,134,540,F640,9,18.0125000042608,3,6,0,4,3,2,0.6666666666666666,0.3333333333333333
M0201/img000134.jpg,M0201,134,540,F1280,11,40.18789999827277,2,9,0,4,3,1,0.3333333333333333,0.18181818181818182
M0201/img000134.jpg,M0201,134,540,DensK1,11,40.468400009558536,4,7,0,4,3,3,1.0,0.36363636363636365
M0201/img000134.jpg,M0201,134,540,UnifAll,14,59.93639999360312,4,10,0,4,3,3,1.0,0.2857142857142857
M0201/img000134.jpg,M0201,134,540,SAHI640,13,240.45479999040253,3,10,0,4,3,2,0.6666666666666666,0.23076923076923078
M0201/img000135.jpg,M0201,135,541,F640,10,48.29789999348577,2,8,0,4,3,1,0.3333333333333333,0.2
M0201/img000135.jpg,M0201,135,541,F1280,16,28.882800004794262,2,14,0,4,3,1,0.3333333333333333,0.125
M0201/img000135.jpg,M0201,135,541,DensK1,14,29.73379999457393,2,12,0,4,3,1,0.3333333333333333,0.14285714285714285
M0201/img000135.jpg,M0201,135,541,UnifAll,14,44.76699999941047,2,12,0,4,3,1,0.3333333333333333,0.14285714285714285
M0201/img000135.jpg,M0201,135,541,SAHI640,16,221.62810000008903,3,13,0,4,3,2,0.6666666666666666,0.1875
M0201/img000136.jpg,M0201,136,542,F640,7,21.183599994401447,3,4,0,4,3,2,0.6666666666666666,0.42857142857142855
M0201/img000136.jpg,M0201,136,542,F1280,12,39.36729999259114,3,9,0,4,3,2,0.6666666666666666,0.25
M0201/img000136.jpg,M0201,136,542,DensK1,9,77.51780000398867,2,7,0,4,3,1,0.3333333333333333,0.2222222222222222
M0201/img000136.jpg,M0201,136,542,UnifAll,10,57.50090000219643,2,8,0,4,3,1,0.3333333333333333,0.2
M0201/img000136.jpg,M0201,136,542,SAHI640,11,228.91700000036508,4,7,0,4,3,3,1.0,0.36363636363636365
M0201/img000137.jpg,M0201,137,543,F640,9,19.655999989481643,2,7,0,4,3,1,0.3333333333333333,0.2222222222222222
M0201/img000137.jpg,M0201,137,543,F1280,11,38.515100008226,2,9,0,4,3,1,0.3333333333333333,0.18181818181818182
M0201/img000137.jpg,M0201,137,543,DensK1,10,32.726999997976236,2,8,0,4,3,1,0.3333333333333333,0.2
M0201/img000137.jpg,M0201,137,543,UnifAll,12,62.967999998363666,2,10,0,4,3,1,0.3333333333333333,0.16666666666666666
M0201/img000137.jpg,M0201,137,543,SAHI640,12,194.4495000061579,4,8,0,4,3,3,1.0,0.3333333333333333
M0201/img000138.jpg,M0201,138,544,F640,8,19.766500001423992,3,5,0,4,3,2,0.6666666666666666,0.375
M0201/img000138.jpg,M0201,138,544,F1280,11,30.228299990994856,2,9,0,4,3,1,0.3333333333333333,0.18181818181818182
M0201/img000138.jpg,M0201,138,544,DensK1,10,42.726500003482215,4,6,0,4,3,3,1.0,0.4
M0201/img000138.jpg,M0201,138,544,UnifAll,10,70.08189999032766,4,6,0,4,3,3,1.0,0.4
M0201/img000138.jpg,M0201,138,544,SAHI640,11,228.873999993084,4,7,0,4,3,3,1.0,0.36363636363636365
M0201/img000139.jpg,M0201,139,545,F640,7,20.527700005914085,3,4,0,4,3,2,0.6666666666666666,0.42857142857142855
M0201/img000139.jpg,M0201,139,545,F1280,10,27.314400009345263,2,8,0,4,3,1,0.3333333333333333,0.2
M0201/img000139.jpg,M0201,139,545,DensK1,12,39.04020000481978,3,9,0,4,3,2,0.6666666666666666,0.25
M0201/img000139.jpg,M0201,139,545,UnifAll,13,67.52139999298379,3,10,0,4,3,2,0.6666666666666666,0.23076923076923078
M0201/img000139.jpg,M0201,139,545,SAHI640,9,228.1539999967208,3,6,0,4,3,2,0.6666666666666666,0.3333333333333333
M0201/img000140.jpg,M0201,140,546,F640,9,18.73169999453239,4,5,0,4,3,3,1.0,0.4444444444444444
M0201/img000140.jpg,M0201,140,546,F1280,13,27.048899995861575,3,10,0,4,3,2,0.6666666666666666,0.23076923076923078
M0201/img000140.jpg,M0201,140,546,DensK1,10,37.916600005701184,3,7,0,4,3,2,0.6666666666666666,0.3
M0201/img000140.jpg,M0201,140,546,UnifAll,11,58.18299998645671,3,8,0,4,3,2,0.6666666666666666,0.2727272727272727
M0201/img000140.jpg,M0201,140,546,SAHI640,14,228.9110999990953,4,10,0,4,3,3,1.0,0.2857142857142857
M0201/img000141.jpg,M0201,141,547,F640,6,18.162699998356402,3,3,0,4,3,2,0.6666666666666666,0.5
M0201/img000141.jpg,M0201,141,547,F1280,12,33.10590000182856,3,9,0,4,3,2,0.6666666666666666,0.25
M0201/img000141.jpg,M0201,141,547,DensK1,8,32.44280000217259,3,5,0,4,3,2,0.6666666666666666,0.375
M0201/img000141.jpg,M0201,141,547,UnifAll,11,59.95470000198111,3,8,0,4,3,2,0.6666666666666666,0.2727272727272727
M0201/img000141.jpg,M0201,141,547,SAHI640,12,229.1557999997167,4,8,0,4,3,3,1.0,0.3333333333333333
M0201/img000142.jpg,M0201,142,548,F640,7,19.722999990335666,4,3,0,4,3,3,1.0,0.5714285714285714
M0201/img000142.jpg,M0201,142,548,F1280,12,37.37239999463782,4,8,0,4,3,3,1.0,0.3333333333333333
M0201/img000142.jpg,M0201,142,548,DensK1,9,36.315599994850345,4,5,0,4,3,3,1.0,0.4444444444444444
M0201/img000142.jpg,M0201,142,548,UnifAll,12,58.25360000017099,4,8,0,4,3,3,1.0,0.3333333333333333
M0201/img000142.jpg,M0201,142,548,SAHI640,12,240.48290000064299,4,8,0,4,3,3,1.0,0.3333333333333333
M0201/img000143.jpg,M0201,143,549,F640,7,21.422700010589324,3,4,0,4,3,2,0.6666666666666666,0.42857142857142855
M0201/img000143.jpg,M0201,143,549,F1280,12,36.380999998073094,4,8,0,4,3,3,1.0,0.3333333333333333
M0201/img000143.jpg,M0201,143,549,DensK1,12,39.35220000857953,4,8,0,4,3,3,1.0,0.3333333333333333
M0201/img000143.jpg,M0201,143,549,UnifAll,14,50.54959999688435,4,10,0,4,3,3,1.0,0.2857142857142857
M0201/img000143.jpg,M0201,143,549,SAHI640,11,229.55059999367222,4,7,0,4,3,3,1.0,0.36363636363636365
M0201/img000144.jpg,M0201,144,550,F640,8,16.383800000767224,3,5,0,4,3,2,0.6666666666666666,0.375
M0201/img000144.jpg,M0201,144,550,F1280,12,32.89570000197273,3,9,0,4,3,2,0.6666666666666666,0.25
M0201/img000144.jpg,M0201,144,550,DensK1,13,37.54819999448955,4,9,0,4,3,3,1.0,0.3076923076923077
M0201/img000144.jpg,M0201,144,550,UnifAll,14,58.008599997265264,4,10,0,4,3,3,1.0,0.2857142857142857
M0201/img000144.jpg,M0201,144,550,SAHI640,12,237.10740001115482,4,8,0,4,3,3,1.0,0.3333333333333333
M0201/img000145.jpg,M0201,145,551,F640,9,17.901800005347468,4,5,0,4,3,3,1.0,0.4444444444444444
M0201/img000145.jpg,M0201,145,551,F1280,10,26.93060001183767,4,6,0,4,3,3,1.0,0.4
M0201/img000145.jpg,M0201,145,551,DensK1,10,36.8709000031231,4,6,0,4,3,3,1.0,0.4
M0201/img000145.jpg,M0201,145,551,UnifAll,11,49.23899999994319,4,7,0,4,3,3,1.0,0.36363636363636365
M0201/img000145.jpg,M0201,145,551,SAHI640,12,234.70369999995455,4,8,0,4,3,3,1.0,0.3333333333333333
M0201/img000146.jpg,M0201,146,552,F640,6,19.054599993978627,4,2,0,4,3,3,1.0,0.6666666666666666
M0201/img000146.jpg,M0201,146,552,F1280,11,35.99920000124257,4,7,0,4,3,3,1.0,0.36363636363636365
M0201/img000146.jpg,M0201,146,552,DensK1,8,42.484999998123385,4,4,0,4,3,3,1.0,0.5
M0201/img000146.jpg,M0201,146,552,UnifAll,8,53.442899996298365,4,4,0,4,3,3,1.0,0.5
M0201/img000146.jpg,M0201,146,552,SAHI640,9,216.63249999983236,4,5,0,4,3,3,1.0,0.4444444444444444
M0201/img000147.jpg,M0201,147,553,F640,8,18.065399999613874,1,7,0,4,3,0,0.0,0.125
M0201/img000147.jpg,M0201,147,553,F1280,11,38.519399997312576,4,7,0,4,3,3,1.0,0.36363636363636365
M0201/img000147.jpg,M0201,147,553,DensK1,11,33.46360000432469,4,7,0,4,3,3,1.0,0.36363636363636365
M0201/img000147.jpg,M0201,147,553,UnifAll,12,55.31360000895802,4,8,0,4,3,3,1.0,0.3333333333333333
M0201/img000147.jpg,M0201,147,553,SAHI640,11,230.4427999915788,4,7,0,4,3,3,1.0,0.36363636363636365
M0201/img000148.jpg,M0201,148,554,F640,7,16.458300000522286,4,3,0,4,3,3,1.0,0.5714285714285714
M0201/img000148.jpg,M0201,148,554,F1280,13,30.609499997808598,4,9,0,4,3,3,1.0,0.3076923076923077
M0201/img000148.jpg,M0201,148,554,DensK1,10,52.627400000346825,4,6,0,4,3,3,1.0,0.4
M0201/img000148.jpg,M0201,148,554,UnifAll,12,43.533800009754486,4,8,0,4,3,3,1.0,0.3333333333333333
M0201/img000148.jpg,M0201,148,554,SAHI640,10,228.85390000010375,4,6,0,4,3,3,1.0,0.4
M0201/img000149.jpg,M0201,149,555,F640,8,20.21180000156164,3,5,0,4,3,2,0.6666666666666666,0.375
M0201/img000149.jpg,M0201,149,555,F1280,9,27.282800001557916,4,5,0,4,3,3,1.0,0.4444444444444444
M0201/img000149.jpg,M0201,149,555,DensK1,10,42.92989999521524,4,6,0,4,3,3,1.0,0.4
M0201/img000149.jpg,M0201,149,555,UnifAll,11,44.88869999477174,4,7,0,4,3,3,1.0,0.36363636363636365
M0201/img000149.jpg,M0201,149,555,SAHI640,12,217.6404000056209,4,8,0,4,3,3,1.0,0.3333333333333333
M0201/img000150.jpg,M0201,150,556,F640,8,17.22499998868443,3,5,0,4,3,2,0.6666666666666666,0.375
M0201/img000150.jpg,M0201,150,556,F1280,13,40.40150000946596,4,9,0,4,3,3,1.0,0.3076923076923077
M0201/img000150.jpg,M0201,150,556,DensK1,13,32.00579999247566,4,9,0,4,3,3,1.0,0.3076923076923077
M0201/img000150.jpg,M0201,150,556,UnifAll,14,78.51659999869298,4,10,0,4,3,3,1.0,0.2857142857142857
M0201/img000150.jpg,M0201,150,556,SAHI640,11,228.9606999984244,4,7,0,4,3,3,1.0,0.36363636363636365
M0201/img000151.jpg,M0201,151,557,F640,7,19.432899993262254,4,3,0,4,3,3,1.0,0.5714285714285714
M0201/img000151.jpg,M0201,151,557,F1280,14,35.87149998929817,4,10,0,4,3,3,1.0,0.2857142857142857
M0201/img000151.jpg,M0201,151,557,DensK1,9,33.164799999212846,4,5,0,4,3,3,1.0,0.4444444444444444
M0201/img000151.jpg,M0201,151,557,UnifAll,9,43.153399994480424,4,5,0,4,3,3,1.0,0.4444444444444444
M0201/img000151.jpg,M0201,151,557,SAHI640,13,219.49419999145903,4,9,0,4,3,3,1.0,0.3076923076923077
M0201/img000152.jpg,M0201,152,558,F640,7,17.93700001144316,4,3,0,4,4,4,1.0,0.5714285714285714
M0201/img000152.jpg,M0201,152,558,F1280,11,37.036599998828024,4,7,0,4,4,4,1.0,0.36363636363636365
M0201/img000152.jpg,M0201,152,558,DensK1,11,50.80240000097547,4,7,0,4,4,4,1.0,0.36363636363636365
M0201/img000152.jpg,M0201,152,558,UnifAll,11,74.78350000747014,4,7,0,4,4,4,1.0,0.36363636363636365
M0201/img000152.jpg,M0201,152,558,SAHI640,11,209.5458999974653,4,7,0,4,4,4,1.0,0.36363636363636365
M0201/img000153.jpg,M0201,153,559,F640,7,31.13370000210125,3,4,0,4,4,3,0.75,0.42857142857142855
M0201/img000153.jpg,M0201,153,559,F1280,13,35.78929998911917,4,9,0,4,4,4,1.0,0.3076923076923077
M0201/img000153.jpg,M0201,153,559,DensK1,11,37.98069999902509,4,7,0,4,4,4,1.0,0.36363636363636365
M0201/img000153.jpg,M0201,153,559,UnifAll,11,43.79440000047907,4,7,0,4,4,4,1.0,0.36363636363636365
M0201/img000153.jpg,M0201,153,559,SAHI640,12,233.39340000529774,4,8,0,4,4,4,1.0,0.3333333333333333
M0201/img000154.jpg,M0201,154,560,F640,8,25.430599998799153,4,4,0,4,4,4,1.0,0.5
M0201/img000154.jpg,M0201,154,560,F1280,13,27.25510000891518,4,9,0,4,4,4,1.0,0.3076923076923077
M0201/img000154.jpg,M0201,154,560,DensK1,11,65.70340000325814,4,7,0,4,4,4,1.0,0.36363636363636365
M0201/img000154.jpg,M0201,154,560,UnifAll,12,57.6673000032315,4,8,0,4,4,4,1.0,0.3333333333333333
M0201/img000154.jpg,M0201,154,560,SAHI640,15,222.37109999696258,4,11,0,4,4,4,1.0,0.26666666666666666
M0201/img000155.jpg,M0201,155,561,F640,6,24.994400009745732,4,2,0,4,4,4,1.0,0.6666666666666666
M0201/img000155.jpg,M0201,155,561,F1280,11,30.336800002260134,4,7,0,4,4,4,1.0,0.36363636363636365
M0201/img000155.jpg,M0201,155,561,DensK1,8,55.7254000013927,4,4,0,4,4,4,1.0,0.5
M0201/img000155.jpg,M0201,155,561,UnifAll,10,69.87639999715611,4,6,0,4,4,4,1.0,0.4
M0201/img000155.jpg,M0201,155,561,SAHI640,14,232.6597000064794,4,10,0,4,4,4,1.0,0.2857142857142857
M0201/img000156.jpg,M0201,156,562,F640,8,17.066699991119094,4,4,0,4,4,4,1.0,0.5
M0201/img000156.jpg,M0201,156,562,F1280,12,36.709699998027645,4,8,0,4,4,4,1.0,0.3333333333333333
M0201/img000156.jpg,M0201,156,562,DensK1,9,44.933400000445545,4,5,0,4,4,4,1.0,0.4444444444444444
M0201/img000156.jpg,M0201,156,562,UnifAll,9,68.18880001083016,4,5,0,4,4,4,1.0,0.4444444444444444
M0201/img000156.jpg,M0201,156,562,SAHI640,12,224.41290000278968,4,8,0,4,4,4,1.0,0.3333333333333333
M0201/img000157.jpg,M0201,157,563,F640,11,16.914400010136887,4,7,0,4,4,4,1.0,0.36363636363636365
M0201/img000157.jpg,M0201,157,563,F1280,11,29.527899998356588,4,7,0,4,4,4,1.0,0.36363636363636365
M0201/img000157.jpg,M0201,157,563,DensK1,12,35.3420999890659,4,8,0,4,4,4,1.0,0.3333333333333333
M0201/img000157.jpg,M0201,157,563,UnifAll,12,46.6619999933755,4,8,0,4,4,4,1.0,0.3333333333333333
M0201/img000157.jpg,M0201,157,563,SAHI640,14,209.79069999884814,4,10,0,4,4,4,1.0,0.2857142857142857
M0201/img000158.jpg,M0201,158,564,F640,6,16.165000008186325,4,2,0,4,4,4,1.0,0.6666666666666666
M0201/img000158.jpg,M0201,158,564,F1280,12,33.943600006750785,4,8,0,4,4,4,1.0,0.3333333333333333
M0201/img000158.jpg,M0201,158,564,DensK1,12,32.356499999878,4,8,0,4,4,4,1.0,0.3333333333333333
M0201/img000158.jpg,M0201,158,564,UnifAll,14,46.25970000051893,4,10,0,4,4,4,1.0,0.2857142857142857
M0201/img000158.jpg,M0201,158,564,SAHI640,15,232.3093000013614,3,12,0,4,4,3,0.75,0.2
M0201/img000159.jpg,M0201,159,565,F640,9,17.883299995446578,3,6,0,4,4,3,0.75,0.3333333333333333
M0201/img000159.jpg,M0201,159,565,F1280,10,33.23430000455119,4,6,0,4,4,4,1.0,0.4
M0201/img000159.jpg,M0201,159,565,DensK1,12,39.46640000503976,4,8,0,4,4,4,1.0,0.3333333333333333
M0201/img000159.jpg,M0201,159,565,UnifAll,12,55.71299999428447,4,8,0,4,4,4,1.0,0.3333333333333333
M0201/img000159.jpg,M0201,159,565,SAHI640,13,253.40289999439847,3,10,0,4,4,3,0.75,0.23076923076923078
M0201/img000160.jpg,M0201,160,566,F640,8,18.61020000069402,4,4,0,4,4,4,1.0,0.5
M0201/img000160.jpg,M0201,160,566,F1280,11,36.03750000183936,4,7,0,4,4,4,1.0,0.36363636363636365
M0201/img000160.jpg,M0201,160,566,DensK1,13,31.20620000117924,4,9,0,4,4,4,1.0,0.3076923076923077
M0201/img000160.jpg,M0201,160,566,UnifAll,14,47.193599995807745,4,10,0,4,4,4,1.0,0.2857142857142857
M0201/img000160.jpg,M0201,160,566,SAHI640,12,365.5524000059813,4,8,0,4,4,4,1.0,0.3333333333333333
M0201/img000161.jpg,M0201,161,567,F640,9,18.515200004912913,4,5,0,5,5,4,0.8,0.4444444444444444
M0201/img000161.jpg,M0201,161,567,F1280,13,26.747900003101677,4,9,0,5,5,4,0.8,0.3076923076923077
M0201/img000161.jpg,M0201,161,567,DensK1,14,36.16800000600051,4,10,0,5,5,4,0.8,0.2857142857142857
M0201/img000161.jpg,M0201,161,567,UnifAll,13,53.09470000793226,4,9,0,5,5,4,0.8,0.3076923076923077
M0201/img000161.jpg,M0201,161,567,SAHI640,14,225.47420000773855,4,10,0,5,5,4,0.8,0.2857142857142857
M0201/img000162.jpg,M0201,162,568,F640,7,19.195399989257567,4,3,0,5,5,4,0.8,0.5714285714285714
M0201/img000162.jpg,M0201,162,568,F1280,13,25.776399997994304,4,9,0,5,5,4,0.8,0.3076923076923077
M0201/img000162.jpg,M0201,162,568,DensK1,12,40.558200009400025,4,8,0,5,5,4,0.8,0.3333333333333333
M0201/img000162.jpg,M0201,162,568,UnifAll,13,49.50090000056662,4,9,0,5,5,4,0.8,0.3076923076923077
M0201/img000162.jpg,M0201,162,568,SAHI640,15,252.74799999897368,4,11,0,5,5,4,0.8,0.26666666666666666
M0201/img000163.jpg,M0201,163,569,F640,8,17.329300011624582,4,4,0,5,5,4,0.8,0.5
M0201/img000163.jpg,M0201,163,569,F1280,12,28.52849999908358,4,8,0,5,5,4,0.8,0.3333333333333333
M0201/img000163.jpg,M0201,163,569,DensK1,11,31.24789999856148,4,7,0,5,5,4,0.8,0.36363636363636365
M0201/img000163.jpg,M0201,163,569,UnifAll,12,45.96630000742152,4,8,0,5,5,4,0.8,0.3333333333333333
M0201/img000163.jpg,M0201,163,569,SAHI640,11,240.214699995704,5,6,0,5,5,5,1.0,0.45454545454545453
M0201/img000164.jpg,M0201,164,570,F640,8,17.16669999586884,3,5,0,5,5,3,0.6,0.375
M0201/img000164.jpg,M0201,164,570,F1280,13,25.668700007372536,3,10,0,5,5,3,0.6,0.23076923076923078
M0201/img000164.jpg,M0201,164,570,DensK1,12,37.389000004623085,3,9,0,5,5,3,0.6,0.25
M0201/img000164.jpg,M0201,164,570,UnifAll,13,53.996200003894046,3,10,0,5,5,3,0.6,0.23076923076923078
M0201/img000164.jpg,M0201,164,570,SAHI640,11,214.92500000749715,5,6,0,5,5,5,1.0,0.45454545454545453
M0201/img000165.jpg,M0201,165,571,F640,10,18.257099989568815,4,6,0,5,5,4,0.8,0.4
M0201/img000165.jpg,M0201,165,571,F1280,14,37.351099992520176,4,10,0,5,5,4,0.8,0.2857142857142857
M0201/img000165.jpg,M0201,165,571,DensK1,12,38.814300001831725,4,8,0,5,5,4,0.8,0.3333333333333333
M0201/img000165.jpg,M0201,165,571,UnifAll,14,53.80380000860896,4,10,0,5,5,4,0.8,0.2857142857142857
M0201/img000165.jpg,M0201,165,571,SAHI640,15,224.25319999456406,5,10,0,5,5,5,1.0,0.3333333333333333
M0201/img000166.jpg,M0201,166,572,F640,12,20.990300006815232,4,8,0,5,5,4,0.8,0.3333333333333333
M0201/img000166.jpg,M0201,166,572,F1280,13,31.010300008347258,4,9,0,5,5,4,0.8,0.3076923076923077
M0201/img000166.jpg,M0201,166,572,DensK1,16,34.502700000302866,3,13,0,5,5,3,0.6,0.1875
M0201/img000166.jpg,M0201,166,572,UnifAll,17,63.97879999713041,3,14,0,5,5,3,0.6,0.17647058823529413
M0201/img000166.jpg,M0201,166,572,SAHI640,14,218.5007000080077,5,9,0,5,5,5,1.0,0.35714285714285715
M0201/img000167.jpg,M0201,167,573,F640,9,18.721900007221848,5,4,0,6,6,5,0.8333333333333334,0.5555555555555556
M0201/img000167.jpg,M0201,167,573,F1280,13,40.488500002538785,5,8,0,6,6,5,0.8333333333333334,0.38461538461538464
M0201/img000167.jpg,M0201,167,573,DensK1,14,31.936699990183115,4,10,0,6,6,4,0.6666666666666666,0.2857142857142857
M0201/img000167.jpg,M0201,167,573,UnifAll,14,43.557799988775514,4,10,0,6,6,4,0.6666666666666666,0.2857142857142857
M0201/img000167.jpg,M0201,167,573,SAHI640,12,229.41719999653287,6,6,0,6,6,6,1.0,0.5
M0201/img000168.jpg,M0201,168,574,F640,10,17.752999992808327,5,5,0,6,6,5,0.8333333333333334,0.5
M0201/img000168.jpg,M0201,168,574,F1280,11,30.214800004614517,4,7,0,6,6,4,0.6666666666666666,0.36363636363636365
M0201/img000168.jpg,M0201,168,574,DensK1,15,54.279300005873665,4,11,0,6,6,4,0.6666666666666666,0.26666666666666666
M0201/img000168.jpg,M0201,168,574,UnifAll,16,63.21170000592247,4,12,0,6,6,4,0.6666666666666666,0.25
M0201/img000168.jpg,M0201,168,574,SAHI640,14,217.40649999992456,6,8,0,6,6,6,1.0,0.42857142857142855
M0201/img000169.jpg,M0201,169,575,F640,10,15.17450000392273,5,5,0,6,5,4,0.8,0.5
M0201/img000169.jpg,M0201,169,575,F1280,13,39.63549999753013,5,8,0,6,5,4,0.8,0.38461538461538464
M0201/img000169.jpg,M0201,169,575,DensK1,12,45.38039999897592,5,7,0,6,5,4,0.8,0.4166666666666667
M0201/img000169.jpg,M0201,169,575,UnifAll,14,59.455199996591546,5,9,0,6,5,4,0.8,0.35714285714285715
M0201/img000169.jpg,M0201,169,575,SAHI640,14,218.66830000362825,5,9,0,6,5,4,0.8,0.35714285714285715
M0201/img000170.jpg,M0201,170,576,F640,10,20.598100003553554,4,6,0,6,5,3,0.6,0.4
M0201/img000170.jpg,M0201,170,576,F1280,14,35.016399997402914,4,10,0,6,5,3,0.6,0.2857142857142857
M0201/img000170.jpg,M0201,170,576,DensK1,12,54.659899993566796,4,8,0,6,5,3,0.6,0.3333333333333333
M0201/img000170.jpg,M0201,170,576,UnifAll,13,65.71439999970607,4,9,0,6,5,3,0.6,0.3076923076923077
M0201/img000170.jpg,M0201,170,576,SAHI640,16,231.8004000117071,6,10,0,6,5,5,1.0,0.375
M0201/img000171.jpg,M0201,171,577,F640,8,18.749200011370704,5,3,0,6,5,4,0.8,0.625
M0201/img000171.jpg,M0201,171,577,F1280,15,35.00509999867063,4,11,0,6,5,3,0.6,0.26666666666666666
M0201/img000171.jpg,M0201,171,577,DensK1,12,49.48000000149477,4,8,0,6,5,3,0.6,0.3333333333333333
M0201/img000171.jpg,M0201,171,577,UnifAll,14,51.505099996575154,4,10,0,6,5,3,0.6,0.2857142857142857
M0201/img000171.jpg,M0201,171,577,SAHI640,16,224.69719999935478,6,10,0,6,5,5,1.0,0.375
M0201/img000172.jpg,M0201,172,578,F640,12,17.2955999878468,5,7,0,6,5,4,0.8,0.4166666666666667
M0201/img000172.jpg,M0201,172,578,F1280,18,37.5140999967698,4,14,0,6,5,3,0.6,0.2222222222222222
M0201/img000172.jpg,M0201,172,578,DensK1,16,36.75330000987742,5,11,0,6,5,4,0.8,0.3125
M0201/img000172.jpg,M0201,172,578,UnifAll,17,71.175699995365,5,12,0,6,5,4,0.8,0.29411764705882354
M0201/img000172.jpg,M0201,172,578,SAHI640,15,210.2519000036409,6,9,0,6,5,5,1.0,0.4
M0201/img000173.jpg,M0201,173,579,F640,10,17.79490000626538,6,4,0,6,5,5,1.0,0.6
M0201/img000173.jpg,M0201,173,579,F1280,14,36.10159999516327,5,9,0,6,5,4,0.8,0.35714285714285715
M0201/img000173.jpg,M0201,173,579,DensK1,14,41.61630000453442,5,9,0,6,5,4,0.8,0.35714285714285715
M0201/img000173.jpg,M0201,173,579,UnifAll,15,56.79000000236556,5,10,0,6,5,4,0.8,0.3333333333333333
M0201/img000173.jpg,M0201,173,579,SAHI640,20,214.14779999759048,6,14,0,6,5,5,1.0,0.3
M0201/img000174.jpg,M0201,174,580,F640,11,18.174199998611584,6,5,0,6,5,5,1.0,0.5454545454545454
M0201/img000174.jpg,M0201,174,580,F1280,13,40.297400002600625,5,8,0,6,5,4,0.8,0.38461538461538464
M0201/img000174.jpg,M0201,174,580,DensK1,13,53.48480000975542,5,8,0,6,5,4,0.8,0.38461538461538464
M0201/img000174.jpg,M0201,174,580,UnifAll,14,54.25210000248626,5,9,0,6,5,4,0.8,0.35714285714285715
M0201/img000174.jpg,M0201,174,580,SAHI640,13,215.6951999932062,6,7,0,6,5,5,1.0,0.46153846153846156
M0201/img000175.jpg,M0201,175,581,F640,10,18.549000000348315,6,4,0,6,5,5,1.0,0.6
M0201/img000175.jpg,M0201,175,581,F1280,15,36.04399999312591,4,11,0,6,5,3,0.6,0.26666666666666666
M0201/img000175.jpg,M0201,175,581,DensK1,12,35.848799991072156,5,7,0,6,5,4,0.8,0.4166666666666667
M0201/img000175.jpg,M0201,175,581,UnifAll,13,68.83100001141429,5,8,0,6,5,4,0.8,0.38461538461538464
M0201/img000175.jpg,M0201,175,581,SAHI640,13,195.4727999982424,6,7,0,6,5,5,1.0,0.46153846153846156
M0201/img000176.jpg,M0201,176,582,F640,8,23.57770000526216,4,4,0,6,5,3,0.6,0.5
M0201/img000176.jpg,M0201,176,582,F1280,16,33.70559999893885,5,11,0,6,5,4,0.8,0.3125
M0201/img000176.jpg,M0201,176,582,DensK1,14,32.81690001313109,6,8,0,6,5,5,1.0,0.42857142857142855
M0201/img000176.jpg,M0201,176,582,UnifAll,14,52.76839999714866,6,8,0,6,5,5,1.0,0.42857142857142855
M0201/img000176.jpg,M0201,176,582,SAHI640,15,224.88879998854827,6,9,0,6,5,5,1.0,0.4
M0201/img000177.jpg,M0201,177,583,F640,10,18.62399998935871,5,5,0,6,5,4,0.8,0.5
M0201/img000177.jpg,M0201,177,583,F1280,17,34.51530000893399,5,12,0,6,5,4,0.8,0.29411764705882354
M0201/img000177.jpg,M0201,177,583,DensK1,15,35.8665999956429,5,10,0,6,5,4,0.8,0.3333333333333333
M0201/img000177.jpg,M0201,177,583,UnifAll,16,52.68449999857694,5,11,0,6,5,4,0.8,0.3125
M0201/img000177.jpg,M0201,177,583,SAHI640,16,191.0862999939127,6,10,0,6,5,5,1.0,0.375
M0201/img000178.jpg,M0201,178,584,F640,11,18.25049999752082,5,6,0,6,5,4,0.8,0.45454545454545453
M0201/img000178.jpg,M0201,178,584,F1280,19,26.573800001642667,4,15,0,6,5,3,0.6,0.21052631578947367
M0201/img000178.jpg,M0201,178,584,DensK1,13,40.90000000724103,5,8,0,6,5,4,0.8,0.38461538461538464
M0201/img000178.jpg,M0201,178,584,UnifAll,16,51.547900002333336,5,11,0,6,5,4,0.8,0.3125
M0201/img000178.jpg,M0201,178,584,SAHI640,13,198.90819999272935,6,7,0,6,5,5,1.0,0.46153846153846156
M0201/img000179.jpg,M0201,179,585,F640,10,20.23650000046473,5,5,0,6,5,4,0.8,0.5
M0201/img000179.jpg,M0201,179,585,F1280,15,29.258199996547773,5,10,0,6,5,4,0.8,0.3333333333333333
M0201/img000179.jpg,M0201,179,585,DensK1,16,41.16889998840634,5,11,0,6,5,4,0.8,0.3125
M0201/img000179.jpg,M0201,179,585,UnifAll,17,72.75200000731274,5,12,0,6,5,4,0.8,0.29411764705882354
M0201/img000179.jpg,M0201,179,585,SAHI640,15,218.37639999284875,6,9,0,6,5,5,1.0,0.4
M0201/img000180.jpg,M0201,180,586,F640,11,17.03560000169091,5,6,0,6,5,4,0.8,0.45454545454545453
M0201/img000180.jpg,M0201,180,586,F1280,18,27.206799990381114,5,13,0,6,5,4,0.8,0.2777777777777778
M0201/img000180.jpg,M0201,180,586,DensK1,14,35.35009999177419,6,8,0,6,5,5,1.0,0.42857142857142855
M0201/img000180.jpg,M0201,180,586,UnifAll,15,51.639700002851896,6,9,0,6,5,5,1.0,0.4
M0201/img000180.jpg,M0201,180,586,SAHI640,12,236.75019999791402,6,6,0,6,5,5,1.0,0.5
M0201/img000181.jpg,M0201,181,587,F640,8,29.274000000441447,6,2,0,7,6,5,0.8333333333333334,0.75
M0201/img000181.jpg,M0201,181,587,F1280,14,28.786299997591414,5,9,0,7,6,4,0.6666666666666666,0.35714285714285715
M0201/img000181.jpg,M0201,181,587,DensK1,13,38.07769999548327,6,7,0,7,6,5,0.8333333333333334,0.46153846153846156
M0201/img000181.jpg,M0201,181,587,UnifAll,13,54.6701999992365,6,7,0,7,6,5,0.8333333333333334,0.46153846153846156
M0201/img000181.jpg,M0201,181,587,SAHI640,12,251.64840000797994,7,5,0,7,6,6,1.0,0.5833333333333334
M0201/img000182.jpg,M0201,182,588,F640,10,19.623100000899285,5,5,0,7,6,4,0.6666666666666666,0.5
M0201/img000182.jpg,M0201,182,588,F1280,15,27.913700003409758,5,10,0,7,6,4,0.6666666666666666,0.3333333333333333
M0201/img000182.jpg,M0201,182,588,DensK1,14,35.95980000682175,6,8,0,7,6,5,0.8333333333333334,0.42857142857142855
M0201/img000182.jpg,M0201,182,588,UnifAll,19,59.25859999842942,6,13,0,7,6,5,0.8333333333333334,0.3157894736842105
M0201/img000182.jpg,M0201,182,588,SAHI640,19,197.71079999918584,7,12,0,7,6,6,1.0,0.3684210526315789
M0201/img000183.jpg,M0201,183,589,F640,9,15.532899997197092,6,3,0,7,6,5,0.8333333333333334,0.6666666666666666
M0201/img000183.jpg,M0201,183,589,F1280,13,35.18679999979213,5,8,0,7,6,4,0.6666666666666666,0.38461538461538464
M0201/img000183.jpg,M0201,183,589,DensK1,12,38.7139000085881,6,6,0,7,6,5,0.8333333333333334,0.5
M0201/img000183.jpg,M0201,183,589,UnifAll,14,54.97670000477228,6,8,0,7,6,5,0.8333333333333334,0.42857142857142855
M0201/img000183.jpg,M0201,183,589,SAHI640,12,225.66579999693204,6,6,0,7,6,5,0.8333333333333334,0.5
M0201/img000184.jpg,M0201,184,590,F640,9,20.74400000856258,4,5,0,7,6,3,0.5,0.4444444444444444
M0201/img000184.jpg,M0201,184,590,F1280,13,32.122000004164875,5,8,0,7,6,4,0.6666666666666666,0.38461538461538464
M0201/img000184.jpg,M0201,184,590,DensK1,12,36.9380999909481,5,7,0,7,6,4,0.6666666666666666,0.4166666666666667
M0201/img000184.jpg,M0201,184,590,UnifAll,15,55.04790000850335,5,10,0,7,6,4,0.6666666666666666,0.3333333333333333
M0201/img000184.jpg,M0201,184,590,SAHI640,15,242.17670000507496,7,8,0,7,6,6,1.0,0.4666666666666667
M0201/img000185.jpg,M0201,185,591,F640,10,16.95490001293365,6,4,0,7,6,5,0.8333333333333334,0.6
M0201/img000185.jpg,M0201,185,591,F1280,16,34.09869999450166,5,11,0,7,6,4,0.6666666666666666,0.3125
M0201/img000185.jpg,M0201,185,591,DensK1,12,29.719400001340546,6,6,0,7,6,5,0.8333333333333334,0.5
M0201/img000185.jpg,M0201,185,591,UnifAll,13,61.948700007633306,6,7,0,7,6,5,0.8333333333333334,0.46153846153846156
M0201/img000185.jpg,M0201,185,591,SAHI640,15,230.50269999657758,7,8,0,7,6,6,1.0,0.4666666666666667
M0201/img000186.jpg,M0201,186,592,F640,8,19.990400003734976,5,3,0,7,6,4,0.6666666666666666,0.625
M0201/img000186.jpg,M0201,186,592,F1280,14,36.80490000988357,5,9,0,7,6,4,0.6666666666666666,0.35714285714285715
M0201/img000186.jpg,M0201,186,592,DensK1,12,41.23649999382906,6,6,0,7,6,5,0.8333333333333334,0.5
M0201/img000186.jpg,M0201,186,592,UnifAll,13,47.66120000567753,6,7,0,7,6,5,0.8333333333333334,0.46153846153846156
M0201/img000186.jpg,M0201,186,592,SAHI640,16,213.20520000881515,7,9,0,7,6,6,1.0,0.4375
M0201/img000187.jpg,M0201,187,593,F640,8,18.655799998668954,5,3,0,7,6,4,0.6666666666666666,0.625
M0201/img000187.jpg,M0201,187,593,F1280,14,35.15290000359528,5,9,0,7,6,4,0.6666666666666666,0.35714285714285715
M0201/img000187.jpg,M0201,187,593,DensK1,12,32.470000005559996,6,6,0,7,6,5,0.8333333333333334,0.5
M0201/img000187.jpg,M0201,187,593,UnifAll,14,42.09409999020863,6,8,0,7,6,5,0.8333333333333334,0.42857142857142855
M0201/img000187.jpg,M0201,187,593,SAHI640,14,217.04970000428148,6,8,0,7,6,5,0.8333333333333334,0.42857142857142855
M0201/img000188.jpg,M0201,188,594,F640,8,18.676899999263696,5,3,0,7,6,4,0.6666666666666666,0.625
M0201/img000188.jpg,M0201,188,594,F1280,12,36.00480000022799,5,7,0,7,6,4,0.6666666666666666,0.4166666666666667
M0201/img000188.jpg,M0201,188,594,DensK1,11,31.758800003444776,4,7,0,7,6,3,0.5,0.36363636363636365
M0201/img000188.jpg,M0201,188,594,UnifAll,13,44.63630000827834,4,9,0,7,6,3,0.5,0.3076923076923077
M0201/img000188.jpg,M0201,188,594,SAHI640,13,199.52989999728743,7,6,0,7,6,6,1.0,0.5384615384615384
M0201/img000189.jpg,M0201,189,595,F640,9,20.337299996754155,5,4,0,7,6,4,0.6666666666666666,0.5555555555555556
M0201/img000189.jpg,M0201,189,595,F1280,14,41.662899995571934,6,8,0,7,6,5,0.8333333333333334,0.42857142857142855
M0201/img000189.jpg,M0201,189,595,DensK1,12,35.100499997497536,5,7,0,7,6,4,0.6666666666666666,0.4166666666666667
M0201/img000189.jpg,M0201,189,595,UnifAll,16,47.248500006389804,6,10,0,7,6,5,0.8333333333333334,0.375
M0201/img000189.jpg,M0201,189,595,SAHI640,17,184.68970000685658,7,10,0,7,6,6,1.0,0.4117647058823529
M0201/img000190.jpg,M0201,190,596,F640,8,28.43990000837948,5,3,0,7,6,4,0.6666666666666666,0.625
M0201/img000190.jpg,M0201,190,596,F1280,12,25.474399997619912,5,7,0,7,6,4,0.6666666666666666,0.4166666666666667
M0201/img000190.jpg,M0201,190,596,DensK1,12,35.77309999673162,5,7,0,7,6,4,0.6666666666666666,0.4166666666666667
M0201/img000190.jpg,M0201,190,596,UnifAll,12,57.432899993727915,5,7,0,7,6,4,0.6666666666666666,0.4166666666666667
M0201/img000190.jpg,M0201,190,596,SAHI640,11,198.54040000063833,6,5,0,7,6,5,0.8333333333333334,0.5454545454545454
M0201/img000191.jpg,M0201,191,597,F640,9,25.278299988713115,6,3,0,7,6,5,0.8333333333333334,0.6666666666666666
M0201/img000191.jpg,M0201,191,597,F1280,15,27.23130000231322,6,9,0,7,6,5,0.8333333333333334,0.4
M0201/img000191.jpg,M0201,191,597,DensK1,13,36.83100000489503,6,7,0,7,6,5,0.8333333333333334,0.46153846153846156
M0201/img000191.jpg,M0201,191,597,UnifAll,14,84.03119999275077,6,8,0,7,6,5,0.8333333333333334,0.42857142857142855
M0201/img000191.jpg,M0201,191,597,SAHI640,16,217.23709999059793,7,9,0,7,6,6,1.0,0.4375
M0201/img000192.jpg,M0201,192,598,F640,9,17.856799997389317,5,4,0,7,6,4,0.6666666666666666,0.5555555555555556
M0201/img000192.jpg,M0201,192,598,F1280,15,27.206099999602884,6,9,0,7,6,5,0.8333333333333334,0.4
M0201/img000192.jpg,M0201,192,598,DensK1,15,33.64879998844117,6,9,0,7,6,5,0.8333333333333334,0.4
M0201/img000192.jpg,M0201,192,598,UnifAll,15,64.28310000046622,6,9,0,7,6,5,0.8333333333333334,0.4
M0201/img000192.jpg,M0201,192,598,SAHI640,18,245.80049999349285,6,12,0,7,6,5,0.8333333333333334,0.3333333333333333
M0201/img000193.jpg,M0201,193,599,F640,10,20.603199998731725,3,7,0,7,7,3,0.42857142857142855,0.3
M0201/img000193.jpg,M0201,193,599,F1280,15,35.08410000358708,5,10,0,7,7,5,0.7142857142857143,0.3333333333333333
M0201/img000193.jpg,M0201,193,599,DensK1,17,35.23210001003463,5,12,0,7,7,5,0.7142857142857143,0.29411764705882354
M0201/img000193.jpg,M0201,193,599,UnifAll,18,68.5696000000462,5,13,0,7,7,5,0.7142857142857143,0.2777777777777778
M0201/img000193.jpg,M0201,193,599,SAHI640,18,209.2797000077553,7,11,0,7,7,7,1.0,0.3888888888888889
M0201/img000194.jpg,M0201,194,600,F640,10,17.26799999596551,5,5,0,7,7,5,0.7142857142857143,0.5
M0201/img000194.jpg,M0201,194,600,F1280,14,25.386900000739843,6,8,0,7,7,6,0.8571428571428571,0.42857142857142855
M0201/img000194.jpg,M0201,194,600,DensK1,14,35.79189999436494,6,8,0,7,7,6,0.8571428571428571,0.42857142857142855
M0201/img000194.jpg,M0201,194,600,UnifAll,14,60.50709998817183,6,8,0,7,7,6,0.8571428571428571,0.42857142857142855
M0201/img000194.jpg,M0201,194,600,SAHI640,14,203.01420000032522,7,7,0,7,7,7,1.0,0.5
M0201/img000195.jpg,M0201,195,601,F640,7,18.408599993563257,5,2,0,7,7,5,0.7142857142857143,0.7142857142857143
M0201/img000195.jpg,M0201,195,601,F1280,17,37.78410000086296,5,12,0,7,7,5,0.7142857142857143,0.29411764705882354
M0201/img000195.jpg,M0201,195,601,DensK1,13,34.739100010483526,6,7,0,7,7,6,0.8571428571428571,0.46153846153846156
M0201/img000195.jpg,M0201,195,601,UnifAll,14,47.82870000053663,6,8,0,7,7,6,0.8571428571428571,0.42857142857142855
M0201/img000195.jpg,M0201,195,601,SAHI640,12,207.95670000370592,7,5,0,7,7,7,1.0,0.5833333333333334
M0201/img000196.jpg,M0201,196,602,F640,8,16.552099987166002,5,3,0,7,7,5,0.7142857142857143,0.625
M0201/img000196.jpg,M0201,196,602,F1280,15,47.93870000867173,5,10,0,7,7,5,0.7142857142857143,0.3333333333333333
M0201/img000196.jpg,M0201,196,602,DensK1,16,36.54019998793956,6,10,0,7,7,6,0.8571428571428571,0.375
M0201/img000196.jpg,M0201,196,602,UnifAll,16,58.90779999026563,6,10,0,7,7,6,0.8571428571428571,0.375
M0201/img000196.jpg,M0201,196,602,SAHI640,14,216.2821000092663,7,7,0,7,7,7,1.0,0.5
M0201/img000197.jpg,M0201,197,603,F640,8,16.44000000669621,5,3,0,7,7,5,0.7142857142857143,0.625
M0201/img000197.jpg,M0201,197,603,F1280,15,26.15720000176225,5,10,0,7,7,5,0.7142857142857143,0.3333333333333333
M0201/img000197.jpg,M0201,197,603,DensK1,13,31.29579999949783,6,7,0,7,7,6,0.8571428571428571,0.46153846153846156
M0201/img000197.jpg,M0201,197,603,UnifAll,13,43.43590000644326,6,7,0,7,7,6,0.8571428571428571,0.46153846153846156
M0201/img000197.jpg,M0201,197,603,SAHI640,13,391.042400005972,7,6,0,7,7,7,1.0,0.5384615384615384
M0201/img000198.jpg,M0201,198,604,F640,10,20.401099987793714,3,7,0,7,7,3,0.42857142857142855,0.3
M0201/img000198.jpg,M0201,198,604,F1280,12,27.79690000170376,4,8,0,7,7,4,0.5714285714285714,0.3333333333333333
M0201/img000198.jpg,M0201,198,604,DensK1,15,39.576499999384396,5,10,0,7,7,5,0.7142857142857143,0.3333333333333333
M0201/img000198.jpg,M0201,198,604,UnifAll,15,54.18130000180099,5,10,0,7,7,5,0.7142857142857143,0.3333333333333333
M0201/img000198.jpg,M0201,198,604,SAHI640,19,201.1826999951154,6,13,0,7,7,6,0.8571428571428571,0.3157894736842105
M0201/img000199.jpg,M0201,199,605,F640,9,17.087400003219955,4,5,0,7,7,4,0.5714285714285714,0.4444444444444444
M0201/img000199.jpg,M0201,199,605,F1280,16,32.69759999238886,6,10,0,7,7,6,0.8571428571428571,0.375
M0201/img000199.jpg,M0201,199,605,DensK1,12,53.91780000354629,5,7,0,7,7,5,0.7142857142857143,0.4166666666666667
M0201/img000199.jpg,M0201,199,605,UnifAll,14,59.748100000433624,5,9,0,7,7,5,0.7142857142857143,0.35714285714285715
M0201/img000199.jpg,M0201,199,605,SAHI640,13,215.1816000114195,7,6,0,7,7,7,1.0,0.5384615384615384
M0201/img000200.jpg,M0201,200,606,F640,9,18.911200008005835,6,3,0,7,7,6,0.8571428571428571,0.6666666666666666
M0201/img000200.jpg,M0201,200,606,F1280,15,35.81149999808986,6,9,0,7,7,6,0.8571428571428571,0.4
M0201/img000200.jpg,M0201,200,606,DensK1,11,33.87210000073537,6,5,0,7,7,6,0.8571428571428571,0.5454545454545454
M0201/img000200.jpg,M0201,200,606,UnifAll,11,46.37009999714792,6,5,0,7,7,6,0.8571428571428571,0.5454545454545454
M0201/img000200.jpg,M0201,200,606,SAHI640,12,212.70199998980388,6,6,0,7,7,6,0.8571428571428571,0.5
M0201/img000201.jpg,M0201,201,607,F640,9,151.33989999594633,6,3,0,7,7,6,0.8571428571428571,0.6666666666666666
M0201/img000201.jpg,M0201,201,607,F1280,15,39.755699996021576,4,11,0,7,7,4,0.5714285714285714,0.26666666666666666
M0201/img000201.jpg,M0201,201,607,DensK1,14,38.442299992311746,7,7,0,7,7,7,1.0,0.5
M0201/img000201.jpg,M0201,201,607,UnifAll,15,54.75440000009257,7,8,0,7,7,7,1.0,0.4666666666666667
M0201/img000201.jpg,M0201,201,607,SAHI640,17,209.286900004372,7,10,0,7,7,7,1.0,0.4117647058823529
M0201/img000202.jpg,M0201,202,608,F640,9,23.418800003128126,6,3,0,7,7,6,0.8571428571428571,0.6666666666666666
M0201/img000202.jpg,M0201,202,608,F1280,15,33.691700009512715,5,10,0,7,7,5,0.7142857142857143,0.3333333333333333
M0201/img000202.jpg,M0201,202,608,DensK1,12,38.41040001134388,5,7,0,7,7,5,0.7142857142857143,0.4166666666666667
M0201/img000202.jpg,M0201,202,608,UnifAll,15,56.50789999344852,6,9,0,7,7,6,0.8571428571428571,0.4
M0201/img000202.jpg,M0201,202,608,SAHI640,16,208.4508999978425,7,9,0,7,7,7,1.0,0.4375
M0201/img000203.jpg,M0201,203,609,F640,8,19.0988000103971,6,2,0,7,7,6,0.8571428571428571,0.75
M0201/img000203.jpg,M0201,203,609,F1280,16,32.579100006842054,5,11,0,7,7,5,0.7142857142857143,0.3125
M0201/img000203.jpg,M0201,203,609,DensK1,12,40.00449999875855,5,7,0,7,7,5,0.7142857142857143,0.4166666666666667
M0201/img000203.jpg,M0201,203,609,UnifAll,15,43.35759999230504,5,10,0,7,7,5,0.7142857142857143,0.3333333333333333
M0201/img000203.jpg,M0201,203,609,SAHI640,16,219.32770000421442,7,9,0,7,7,7,1.0,0.4375
M0201/img000204.jpg,M0201,204,610,F640,9,17.832400000770576,7,2,0,7,7,7,1.0,0.7777777777777778
M0201/img000204.jpg,M0201,204,610,F1280,17,37.461500003701076,3,14,0,7,7,3,0.42857142857142855,0.17647058823529413
M0201/img000204.jpg,M0201,204,610,DensK1,14,57.99259999184869,4,10,0,7,7,4,0.5714285714285714,0.2857142857142857
M0201/img000204.jpg,M0201,204,610,UnifAll,17,58.051700005307794,4,13,0,7,7,4,0.5714285714285714,0.23529411764705882
M0201/img000204.jpg,M0201,204,610,SAHI640,15,223.59189999406226,7,8,0,7,7,7,1.0,0.4666666666666667
M0201/img000205.jpg,M0201,205,611,F640,10,16.577999995206483,7,3,0,7,7,7,1.0,0.7
M0201/img000205.jpg,M0201,205,611,F1280,15,35.81790000316687,5,10,0,7,7,5,0.7142857142857143,0.3333333333333333
M0201/img000205.jpg,M0201,205,611,DensK1,12,30.37160000531003,6,6,0,7,7,6,0.8571428571428571,0.5
M0201/img000205.jpg,M0201,205,611,UnifAll,13,50.0707000028342,6,7,0,7,7,6,0.8571428571428571,0.46153846153846156
M0201/img000205.jpg,M0201,205,611,SAHI640,14,226.53350001201034,7,7,0,7,7,7,1.0,0.5
M0201/img000206.jpg,M0201,206,612,F640,8,18.993099991348572,7,1,0,7,7,7,1.0,0.875
M0201/img000206.jpg,M0201,206,612,F1280,16,33.63569999055471,5,11,0,7,7,5,0.7142857142857143,0.3125
M0201/img000206.jpg,M0201,206,612,DensK1,11,38.22079999372363,5,6,0,7,7,5,0.7142857142857143,0.45454545454545453
M0201/img000206.jpg,M0201,206,612,UnifAll,14,49.645800012513064,5,9,0,7,7,5,0.7142857142857143,0.35714285714285715
M0201/img000206.jpg,M0201,206,612,SAHI640,14,197.7432999992743,7,7,0,7,7,7,1.0,0.5
M0201/img000207.jpg,M0201,207,613,F640,10,17.28529999672901,4,6,0,7,7,4,0.5714285714285714,0.4
M0201/img000207.jpg,M0201,207,613,F1280,18,30.502799985697493,2,16,0,7,7,2,0.2857142857142857,0.1111111111111111
M0201/img000207.jpg,M0201,207,613,DensK1,14,36.946799998986535,4,10,0,7,7,4,0.5714285714285714,0.2857142857142857
M0201/img000207.jpg,M0201,207,613,UnifAll,18,44.77680000127293,4,14,0,7,7,4,0.5714285714285714,0.2222222222222222
M0201/img000207.jpg,M0201,207,613,SAHI640,16,224.27340000285767,7,9,0,7,7,7,1.0,0.4375
M0201/img000208.jpg,M0201,208,614,F640,8,21.66379999835044,3,5,0,7,7,3,0.42857142857142855,0.375
M0201/img000208.jpg,M0201,208,614,F1280,17,40.36939999787137,4,13,0,7,7,4,0.5714285714285714,0.23529411764705882
M0201/img000208.jpg,M0201,208,614,DensK1,15,61.32409999554511,5,10,0,7,7,5,0.7142857142857143,0.3333333333333333
M0201/img000208.jpg,M0201,208,614,UnifAll,16,70.54820000485051,5,11,0,7,7,5,0.7142857142857143,0.3125
M0201/img000208.jpg,M0201,208,614,SAHI640,14,210.8421000011731,7,7,0,7,7,7,1.0,0.5
M0201/img000209.jpg,M0201,209,615,F640,9,19.75490000040736,4,5,0,7,7,4,0.5714285714285714,0.4444444444444444
M0201/img000209.jpg,M0201,209,615,F1280,17,33.06430000520777,4,13,0,7,7,4,0.5714285714285714,0.23529411764705882
M0201/img000209.jpg,M0201,209,615,DensK1,17,54.88359999435488,3,14,0,7,7,3,0.42857142857142855,0.17647058823529413
M0201/img000209.jpg,M0201,209,615,UnifAll,17,71.77209999645129,3,14,0,7,7,3,0.42857142857142855,0.17647058823529413
M0201/img000209.jpg,M0201,209,615,SAHI640,16,229.0394000010565,6,10,0,7,7,6,0.8571428571428571,0.375
M0201/img000210.jpg,M0201,210,616,F640,10,18.53270000719931,4,6,0,7,7,4,0.5714285714285714,0.4
M0201/img000210.jpg,M0201,210,616,F1280,16,33.46610000880901,5,11,0,7,7,5,0.7142857142857143,0.3125
M0201/img000210.jpg,M0201,210,616,DensK1,17,39.245599997229874,3,14,0,7,7,3,0.42857142857142855,0.17647058823529413
M0201/img000210.jpg,M0201,210,616,UnifAll,17,52.64149999129586,3,14,0,7,7,3,0.42857142857142855,0.17647058823529413
M0201/img000210.jpg,M0201,210,616,SAHI640,14,216.79020000738092,6,8,0,7,7,6,0.8571428571428571,0.42857142857142855
M0201/img000211.jpg,M0201,211,617,F640,8,37.410400007502176,4,4,0,7,7,4,0.5714285714285714,0.5
M0201/img000211.jpg,M0201,211,617,F1280,15,40.450200001941994,6,9,0,7,7,6,0.8571428571428571,0.4
M0201/img000211.jpg,M0201,211,617,DensK1,14,63.84230000548996,4,10,0,7,7,4,0.5714285714285714,0.2857142857142857
M0201/img000211.jpg,M0201,211,617,UnifAll,14,65.2877999964403,4,10,0,7,7,4,0.5714285714285714,0.2857142857142857
M0201/img000211.jpg,M0201,211,617,SAHI640,16,235.9823000006145,7,9,0,7,7,7,1.0,0.4375
M0201/img000212.jpg,M0201,212,618,F640,9,21.481799994944595,4,5,0,7,7,4,0.5714285714285714,0.4444444444444444
M0201/img000212.jpg,M0201,212,618,F1280,18,33.30599999753758,6,12,0,7,7,6,0.8571428571428571,0.3333333333333333
M0201/img000212.jpg,M0201,212,618,DensK1,13,39.45459998794831,5,8,0,7,7,5,0.7142857142857143,0.38461538461538464
M0201/img000212.jpg,M0201,212,618,UnifAll,14,44.86509998969268,5,9,0,7,7,5,0.7142857142857143,0.35714285714285715
M0201/img000212.jpg,M0201,212,618,SAHI640,18,239.7622999997111,7,11,0,7,7,7,1.0,0.3888888888888889
M0201/img000213.jpg,M0201,213,619,F640,10,17.158699993160553,5,5,0,7,7,5,0.7142857142857143,0.5
M0201/img000213.jpg,M0201,213,619,F1280,19,32.581799998297356,6,13,0,7,7,6,0.8571428571428571,0.3157894736842105
M0201/img000213.jpg,M0201,213,619,DensK1,17,38.95830000692513,5,12,0,7,7,5,0.7142857142857143,0.29411764705882354
M0201/img000213.jpg,M0201,213,619,UnifAll,18,44.09729999315459,5,13,0,7,7,5,0.7142857142857143,0.2777777777777778
M0201/img000213.jpg,M0201,213,619,SAHI640,18,232.62830000021495,7,11,0,7,7,7,1.0,0.3888888888888889
M0201/img000214.jpg,M0201,214,620,F640,10,24.867299987818114,4,6,0,7,7,4,0.5714285714285714,0.4
M0201/img000214.jpg,M0201,214,620,F1280,19,37.26779999851715,5,14,0,7,7,5,0.7142857142857143,0.2631578947368421
M0201/img000214.jpg,M0201,214,620,DensK1,14,37.021800002548844,5,9,0,7,7,5,0.7142857142857143,0.35714285714285715
M0201/img000214.jpg,M0201,214,620,UnifAll,14,44.742400001268834,6,8,0,7,7,6,0.8571428571428571,0.42857142857142855
M0201/img000214.jpg,M0201,214,620,SAHI640,16,218.12399999180343,7,9,0,7,7,7,1.0,0.4375
M0201/img000215.jpg,M0201,215,621,F640,9,20.201799998176284,6,3,0,7,7,6,0.8571428571428571,0.6666666666666666
M0201/img000215.jpg,M0201,215,621,F1280,16,31.691600001067854,5,11,0,7,7,5,0.7142857142857143,0.3125
M0201/img000215.jpg,M0201,215,621,DensK1,16,34.81570001167711,6,10,0,7,7,6,0.8571428571428571,0.375
M0201/img000215.jpg,M0201,215,621,UnifAll,16,44.79159999755211,6,10,0,7,7,6,0.8571428571428571,0.375
M0201/img000215.jpg,M0201,215,621,SAHI640,15,212.47060000314377,7,8,0,7,7,7,1.0,0.4666666666666667
M0201/img000216.jpg,M0201,216,622,F640,9,20.148099996731617,5,4,0,7,7,5,0.7142857142857143,0.5555555555555556
M0201/img000216.jpg,M0201,216,622,F1280,18,39.78730000380892,6,12,0,7,7,6,0.8571428571428571,0.3333333333333333
M0201/img000216.jpg,M0201,216,622,DensK1,12,32.571799994912,5,7,0,7,7,5,0.7142857142857143,0.4166666666666667
M0201/img000216.jpg,M0201,216,622,UnifAll,18,52.2488999995403,5,13,0,7,7,5,0.7142857142857143,0.2777777777777778
M0201/img000216.jpg,M0201,216,622,SAHI640,15,198.3157999929972,6,9,0,7,7,6,0.8571428571428571,0.4
M0201/img000217.jpg,M0201,217,623,F640,8,15.203799994196743,4,4,0,7,7,4,0.5714285714285714,0.5
M0201/img000217.jpg,M0201,217,623,F1280,17,31.243100005667657,5,12,0,7,7,5,0.7142857142857143,0.29411764705882354
M0201/img000217.jpg,M0201,217,623,DensK1,10,44.03579999052454,6,4,0,7,7,6,0.8571428571428571,0.6
M0201/img000217.jpg,M0201,217,623,UnifAll,11,49.34589999902528,6,5,0,7,7,6,0.8571428571428571,0.5454545454545454
M0201/img000217.jpg,M0201,217,623,SAHI640,15,205.3742999996757,7,8,0,7,7,7,1.0,0.4666666666666667
M0201/img000218.jpg,M0201,218,624,F640,9,17.11089999298565,5,4,0,7,7,5,0.7142857142857143,0.5555555555555556
M0201/img000218.jpg,M0201,218,624,F1280,16,32.32440000283532,5,11,0,7,7,5,0.7142857142857143,0.3125
M0201/img000218.jpg,M0201,218,624,DensK1,10,37.263000005623326,6,4,0,7,7,6,0.8571428571428571,0.6
M0201/img000218.jpg,M0201,218,624,UnifAll,14,44.28470000857487,6,8,0,7,7,6,0.8571428571428571,0.42857142857142855
M0201/img000218.jpg,M0201,218,624,SAHI640,17,206.99279999826103,6,11,0,7,7,6,0.8571428571428571,0.35294117647058826
M0201/img000219.jpg,M0201,219,625,F640,13,17.813400001614355,4,9,0,7,7,4,0.5714285714285714,0.3076923076923077
M0201/img000219.jpg,M0201,219,625,F1280,15,38.57599999173544,5,10,0,7,7,5,0.7142857142857143,0.3333333333333333
M0201/img000219.jpg,M0201,219,625,DensK1,19,38.8606000051368,5,14,0,7,7,5,0.7142857142857143,0.2631578947368421
M0201/img000219.jpg,M0201,219,625,UnifAll,19,42.717100004665554,5,14,0,7,7,5,0.7142857142857143,0.2631578947368421
M0201/img000219.jpg,M0201,219,625,SAHI640,19,235.00220000278205,6,13,0,7,7,6,0.8571428571428571,0.3157894736842105
M0201/img000220.jpg,M0201,220,626,F640,9,19.8472999909427,5,4,0,7,7,5,0.7142857142857143,0.5555555555555556
M0201/img000220.jpg,M0201,220,626,F1280,14,33.6408000002848,6,8,0,7,7,6,0.8571428571428571,0.42857142857142855
M0201/img000220.jpg,M0201,220,626,DensK1,14,35.20539999590255,5,9,0,7,7,5,0.7142857142857143,0.35714285714285715
M0201/img000220.jpg,M0201,220,626,UnifAll,15,56.05309999373276,5,10,0,7,7,5,0.7142857142857143,0.3333333333333333
M0201/img000220.jpg,M0201,220,626,SAHI640,16,232.3842999903718,7,9,0,7,7,7,1.0,0.4375
M0201/img000221.jpg,M0201,221,627,F640,9,22.351899999193847,6,3,0,7,7,6,0.8571428571428571,0.6666666666666666
M0201/img000221.jpg,M0201,221,627,F1280,15,35.77950000180863,6,9,0,7,7,6,0.8571428571428571,0.4
M0201/img000221.jpg,M0201,221,627,DensK1,11,54.25240000477061,6,5,0,7,7,6,0.8571428571428571,0.5454545454545454
M0201/img000221.jpg,M0201,221,627,UnifAll,14,74.37240000581369,5,9,0,7,7,5,0.7142857142857143,0.35714285714285715
M0201/img000221.jpg,M0201,221,627,SAHI640,16,220.27299999899697,6,10,0,7,7,6,0.8571428571428571,0.375
M0201/img000222.jpg,M0201,222,628,F640,8,19.744599994737655,5,3,0,7,7,5,0.7142857142857143,0.625
M0201/img000222.jpg,M0201,222,628,F1280,16,31.255599998985417,5,11,0,7,7,5,0.7142857142857143,0.3125
M0201/img000222.jpg,M0201,222,628,DensK1,11,42.293300008168444,5,6,0,7,7,5,0.7142857142857143,0.45454545454545453
M0201/img000222.jpg,M0201,222,628,UnifAll,14,54.724500005249865,5,9,0,7,7,5,0.7142857142857143,0.35714285714285715
M0201/img000222.jpg,M0201,222,628,SAHI640,17,205.398599995533,6,11,0,7,7,6,0.8571428571428571,0.35294117647058826
M0201/img000223.jpg,M0201,223,629,F640,9,23.653100011870265,5,4,0,7,7,5,0.7142857142857143,0.5555555555555556
M0201/img000223.jpg,M0201,223,629,F1280,16,35.85900001053233,6,10,0,7,7,6,0.8571428571428571,0.375
M0201/img000223.jpg,M0201,223,629,DensK1,13,39.20199999993201,4,9,0,7,7,4,0.5714285714285714,0.3076923076923077
M0201/img000223.jpg,M0201,223,629,UnifAll,13,46.52689999784343,4,9,0,7,7,4,0.5714285714285714,0.3076923076923077
M0201/img000223.jpg,M0201,223,629,SAHI640,16,216.9595000013942,7,9,0,7,7,7,1.0,0.4375
M0201/img000224.jpg,M0201,224,630,F640,10,19.497499990393408,5,5,0,7,7,5,0.7142857142857143,0.5
M0201/img000224.jpg,M0201,224,630,F1280,13,31.277500005671754,4,9,0,7,7,4,0.5714285714285714,0.3076923076923077
M0201/img000224.jpg,M0201,224,630,DensK1,11,48.693000004277565,5,6,0,7,7,5,0.7142857142857143,0.45454545454545453
M0201/img000224.jpg,M0201,224,630,UnifAll,11,53.848900002776645,5,6,0,7,7,5,0.7142857142857143,0.45454545454545453
M0201/img000224.jpg,M0201,224,630,SAHI640,14,232.59739999775775,6,8,0,7,7,6,0.8571428571428571,0.42857142857142855
M0201/img000225.jpg,M0201,225,631,F640,10,16.229000000748783,5,5,0,7,7,5,0.7142857142857143,0.5
M0201/img000225.jpg,M0201,225,631,F1280,13,24.22890000161715,6,7,0,7,7,6,0.8571428571428571,0.46153846153846156
M0201/img000225.jpg,M0201,225,631,DensK1,15,43.70599999674596,5,10,0,7,7,5,0.7142857142857143,0.3333333333333333
M0201/img000225.jpg,M0201,225,631,UnifAll,15,48.07699999946635,5,10,0,7,7,5,0.7142857142857143,0.3333333333333333
M0201/img000225.jpg,M0201,225,631,SAHI640,13,239.0878000005614,7,6,0,7,7,7,1.0,0.5384615384615384
M0201/img000226.jpg,M0201,226,632,F640,12,17.674600007012486,5,7,0,7,7,5,0.7142857142857143,0.4166666666666667
M0201/img000226.jpg,M0201,226,632,F1280,16,27.172200003406033,6,10,0,7,7,6,0.8571428571428571,0.375
M0201/img000226.jpg,M0201,226,632,DensK1,18,35.71510000620037,5,13,0,7,7,5,0.7142857142857143,0.2777777777777778
M0201/img000226.jpg,M0201,226,632,UnifAll,18,58.600500007742085,5,13,0,7,7,5,0.7142857142857143,0.2777777777777778
M0201/img000226.jpg,M0201,226,632,SAHI640,15,240.2453999966383,7,8,0,7,7,7,1.0,0.4666666666666667
M0201/img000227.jpg,M0201,227,633,F640,10,17.953699993086047,6,4,0,7,7,6,0.8571428571428571,0.6
M0201/img000227.jpg,M0201,227,633,F1280,14,25.951299990992993,6,8,0,7,7,6,0.8571428571428571,0.42857142857142855
M0201/img000227.jpg,M0201,227,633,DensK1,16,34.016799996607006,6,10,0,7,7,6,0.8571428571428571,0.375
M0201/img000227.jpg,M0201,227,633,UnifAll,16,56.132700003217906,6,10,0,7,7,6,0.8571428571428571,0.375
M0201/img000227.jpg,M0201,227,633,SAHI640,18,210.8009000075981,7,11,0,7,7,7,1.0,0.3888888888888889
M0201/img000228.jpg,M0201,228,634,F640,8,17.969299995456822,5,3,0,7,7,5,0.7142857142857143,0.625
M0201/img000228.jpg,M0201,228,634,F1280,19,40.457299997797236,6,13,0,7,7,6,0.8571428571428571,0.3157894736842105
M0201/img000228.jpg,M0201,228,634,DensK1,14,46.854999993229285,6,8,0,7,7,6,0.8571428571428571,0.42857142857142855
M0201/img000228.jpg,M0201,228,634,UnifAll,14,58.16659999254625,6,8,0,7,7,6,0.8571428571428571,0.42857142857142855
M0201/img000228.jpg,M0201,228,634,SAHI640,15,243.3210000017425,7,8,0,7,7,7,1.0,0.4666666666666667
M0201/img000229.jpg,M0201,229,635,F640,10,19.7621999977855,4,6,0,7,7,4,0.5714285714285714,0.4
M0201/img000229.jpg,M0201,229,635,F1280,18,37.45160000107717,5,13,0,7,7,5,0.7142857142857143,0.2777777777777778
M0201/img000229.jpg,M0201,229,635,DensK1,16,51.63790000369772,4,12,0,7,7,4,0.5714285714285714,0.25
M0201/img000229.jpg,M0201,229,635,UnifAll,16,61.42349999572616,4,12,0,7,7,4,0.5714285714285714,0.25
M0201/img000229.jpg,M0201,229,635,SAHI640,14,220.8124000026146,7,7,0,7,7,7,1.0,0.5
M0201/img000230.jpg,M0201,230,636,F640,9,20.861600001808256,5,4,0,7,6,4,0.6666666666666666,0.5555555555555556
M0201/img000230.jpg,M0201,230,636,F1280,16,35.145800007740036,6,10,0,7,6,5,0.8333333333333334,0.375
M0201/img000230.jpg,M0201,230,636,DensK1,16,30.992500003776513,6,10,0,7,6,5,0.8333333333333334,0.375
M0201/img000230.jpg,M0201,230,636,UnifAll,16,46.552699990570545,6,10,0,7,6,5,0.8333333333333334,0.375
M0201/img000230.jpg,M0201,230,636,SAHI640,12,232.3478000034811,7,5,0,7,6,6,1.0,0.5833333333333334
M0201/img000231.jpg,M0201,231,637,F640,10,15.074599999934435,5,5,0,7,6,4,0.6666666666666666,0.5
M0201/img000231.jpg,M0201,231,637,F1280,18,25.664800006779842,5,13,0,7,6,4,0.6666666666666666,0.2777777777777778
M0201/img000231.jpg,M0201,231,637,DensK1,16,33.007500009262,4,12,0,7,6,3,0.5,0.25
M0201/img000231.jpg,M0201,231,637,UnifAll,16,51.811500001349486,4,12,0,7,6,3,0.5,0.25
M0201/img000231.jpg,M0201,231,637,SAHI640,15,226.21399999479763,7,8,0,7,6,6,1.0,0.4666666666666667
M0201/img000232.jpg,M0201,232,638,F640,11,21.39730000635609,5,6,0,7,6,4,0.6666666666666666,0.45454545454545453
M0201/img000232.jpg,M0201,232,638,F1280,16,31.606999997165985,5,11,0,7,6,4,0.6666666666666666,0.3125
M0201/img000232.jpg,M0201,232,638,DensK1,14,30.641699995612726,4,10,0,7,6,3,0.5,0.2857142857142857
M0201/img000232.jpg,M0201,232,638,UnifAll,15,47.782499997993,5,10,0,7,6,4,0.6666666666666666,0.3333333333333333
M0201/img000232.jpg,M0201,232,638,SAHI640,14,213.3105999964755,7,7,0,7,6,6,1.0,0.5
M0201/img000233.jpg,M0201,233,639,F640,8,22.909199993591756,5,3,0,7,5,3,0.6,0.625
M0201/img000233.jpg,M0201,233,639,F1280,17,28.9527000131784,5,12,0,7,5,3,0.6,0.29411764705882354
M0201/img000233.jpg,M0201,233,639,DensK1,10,38.8435000058962,4,6,0,7,5,2,0.4,0.4
M0201/img000233.jpg,M0201,233,639,UnifAll,13,66.20499999553431,4,9,0,7,5,2,0.4,0.3076923076923077
M0201/img000233.jpg,M0201,233,639,SAHI640,14,235.26320001110435,7,7,0,7,5,5,1.0,0.5
M0201/img000234.jpg,M0201,234,640,F640,11,22.35730001120828,6,5,0,7,5,4,0.8,0.5454545454545454
M0201/img000234.jpg,M0201,234,640,F1280,13,27.72650000406429,5,8,0,7,5,3,0.6,0.38461538461538464
M0201/img000234.jpg,M0201,234,640,DensK1,14,38.2196999998996,4,10,0,7,5,2,0.4,0.2857142857142857
M0201/img000234.jpg,M0201,234,640,UnifAll,14,64.49960000463761,4,10,0,7,5,2,0.4,0.2857142857142857
M0201/img000234.jpg,M0201,234,640,SAHI640,16,236.46909999661148,7,9,0,7,5,5,1.0,0.4375
M0201/img000235.jpg,M0201,235,641,F640,14,16.835400005220436,5,9,0,7,5,3,0.6,0.35714285714285715
M0201/img000235.jpg,M0201,235,641,F1280,16,27.532100008102134,5,11,0,7,5,3,0.6,0.3125
M0201/img000235.jpg,M0201,235,641,DensK1,16,44.679400001768954,4,12,0,7,5,2,0.4,0.25
M0201/img000235.jpg,M0201,235,641,UnifAll,17,53.274099991540425,4,13,0,7,5,2,0.4,0.23529411764705882
M0201/img000235.jpg,M0201,235,641,SAHI640,16,217.64749998692423,7,9,0,7,5,5,1.0,0.4375
M0201/img000236.jpg,M0201,236,642,F640,12,25.341599990497343,4,8,0,7,5,2,0.4,0.3333333333333333
M0201/img000236.jpg,M0201,236,642,F1280,17,29.196100003900938,5,12,0,7,5,3,0.6,0.29411764705882354
M0201/img000236.jpg,M0201,236,642,DensK1,16,38.86029998830054,3,13,0,7,5,1,0.2,0.1875
M0201/img000236.jpg,M0201,236,642,UnifAll,16,71.82430000102613,3,13,0,7,5,1,0.2,0.1875
M0201/img000236.jpg,M0201,236,642,SAHI640,16,415.83660000469536,7,9,0,7,5,5,1.0,0.4375
M0201/img000237.jpg,M0201,237,643,F640,11,23.134699993534014,6,5,0,7,5,4,0.8,0.5454545454545454
M0201/img000237.jpg,M0201,237,643,F1280,18,37.614400003803894,2,16,0,7,5,1,0.2,0.1111111111111111
M0201/img000237.jpg,M0201,237,643,DensK1,15,36.94530000211671,4,11,0,7,5,2,0.4,0.26666666666666666
M0201/img000237.jpg,M0201,237,643,UnifAll,15,60.696300002746284,4,11,0,7,5,2,0.4,0.26666666666666666
M0201/img000237.jpg,M0201,237,643,SAHI640,16,202.57280000078026,7,9,0,7,5,5,1.0,0.4375
M0201/img000238.jpg,M0201,238,644,F640,11,22.025600002962165,5,6,0,7,5,3,0.6,0.45454545454545453
M0201/img000238.jpg,M0201,238,644,F1280,15,37.71240000787657,6,9,0,7,5,4,0.8,0.4
M0201/img000238.jpg,M0201,238,644,DensK1,14,44.72109999915119,5,9,0,7,5,3,0.6,0.35714285714285715
M0201/img000238.jpg,M0201,238,644,UnifAll,14,47.61690000304952,5,9,0,7,5,3,0.6,0.35714285714285715
M0201/img000238.jpg,M0201,238,644,SAHI640,14,230.70949999964796,6,8,0,7,5,4,0.8,0.42857142857142855
M0201/img000239.jpg,M0201,239,645,F640,8,21.445899998070672,4,4,0,7,5,2,0.4,0.5
M0201/img000239.jpg,M0201,239,645,F1280,17,39.84009999840055,6,11,0,7,5,5,1.0,0.35294117647058826
M0201/img000239.jpg,M0201,239,645,DensK1,12,45.73549999622628,4,8,0,7,5,2,0.4,0.3333333333333333
M0201/img000239.jpg,M0201,239,645,UnifAll,16,52.363599999807775,4,12,0,7,5,2,0.4,0.25
M0201/img000239.jpg,M0201,239,645,SAHI640,16,255.11139999434818,7,9,0,7,5,5,1.0,0.4375
M0201/img000240.jpg,M0201,240,646,F640,10,21.909200004301965,6,4,0,7,5,4,0.8,0.6
M0201/img000240.jpg,M0201,240,646,F1280,17,28.813599987188354,7,10,0,7,5,5,1.0,0.4117647058823529
M0201/img000240.jpg,M0201,240,646,DensK1,15,47.71299999265466,7,8,0,7,5,5,1.0,0.4666666666666667
M0201/img000240.jpg,M0201,240,646,UnifAll,16,98.40560000156984,6,10,0,7,5,4,0.8,0.375
M0201/img000240.jpg,M0201,240,646,SAHI640,17,224.2701999930432,7,10,0,7,5,5,1.0,0.4117647058823529
M0201/img000241.jpg,M0201,241,647,F640,12,20.572199995513074,7,5,0,9,7,5,0.7142857142857143,0.5833333333333334
M0201/img000241.jpg,M0201,241,647,F1280,16,36.4597000007052,7,9,0,9,7,5,0.7142857142857143,0.4375
M0201/img000241.jpg,M0201,241,647,DensK1,16,37.78220000094734,6,10,0,9,7,4,0.5714285714285714,0.375
M0201/img000241.jpg,M0201,241,647,UnifAll,17,53.491099999519065,6,11,0,9,7,4,0.5714285714285714,0.35294117647058826
M0201/img000241.jpg,M0201,241,647,SAHI640,15,239.4347000081325,9,6,0,9,7,7,1.0,0.6
M0201/img000242.jpg,M0201,242,648,F640,10,23.964299994986504,5,5,0,9,7,3,0.42857142857142855,0.5
M0201/img000242.jpg,M0201,242,648,F1280,15,28.49199999764096,7,8,0,9,7,5,0.7142857142857143,0.4666666666666667
M0201/img000242.jpg,M0201,242,648,DensK1,11,33.743499996489845,7,4,0,9,7,5,0.7142857142857143,0.6363636363636364
M0201/img000242.jpg,M0201,242,648,UnifAll,16,55.17989999498241,7,9,0,9,7,5,0.7142857142857143,0.4375
M0201/img000242.jpg,M0201,242,648,SAHI640,15,235.5396000057226,8,7,0,9,7,6,0.8571428571428571,0.5333333333333333
M0201/img000243.jpg,M0201,243,649,F640,10,23.37429999897722,7,3,0,9,7,5,0.7142857142857143,0.7
M0201/img000243.jpg,M0201,243,649,F1280,14,38.18200000387151,7,7,0,9,7,5,0.7142857142857143,0.5
M0201/img000243.jpg,M0201,243,649,DensK1,14,32.72380000271369,6,8,0,9,7,4,0.5714285714285714,0.42857142857142855
M0201/img000243.jpg,M0201,243,649,UnifAll,14,49.76019999594428,6,8,0,9,7,4,0.5714285714285714,0.42857142857142855
M0201/img000243.jpg,M0201,243,649,SAHI640,15,243.72389999916777,9,6,0,9,7,7,1.0,0.6
M0201/img000244.jpg,M0201,244,650,F640,10,26.850199996260926,6,4,0,9,8,5,0.625,0.6
M0201/img000244.jpg,M0201,244,650,F1280,16,37.51769999507815,6,10,0,9,8,5,0.625,0.375
M0201/img000244.jpg,M0201,244,650,DensK1,19,29.791699998895638,6,13,0,9,8,5,0.625,0.3157894736842105
M0201/img000244.jpg,M0201,244,650,UnifAll,19,49.69449999043718,6,13,0,9,8,5,0.625,0.3157894736842105
M0201/img000244.jpg,M0201,244,650,SAHI640,17,213.1297000014456,7,10,0,9,8,6,0.75,0.4117647058823529
M0201/img000245.jpg,M0201,245,651,F640,9,21.428899999591522,6,3,0,9,8,5,0.625,0.6666666666666666
M0201/img000245.jpg,M0201,245,651,F1280,14,26.72730000631418,7,7,0,9,8,6,0.75,0.5
M0201/img000245.jpg,M0201,245,651,DensK1,14,39.300300006289035,7,7,0,9,8,6,0.75,0.5
M0201/img000245.jpg,M0201,245,651,UnifAll,17,69.64329999755137,7,10,0,9,8,6,0.75,0.4117647058823529
M0201/img000245.jpg,M0201,245,651,SAHI640,14,219.07729998929426,9,5,0,9,8,8,1.0,0.6428571428571429
M0201/img000246.jpg,M0201,246,652,F640,12,21.860799999558367,6,6,0,9,8,5,0.625,0.5
M0201/img000246.jpg,M0201,246,652,F1280,17,27.728400003979914,7,10,0,9,8,6,0.75,0.4117647058823529
M0201/img000246.jpg,M0201,246,652,DensK1,16,41.737399995326996,7,9,0,9,8,6,0.75,0.4375
M0201/img000246.jpg,M0201,246,652,UnifAll,16,55.9097999939695,7,9,0,9,8,6,0.75,0.4375
M0201/img000246.jpg,M0201,246,652,SAHI640,16,218.81109999958426,9,7,0,9,8,8,1.0,0.5625
M0201/img000247.jpg,M0201,247,653,F640,11,16.65340000181459,5,6,0,9,8,4,0.5,0.45454545454545453
M0201/img000247.jpg,M0201,247,653,F1280,19,26.274999996530823,6,13,0,9,8,5,0.625,0.3157894736842105
M0201/img000247.jpg,M0201,247,653,DensK1,14,35.87160000461154,6,8,0,9,8,5,0.625,0.42857142857142855
M0201/img000247.jpg,M0201,247,653,UnifAll,14,48.93789999186993,6,8,0,9,8,5,0.625,0.42857142857142855
M0201/img000247.jpg,M0201,247,653,SAHI640,17,240.76709999644663,7,10,0,9,8,6,0.75,0.4117647058823529
M0201/img000248.jpg,M0201,248,654,F640,9,20.48790000844747,6,3,0,9,8,5,0.625,0.6666666666666666
M0201/img000248.jpg,M0201,248,654,F1280,17,30.4558000061661,5,12,0,9,8,4,0.5,0.29411764705882354
M0201/img000248.jpg,M0201,248,654,DensK1,11,37.15149998606648,6,5,0,9,8,5,0.625,0.5454545454545454
M0201/img000248.jpg,M0201,248,654,UnifAll,15,57.99570000090171,6,9,0,9,8,5,0.625,0.4
M0201/img000248.jpg,M0201,248,654,SAHI640,14,228.4916000062367,7,7,0,9,8,6,0.75,0.5
M0201/img000249.jpg,M0201,249,655,F640,10,21.05460000166204,5,5,0,8,7,4,0.5714285714285714,0.5
M0201/img000249.jpg,M0201,249,655,F1280,19,34.421499993186444,6,13,0,8,7,5,0.7142857142857143,0.3157894736842105
M0201/img000249.jpg,M0201,249,655,DensK1,12,34.82319999602623,6,6,0,8,7,5,0.7142857142857143,0.5
M0201/img000249.jpg,M0201,249,655,UnifAll,14,50.4911999887554,6,8,0,8,7,5,0.7142857142857143,0.42857142857142855
M0201/img000249.jpg,M0201,249,655,SAHI640,13,225.0114000053145,8,5,0,8,7,7,1.0,0.6153846153846154
M0201/img000250.jpg,M0201,250,656,F640,12,19.01059999363497,6,6,0,8,7,5,0.7142857142857143,0.5
M0201/img000250.jpg,M0201,250,656,F1280,20,37.03700000187382,5,15,0,8,7,4,0.5714285714285714,0.25
M0201/img000250.jpg,M0201,250,656,DensK1,19,33.17899999092333,5,14,0,8,7,4,0.5714285714285714,0.2631578947368421
M0201/img000250.jpg,M0201,250,656,UnifAll,19,46.32709998986684,5,14,0,8,7,4,0.5714285714285714,0.2631578947368421
M0201/img000250.jpg,M0201,250,656,SAHI640,18,241.49349999788683,6,12,0,8,7,5,0.7142857142857143,0.3333333333333333
M0201/img000251.jpg,M0201,251,657,F640,10,25.21310000156518,5,5,0,8,7,4,0.5714285714285714,0.5
M0201/img000251.jpg,M0201,251,657,F1280,17,32.11179999925662,6,11,0,8,7,5,0.7142857142857143,0.35294117647058826
M0201/img000251.jpg,M0201,251,657,DensK1,19,40.59490001236554,5,14,0,8,7,4,0.5714285714285714,0.2631578947368421
M0201/img000251.jpg,M0201,251,657,UnifAll,19,49.74919999949634,5,14,0,8,7,4,0.5714285714285714,0.2631578947368421
M0201/img000251.jpg,M0201,251,657,SAHI640,17,210.56099999987055,8,9,0,8,7,7,1.0,0.47058823529411764
M0201/img000252.jpg,M0201,252,658,F640,10,31.771800000569783,5,5,0,8,7,4,0.5714285714285714,0.5
M0201/img000252.jpg,M0201,252,658,F1280,17,50.850900006480515,6,11,0,8,7,5,0.7142857142857143,0.35294117647058826
M0201/img000252.jpg,M0201,252,658,DensK1,15,36.18270000151824,5,10,0,8,7,4,0.5714285714285714,0.3333333333333333
M0201/img000252.jpg,M0201,252,658,UnifAll,15,61.194100009743124,5,10,0,8,7,4,0.5714285714285714,0.3333333333333333
M0201/img000252.jpg,M0201,252,658,SAHI640,13,213.79399999568705,7,6,0,8,7,6,0.8571428571428571,0.5384615384615384
M0201/img000253.jpg,M0201,253,659,F640,8,20.528799999738112,5,3,0,8,7,4,0.5714285714285714,0.625
M0201/img000253.jpg,M0201,253,659,F1280,16,34.357800002908334,6,10,0,8,7,5,0.7142857142857143,0.375
M0201/img000253.jpg,M0201,253,659,DensK1,16,35.6686000013724,6,10,0,8,7,5,0.7142857142857143,0.375
M0201/img000253.jpg,M0201,253,659,UnifAll,16,54.29970000113826,6,10,0,8,7,5,0.7142857142857143,0.375
M0201/img000253.jpg,M0201,253,659,SAHI640,14,211.3935999950627,8,6,0,8,7,7,1.0,0.5714285714285714
M0201/img000254.jpg,M0201,254,660,F640,11,20.4881999961799,7,4,0,8,7,6,0.8571428571428571,0.6363636363636364
M0201/img000254.jpg,M0201,254,660,F1280,15,48.155800002859905,6,9,0,8,7,5,0.7142857142857143,0.4
M0201/img000254.jpg,M0201,254,660,DensK1,17,35.07290000561625,6,11,0,8,7,5,0.7142857142857143,0.35294117647058826
M0201/img000254.jpg,M0201,254,660,UnifAll,17,54.87469999934547,6,11,0,8,7,5,0.7142857142857143,0.35294117647058826
M0201/img000254.jpg,M0201,254,660,SAHI640,14,210.564399996656,7,7,0,8,7,6,0.8571428571428571,0.5
M0201/img000255.jpg,M0201,255,661,F640,10,20.512299990514293,7,3,0,8,7,6,0.8571428571428571,0.7
M0201/img000255.jpg,M0201,255,661,F1280,15,29.79570000024978,7,8,0,8,7,6,0.8571428571428571,0.4666666666666667
M0201/img000255.jpg,M0201,255,661,DensK1,16,58.739799991599284,6,10,0,8,7,5,0.7142857142857143,0.375
M0201/img000255.jpg,M0201,255,661,UnifAll,17,62.99139998736791,6,11,0,8,7,5,0.7142857142857143,0.35294117647058826
M0201/img000255.jpg,M0201,255,661,SAHI640,15,196.9163000030676,8,7,0,8,7,7,1.0,0.5333333333333333
M0201/img000256.jpg,M0201,256,662,F640,10,15.73389999975916,5,5,0,7,7,5,0.7142857142857143,0.5
M0201/img000256.jpg,M0201,256,662,F1280,19,25.49379999982193,4,15,0,7,7,4,0.5714285714285714,0.21052631578947367
M0201/img000256.jpg,M0201,256,662,DensK1,15,34.30619998835027,5,10,0,7,7,5,0.7142857142857143,0.3333333333333333
M0201/img000256.jpg,M0201,256,662,UnifAll,17,61.58779999532271,5,12,0,7,7,5,0.7142857142857143,0.29411764705882354
M0201/img000256.jpg,M0201,256,662,SAHI640,13,203.1214999879012,7,6,0,7,7,7,1.0,0.5384615384615384
M0201/img000257.jpg,M0201,257,663,F640,7,16.451100003905594,3,4,0,7,7,3,0.42857142857142855,0.42857142857142855
M0201/img000257.jpg,M0201,257,663,F1280,20,28.517400001874194,5,15,0,7,7,5,0.7142857142857143,0.25
M0201/img000257.jpg,M0201,257,663,DensK1,13,37.18729999673087,6,7,0,7,7,6,0.8571428571428571,0.46153846153846156
M0201/img000257.jpg,M0201,257,663,UnifAll,16,79.02750000357628,6,10,0,7,7,6,0.8571428571428571,0.375
M0201/img000257.jpg,M0201,257,663,SAHI640,13,236.6260999988299,7,6,0,7,7,7,1.0,0.5384615384615384
M0201/img000258.jpg,M0201,258,664,F640,7,17.193899999256246,4,3,0,7,7,4,0.5714285714285714,0.5714285714285714
M0201/img000258.jpg,M0201,258,664,F1280,14,28.516100006527267,5,9,0,7,7,5,0.7142857142857143,0.35714285714285715
M0201/img000258.jpg,M0201,258,664,DensK1,13,37.45679999701679,4,9,0,7,7,4,0.5714285714285714,0.3076923076923077
M0201/img000258.jpg,M0201,258,664,UnifAll,15,58.73950000386685,4,11,0,7,7,4,0.5714285714285714,0.26666666666666666
M0201/img000258.jpg,M0201,258,664,SAHI640,14,226.7160000046715,7,7,0,7,7,7,1.0,0.5
M0201/img000259.jpg,M0201,259,665,F640,9,18.28669999667909,4,5,0,7,7,4,0.5714285714285714,0.4444444444444444
M0201/img000259.jpg,M0201,259,665,F1280,13,29.89950000483077,6,7,0,7,7,6,0.8571428571428571,0.46153846153846156
M0201/img000259.jpg,M0201,259,665,DensK1,14,54.45009999675676,4,10,0,7,7,4,0.5714285714285714,0.2857142857142857
M0201/img000259.jpg,M0201,259,665,UnifAll,15,58.673799998359755,4,11,0,7,7,4,0.5714285714285714,0.26666666666666666
M0201/img000259.jpg,M0201,259,665,SAHI640,13,233.11030000331812,7,6,0,7,7,7,1.0,0.5384615384615384
M0201/img000260.jpg,M0201,260,666,F640,7,16.398499996284954,3,4,0,7,7,3,0.42857142857142855,0.42857142857142855
M0201/img000260.jpg,M0201,260,666,F1280,10,32.64839999610558,5,5,0,7,7,5,0.7142857142857143,0.5
M0201/img000260.jpg,M0201,260,666,DensK1,12,35.78830001060851,5,7,0,7,7,5,0.7142857142857143,0.4166666666666667
M0201/img000260.jpg,M0201,260,666,UnifAll,12,51.659799995832145,5,7,0,7,7,5,0.7142857142857143,0.4166666666666667
M0201/img000260.jpg,M0201,260,666,SAHI640,12,217.26419999322388,7,5,0,7,7,7,1.0,0.5833333333333334
M0201/img000261.jpg,M0201,261,667,F640,8,19.46260000113398,4,4,0,7,7,4,0.5714285714285714,0.5
M0201/img000261.jpg,M0201,261,667,F1280,12,37.39750001113862,5,7,0,7,7,5,0.7142857142857143,0.4166666666666667
M0201/img000261.jpg,M0201,261,667,DensK1,15,32.49149999464862,5,10,0,7,7,5,0.7142857142857143,0.3333333333333333
M0201/img000261.jpg,M0201,261,667,UnifAll,15,42.22010000376031,5,10,0,7,7,5,0.7142857142857143,0.3333333333333333
M0201/img000261.jpg,M0201,261,667,SAHI640,15,208.14979998976924,6,9,0,7,7,6,0.8571428571428571,0.4
M0201/img000262.jpg,M0201,262,668,F640,9,23.61070000915788,5,4,0,7,7,5,0.7142857142857143,0.5555555555555556
M0201/img000262.jpg,M0201,262,668,F1280,17,41.751500000827946,4,13,0,7,7,4,0.5714285714285714,0.23529411764705882
M0201/img000262.jpg,M0201,262,668,DensK1,15,49.9854000081541,3,12,0,7,7,3,0.42857142857142855,0.2
M0201/img000262.jpg,M0201,262,668,UnifAll,15,55.37170000025071,3,12,0,7,7,3,0.42857142857142855,0.2
M0201/img000262.jpg,M0201,262,668,SAHI640,12,239.22689999744762,6,6,0,7,7,6,0.8571428571428571,0.5
M0201/img000263.jpg,M0201,263,669,F640,8,20.31350000470411,5,3,0,7,7,5,0.7142857142857143,0.625
M0201/img000263.jpg,M0201,263,669,F1280,14,30.046599989873357,4,10,0,7,7,4,0.5714285714285714,0.2857142857142857
M0201/img000263.jpg,M0201,263,669,DensK1,11,32.21340000163764,3,8,0,7,7,3,0.42857142857142855,0.2727272727272727
M0201/img000263.jpg,M0201,263,669,UnifAll,11,76.89650000247639,3,8,0,7,7,3,0.42857142857142855,0.2727272727272727
M0201/img000263.jpg,M0201,263,669,SAHI640,14,246.17189999844413,5,9,0,7,7,5,0.7142857142857143,0.35714285714285715
M0201/img000264.jpg,M0201,264,670,F640,7,26.903599995421246,6,1,0,7,7,6,0.8571428571428571,0.8571428571428571
M0201/img000264.jpg,M0201,264,670,F1280,14,39.21079999417998,6,8,0,7,7,6,0.8571428571428571,0.42857142857142855
M0201/img000264.jpg,M0201,264,670,DensK1,9,55.29010000464041,6,3,0,7,7,6,0.8571428571428571,0.6666666666666666
M0201/img000264.jpg,M0201,264,670,UnifAll,10,55.31989999872167,5,5,0,7,7,5,0.7142857142857143,0.5
M0201/img000264.jpg,M0201,264,670,SAHI640,12,232.05970000708476,7,5,0,7,7,7,1.0,0.5833333333333334
M0201/img000265.jpg,M0201,265,671,F640,8,17.667899999651127,4,4,0,7,7,4,0.5714285714285714,0.5
M0201/img000265.jpg,M0201,265,671,F1280,15,36.071099995751865,4,11,0,7,7,4,0.5714285714285714,0.26666666666666666
M0201/img000265.jpg,M0201,265,671,DensK1,16,42.91479999665171,4,12,0,7,7,4,0.5714285714285714,0.25
M0201/img000265.jpg,M0201,265,671,UnifAll,17,57.867900002747774,4,13,0,7,7,4,0.5714285714285714,0.23529411764705882
M0201/img000265.jpg,M0201,265,671,SAHI640,12,237.4163999920711,7,5,0,7,7,7,1.0,0.5833333333333334
M0201/img000266.jpg,M0201,266,672,F640,10,16.905800002859905,2,8,0,7,7,2,0.2857142857142857,0.2
M0201/img000266.jpg,M0201,266,672,F1280,16,31.21840000676457,4,12,0,7,7,4,0.5714285714285714,0.25
M0201/img000266.jpg,M0201,266,672,DensK1,11,46.36259999824688,3,8,0,7,7,3,0.42857142857142855,0.2727272727272727
M0201/img000266.jpg,M0201,266,672,UnifAll,13,63.540900009684265,3,10,0,7,7,3,0.42857142857142855,0.23076923076923078
M0201/img000266.jpg,M0201,266,672,SAHI640,15,251.64519999816548,6,9,0,7,7,6,0.8571428571428571,0.4
M0201/img000267.jpg,M0201,267,673,F640,10,19.218199988245033,3,7,0,7,7,3,0.42857142857142855,0.3
M0201/img000267.jpg,M0201,267,673,F1280,17,38.388300003134646,4,13,0,7,7,4,0.5714285714285714,0.23529411764705882
M0201/img000267.jpg,M0201,267,673,DensK1,14,38.61940000206232,4,10,0,7,7,4,0.5714285714285714,0.2857142857142857
M0201/img000267.jpg,M0201,267,673,UnifAll,15,62.527400004910305,4,11,0,7,7,4,0.5714285714285714,0.26666666666666666
M0201/img000267.jpg,M0201,267,673,SAHI640,14,343.6365000088699,7,7,0,7,7,7,1.0,0.5
M0201/img000268.jpg,M0201,268,674,F640,12,22.63949999178294,3,9,0,7,7,3,0.42857142857142855,0.25
M0201/img000268.jpg,M0201,268,674,F1280,15,40.21190000639763,4,11,0,7,7,4,0.5714285714285714,0.26666666666666666
M0201/img000268.jpg,M0201,268,674,DensK1,15,64.83550000120886,3,12,0,7,7,3,0.42857142857142855,0.2
M0201/img000268.jpg,M0201,268,674,UnifAll,16,69.0564000105951,3,13,0,7,7,3,0.42857142857142855,0.1875
M0201/img000268.jpg,M0201,268,674,SAHI640,16,244.45620000187773,6,10,0,7,7,6,0.8571428571428571,0.375
M0201/img000269.jpg,M0201,269,675,F640,8,20.919199989293702,3,5,0,7,7,3,0.42857142857142855,0.375
M0201/img000269.jpg,M0201,269,675,F1280,13,39.41019999911077,3,10,0,7,7,3,0.42857142857142855,0.23076923076923078
M0201/img000269.jpg,M0201,269,675,DensK1,11,42.94270000536926,3,8,0,7,7,3,0.42857142857142855,0.2727272727272727
M0201/img000269.jpg,M0201,269,675,UnifAll,12,65.51319999562111,3,9,0,7,7,3,0.42857142857142855,0.25
M0201/img000269.jpg,M0201,269,675,SAHI640,13,277.20620000036433,5,8,0,7,7,5,0.7142857142857143,0.38461538461538464
M0201/img000270.jpg,M0201,270,676,F640,8,20.67410000017844,5,3,0,7,7,5,0.7142857142857143,0.625
M0201/img000270.jpg,M0201,270,676,F1280,15,44.690200011245906,3,12,0,7,7,3,0.42857142857142855,0.2
M0201/img000270.jpg,M0201,270,676,DensK1,9,46.53530000359751,3,6,0,7,7,3,0.42857142857142855,0.3333333333333333
M0201/img000270.jpg,M0201,270,676,UnifAll,11,68.85579999652691,3,8,0,7,7,3,0.42857142857142855,0.2727272727272727
M0201/img000270.jpg,M0201,270,676,SAHI640,13,257.7896000002511,6,7,0,7,7,6,0.8571428571428571,0.46153846153846156
M0201/img000271.jpg,M0201,271,677,F640,5,26.193600002443418,2,3,0,7,7,2,0.2857142857142857,0.4
M0201/img000271.jpg,M0201,271,677,F1280,16,34.704399993643165,4,12,0,7,7,4,0.5714285714285714,0.25
M0201/img000271.jpg,M0201,271,677,DensK1,12,44.12669999874197,2,10,0,7,7,2,0.2857142857142857,0.16666666666666666
M0201/img000271.jpg,M0201,271,677,UnifAll,13,63.40380001347512,2,11,0,7,7,2,0.2857142857142857,0.15384615384615385
M0201/img000271.jpg,M0201,271,677,SAHI640,11,245.94660000002477,6,5,0,7,7,6,0.8571428571428571,0.5454545454545454
M0201/img000272.jpg,M0201,272,678,F640,11,21.926100002019666,4,7,0,7,7,4,0.5714285714285714,0.36363636363636365
M0201/img000272.jpg,M0201,272,678,F1280,13,39.71480000473093,3,10,0,7,7,3,0.42857142857142855,0.23076923076923078
M0201/img000272.jpg,M0201,272,678,DensK1,14,41.91120000905357,3,11,0,7,7,3,0.42857142857142855,0.21428571428571427
M0201/img000272.jpg,M0201,272,678,UnifAll,14,67.33179998991545,3,11,0,7,7,3,0.42857142857142855,0.21428571428571427
M0201/img000272.jpg,M0201,272,678,SAHI640,17,306.5727000066545,7,10,0,7,7,7,1.0,0.4117647058823529
M0201/img000273.jpg,M0201,273,679,F640,12,26.701800001319498,5,7,0,7,7,5,0.7142857142857143,0.4166666666666667
M0201/img000273.jpg,M0201,273,679,F1280,13,42.7005000092322,3,10,0,7,7,3,0.42857142857142855,0.23076923076923078
M0201/img000273.jpg,M0201,273,679,DensK1,13,50.159899998106994,3,10,0,7,7,3,0.42857142857142855,0.23076923076923078
M0201/img000273.jpg,M0201,273,679,UnifAll,13,67.09100000443868,3,10,0,7,7,3,0.42857142857142855,0.23076923076923078
M0201/img000273.jpg,M0201,273,679,SAHI640,15,488.8764000061201,7,8,0,7,7,7,1.0,0.4666666666666667
M0201/img000274.jpg,M0201,274,680,F640,8,22.693899998557754,2,6,0,7,7,2,0.2857142857142857,0.25
M0201/img000274.jpg,M0201,274,680,F1280,14,33.91569999803323,4,10,0,7,7,4,0.5714285714285714,0.2857142857142857
M0201/img000274.jpg,M0201,274,680,DensK1,12,45.12329999124631,3,9,0,7,7,3,0.42857142857142855,0.25
M0201/img000274.jpg,M0201,274,680,UnifAll,12,68.81339999381453,3,9,0,7,7,3,0.42857142857142855,0.25
M0201/img000274.jpg,M0201,274,680,SAHI640,15,252.03360000159591,6,9,0,7,7,6,0.8571428571428571,0.4
M0201/img000275.jpg,M0201,275,681,F640,9,18.22679999168031,3,6,0,7,7,3,0.42857142857142855,0.3333333333333333
M0201/img000275.jpg,M0201,275,681,F1280,16,25.54499999678228,2,14,0,7,7,2,0.2857142857142857,0.125
M0201/img000275.jpg,M0201,275,681,DensK1,17,46.23320000246167,2,15,0,7,7,2,0.2857142857142857,0.11764705882352941
M0201/img000275.jpg,M0201,275,681,UnifAll,17,59.0407999989111,2,15,0,7,7,2,0.2857142857142857,0.11764705882352941
M0201/img000275.jpg,M0201,275,681,SAHI640,16,264.9138000124367,6,10,0,7,7,6,0.8571428571428571,0.375
M0201/img000276.jpg,M0201,276,682,F640,10,25.02190000086557,3,7,0,7,7,3,0.42857142857142855,0.3
M0201/img000276.jpg,M0201,276,682,F1280,15,30.850400013150647,4,11,0,7,7,4,0.5714285714285714,0.26666666666666666
M0201/img000276.jpg,M0201,276,682,DensK1,13,39.88250000111293,4,9,0,7,7,4,0.5714285714285714,0.3076923076923077
M0201/img000276.jpg,M0201,276,682,UnifAll,13,63.22090000321623,4,9,0,7,7,4,0.5714285714285714,0.3076923076923077
M0201/img000276.jpg,M0201,276,682,SAHI640,14,272.68769999500364,6,8,0,7,7,6,0.8571428571428571,0.42857142857142855
M0201/img000277.jpg,M0201,277,683,F640,9,20.516599994152784,3,6,0,7,7,3,0.42857142857142855,0.3333333333333333
M0201/img000277.jpg,M0201,277,683,F1280,15,26.431899997987784,4,11,0,7,7,4,0.5714285714285714,0.26666666666666666
M0201/img000277.jpg,M0201,277,683,DensK1,14,36.78780001064297,3,11,0,7,7,3,0.42857142857142855,0.21428571428571427
M0201/img000277.jpg,M0201,277,683,UnifAll,15,63.758600008441135,3,12,0,7,7,3,0.42857142857142855,0.2
M0201/img000277.jpg,M0201,277,683,SAHI640,12,261.38039999932516,6,6,0,7,7,6,0.8571428571428571,0.5
M0201/img000278.jpg,M0201,278,684,F640,9,23.315999991609715,4,5,0,7,7,4,0.5714285714285714,0.4444444444444444
M0201/img000278.jpg,M0201,278,684,F1280,17,31.24529999331571,3,14,0,7,7,3,0.42857142857142855,0.17647058823529413
M0201/img000278.jpg,M0201,278,684,DensK1,13,45.69919999630656,4,9,0,7,7,4,0.5714285714285714,0.3076923076923077
M0201/img000278.jpg,M0201,278,684,UnifAll,15,71.79289999476168,4,11,0,7,7,4,0.5714285714285714,0.26666666666666666
M0201/img000278.jpg,M0201,278,684,SAHI640,16,264.0893000061624,6,10,0,7,7,6,0.8571428571428571,0.375
M0201/img000279.jpg,M0201,279,685,F640,11,19.753800006583333,4,7,0,7,7,4,0.5714285714285714,0.36363636363636365
M0201/img000279.jpg,M0201,279,685,F1280,14,33.09120000631083,5,9,0,7,7,5,0.7142857142857143,0.35714285714285715
M0201/img000279.jpg,M0201,279,685,DensK1,12,41.668800011393614,3,9,0,7,7,3,0.42857142857142855,0.25
M0201/img000279.jpg,M0201,279,685,UnifAll,14,51.521500005037524,3,11,0,7,7,3,0.42857142857142855,0.21428571428571427
M0201/img000279.jpg,M0201,279,685,SAHI640,16,240.39030000858475,6,10,0,7,7,6,0.8571428571428571,0.375
M0201/img000280.jpg,M0201,280,686,F640,9,24.42190000147093,4,5,0,7,7,4,0.5714285714285714,0.4444444444444444
M0201/img000280.jpg,M0201,280,686,F1280,18,37.61549999762792,4,14,0,7,7,4,0.5714285714285714,0.2222222222222222
M0201/img000280.jpg,M0201,280,686,DensK1,14,40.018900006543845,3,11,0,7,7,3,0.42857142857142855,0.21428571428571427
M0201/img000280.jpg,M0201,280,686,UnifAll,14,56.02700001327321,3,11,0,7,7,3,0.42857142857142855,0.21428571428571427
M0201/img000280.jpg,M0201,280,686,SAHI640,13,237.2934000013629,6,7,0,7,7,6,0.8571428571428571,0.46153846153846156
M0201/img000281.jpg,M0201,281,687,F640,9,22.301500008325092,5,4,0,7,7,5,0.7142857142857143,0.5555555555555556
M0201/img000281.jpg,M0201,281,687,F1280,15,40.53040000144392,3,12,0,7,7,3,0.42857142857142855,0.2
M0201/img000281.jpg,M0201,281,687,DensK1,15,39.378899993607774,5,10,0,7,7,5,0.7142857142857143,0.3333333333333333
M0201/img000281.jpg,M0201,281,687,UnifAll,15,58.814399992115796,5,10,0,7,7,5,0.7142857142857143,0.3333333333333333
M0201/img000281.jpg,M0201,281,687,SAHI640,14,204.82369999808725,6,8,0,7,7,6,0.8571428571428571,0.42857142857142855
M0201/img000282.jpg,M0201,282,688,F640,9,16.924700001254678,5,4,0,7,7,5,0.7142857142857143,0.5555555555555556
M0201/img000282.jpg,M0201,282,688,F1280,17,30.552600001101382,4,13,0,7,7,4,0.5714285714285714,0.23529411764705882
M0201/img000282.jpg,M0201,282,688,DensK1,14,35.0614999915706,4,10,0,7,7,4,0.5714285714285714,0.2857142857142857
M0201/img000282.jpg,M0201,282,688,UnifAll,14,43.83830000006128,4,10,0,7,7,4,0.5714285714285714,0.2857142857142857
M0201/img000282.jpg,M0201,282,688,SAHI640,17,225.0960999954259,7,10,0,7,7,7,1.0,0.4117647058823529
M0201/img000283.jpg,M0201,283,689,F640,9,16.136799997184426,3,6,0,7,7,3,0.42857142857142855,0.3333333333333333
M0201/img000283.jpg,M0201,283,689,F1280,17,38.030700001399964,3,14,0,7,7,3,0.42857142857142855,0.17647058823529413
M0201/img000283.jpg,M0201,283,689,DensK1,14,37.67969999171328,3,11,0,7,7,3,0.42857142857142855,0.21428571428571427
M0201/img000283.jpg,M0201,283,689,UnifAll,14,57.822000002488494,4,10,0,7,7,4,0.5714285714285714,0.2857142857142857
M0201/img000283.jpg,M0201,283,689,SAHI640,16,204.57090000854805,6,10,0,7,7,6,0.8571428571428571,0.375
M0201/img000284.jpg,M0201,284,690,F640,9,19.02029999473598,3,6,0,7,7,3,0.42857142857142855,0.3333333333333333
M0201/img000284.jpg,M0201,284,690,F1280,18,34.64189999795053,5,13,0,7,7,5,0.7142857142857143,0.2777777777777778
M0201/img000284.jpg,M0201,284,690,DensK1,14,34.6675999899162,3,11,0,7,7,3,0.42857142857142855,0.21428571428571427
M0201/img000284.jpg,M0201,284,690,UnifAll,15,57.28550000640098,3,12,0,7,7,3,0.42857142857142855,0.2
M0201/img000284.jpg,M0201,284,690,SAHI640,17,230.02709999855142,6,11,0,7,7,6,0.8571428571428571,0.35294117647058826
M0201/img000285.jpg,M0201,285,691,F640,9,22.58629999414552,5,4,0,7,7,5,0.7142857142857143,0.5555555555555556
M0201/img000285.jpg,M0201,285,691,F1280,18,40.18680000444874,4,14,0,7,7,4,0.5714285714285714,0.2222222222222222
M0201/img000285.jpg,M0201,285,691,DensK1,12,39.338199989288114,3,9,0,7,7,3,0.42857142857142855,0.25
M0201/img000285.jpg,M0201,285,691,UnifAll,13,79.16470000054687,3,10,0,7,7,3,0.42857142857142855,0.23076923076923078
M0201/img000285.jpg,M0201,285,691,SAHI640,17,244.93799998890609,6,11,0,7,7,6,0.8571428571428571,0.35294117647058826
M0201/img000286.jpg,M0201,286,692,F640,7,18.459700004314072,4,3,0,7,7,4,0.5714285714285714,0.5714285714285714
M0201/img000286.jpg,M0201,286,692,F1280,14,37.70450000592973,5,9,0,7,7,5,0.7142857142857143,0.35714285714285715
M0201/img000286.jpg,M0201,286,692,DensK1,10,50.539100004243664,3,7,0,7,7,3,0.42857142857142855,0.3
M0201/img000286.jpg,M0201,286,692,UnifAll,13,44.814799999585375,3,10,0,7,7,3,0.42857142857142855,0.23076923076923078
M0201/img000286.jpg,M0201,286,692,SAHI640,12,229.2676999932155,6,6,0,7,7,6,0.8571428571428571,0.5
M0201/img000287.jpg,M0201,287,693,F640,8,17.870900002890266,4,4,0,7,7,4,0.5714285714285714,0.5
M0201/img000287.jpg,M0201,287,693,F1280,18,37.381800008006394,4,14,0,7,7,4,0.5714285714285714,0.2222222222222222
M0201/img000287.jpg,M0201,287,693,DensK1,15,32.283400010783225,3,12,0,7,7,3,0.42857142857142855,0.2
M0201/img000287.jpg,M0201,287,693,UnifAll,16,44.308700002147816,3,13,0,7,7,3,0.42857142857142855,0.1875
M0201/img000287.jpg,M0201,287,693,SAHI640,15,202.33629998983815,6,9,0,7,7,6,0.8571428571428571,0.4
M0201/img000288.jpg,M0201,288,694,F640,7,20.862199991825037,5,2,0,7,7,5,0.7142857142857143,0.7142857142857143
M0201/img000288.jpg,M0201,288,694,F1280,21,39.26750000391621,4,17,0,7,7,4,0.5714285714285714,0.19047619047619047
M0201/img000288.jpg,M0201,288,694,DensK1,13,45.25740000826772,3,10,0,7,7,3,0.42857142857142855,0.23076923076923078
M0201/img000288.jpg,M0201,288,694,UnifAll,16,60.626299993600696,3,13,0,7,7,3,0.42857142857142855,0.1875
M0201/img000288.jpg,M0201,288,694,SAHI640,15,260.93829999445006,6,9,0,7,7,6,0.8571428571428571,0.4
M0201/img000289.jpg,M0201,289,695,F640,10,24.317999996128492,4,6,0,7,7,4,0.5714285714285714,0.4
M0201/img000289.jpg,M0201,289,695,F1280,19,41.841300000669435,5,14,0,7,7,5,0.7142857142857143,0.2631578947368421
M0201/img000289.jpg,M0201,289,695,DensK1,16,48.47979999613017,5,11,0,7,7,5,0.7142857142857143,0.3125
M0201/img000289.jpg,M0201,289,695,UnifAll,17,62.273300005472265,5,12,0,7,7,5,0.7142857142857143,0.29411764705882354
M0201/img000289.jpg,M0201,289,695,SAHI640,17,281.4914000045974,6,11,0,7,7,6,0.8571428571428571,0.35294117647058826
M0201/img000290.jpg,M0201,290,696,F640,7,20.537300006253645,5,2,0,7,7,5,0.7142857142857143,0.7142857142857143
M0201/img000290.jpg,M0201,290,696,F1280,18,53.61960000300314,4,14,0,7,7,4,0.5714285714285714,0.2222222222222222
M0201/img000290.jpg,M0201,290,696,DensK1,13,38.85240000090562,6,7,0,7,7,6,0.8571428571428571,0.46153846153846156
M0201/img000290.jpg,M0201,290,696,UnifAll,17,51.009399991016835,6,11,0,7,7,6,0.8571428571428571,0.35294117647058826
M0201/img000290.jpg,M0201,290,696,SAHI640,12,218.96949999791104,6,6,0,7,7,6,0.8571428571428571,0.5
M0201/img000291.jpg,M0201,291,697,F640,9,19.14099999703467,6,3,0,7,7,6,0.8571428571428571,0.6666666666666666
M0201/img000291.jpg,M0201,291,697,F1280,15,33.19800000463147,5,10,0,7,7,5,0.7142857142857143,0.3333333333333333
M0201/img000291.jpg,M0201,291,697,DensK1,16,44.13229999772739,3,13,0,7,7,3,0.42857142857142855,0.1875
M0201/img000291.jpg,M0201,291,697,UnifAll,17,61.17929999891203,3,14,0,7,7,3,0.42857142857142855,0.17647058823529413
M0201/img000291.jpg,M0201,291,697,SAHI640,15,250.43089999235235,6,9,0,7,7,6,0.8571428571428571,0.4
M0201/img000292.jpg,M0201,292,698,F640,7,21.362600004067644,4,3,0,7,7,4,0.5714285714285714,0.5714285714285714
M0201/img000292.jpg,M0201,292,698,F1280,16,46.725899999728426,4,12,0,7,7,4,0.5714285714285714,0.25
M0201/img000292.jpg,M0201,292,698,DensK1,12,36.5219000086654,3,9,0,7,7,3,0.42857142857142855,0.25
M0201/img000292.jpg,M0201,292,698,UnifAll,15,49.408400009269826,3,12,0,7,7,3,0.42857142857142855,0.2
M0201/img000292.jpg,M0201,292,698,SAHI640,16,227.19799999322277,6,10,0,7,7,6,0.8571428571428571,0.375
M0201/img000293.jpg,M0201,293,699,F640,8,17.028999995091,5,3,0,7,7,5,0.7142857142857143,0.625
M0201/img000293.jpg,M0201,293,699,F1280,16,25.97399998921901,4,12,0,7,7,4,0.5714285714285714,0.25
M0201/img000293.jpg,M0201,293,699,DensK1,13,38.121600009617396,4,9,0,7,7,4,0.5714285714285714,0.3076923076923077
M0201/img000293.jpg,M0201,293,699,UnifAll,13,66.53240000014193,4,9,0,7,7,4,0.5714285714285714,0.3076923076923077
M0201/img000293.jpg,M0201,293,699,SAHI640,14,236.0884000081569,6,8,0,7,7,6,0.8571428571428571,0.42857142857142855
M0201/img000294.jpg,M0201,294,700,F640,9,17.03540000016801,4,5,0,7,7,4,0.5714285714285714,0.4444444444444444
M0201/img000294.jpg,M0201,294,700,F1280,17,29.98940000543371,4,13,0,7,7,4,0.5714285714285714,0.23529411764705882
M0201/img000294.jpg,M0201,294,700,DensK1,15,41.95850000542123,4,11,0,7,7,4,0.5714285714285714,0.26666666666666666
M0201/img000294.jpg,M0201,294,700,UnifAll,16,66.99870000011288,4,12,0,7,7,4,0.5714285714285714,0.25
M0201/img000294.jpg,M0201,294,700,SAHI640,17,241.8513000011444,6,11,0,7,7,6,0.8571428571428571,0.35294117647058826
M0201/img000295.jpg,M0201,295,701,F640,8,21.171100001083687,5,3,0,7,7,5,0.7142857142857143,0.625
M0201/img000295.jpg,M0201,295,701,F1280,16,24.953100000857376,4,12,0,7,7,4,0.5714285714285714,0.25
M0201/img000295.jpg,M0201,295,701,DensK1,15,45.54399999324232,5,10,0,7,7,5,0.7142857142857143,0.3333333333333333
M0201/img000295.jpg,M0201,295,701,UnifAll,16,65.49700000323355,5,11,0,7,7,5,0.7142857142857143,0.3125
M0201/img000295.jpg,M0201,295,701,SAHI640,12,211.61140000913292,6,6,0,7,7,6,0.8571428571428571,0.5
M0201/img000296.jpg,M0201,296,702,F640,9,14.801500001340173,5,4,0,7,7,5,0.7142857142857143,0.5555555555555556
M0201/img000296.jpg,M0201,296,702,F1280,15,29.755300012766384,4,11,0,7,7,4,0.5714285714285714,0.26666666666666666
M0201/img000296.jpg,M0201,296,702,DensK1,17,33.90919999219477,3,14,0,7,7,3,0.42857142857142855,0.17647058823529413
M0201/img000296.jpg,M0201,296,702,UnifAll,17,71.49390000267886,3,14,0,7,7,3,0.42857142857142855,0.17647058823529413
M0201/img000296.jpg,M0201,296,702,SAHI640,16,225.1006000005873,6,10,0,7,7,6,0.8571428571428571,0.375
M0201/img000297.jpg,M0201,297,703,F640,10,36.09750000759959,4,6,0,7,7,4,0.5714285714285714,0.4
M0201/img000297.jpg,M0201,297,703,F1280,15,40.26259999955073,5,10,0,7,7,5,0.7142857142857143,0.3333333333333333
M0201/img000297.jpg,M0201,297,703,DensK1,17,32.97770000062883,2,15,0,7,7,2,0.2857142857142857,0.11764705882352941
M0201/img000297.jpg,M0201,297,703,UnifAll,17,48.38059999747202,2,15,0,7,7,2,0.2857142857142857,0.11764705882352941
M0201/img000297.jpg,M0201,297,703,SAHI640,18,228.0449999962002,6,12,0,7,7,6,0.8571428571428571,0.3333333333333333
M0201/img000298.jpg,M0201,298,704,F640,9,17.228500000783242,2,7,0,7,7,2,0.2857142857142857,0.2222222222222222
M0201/img000298.jpg,M0201,298,704,F1280,21,38.223200011998415,4,17,0,7,7,4,0.5714285714285714,0.19047619047619047
M0201/img000298.jpg,M0201,298,704,DensK1,14,52.731000003404915,3,11,0,7,7,3,0.42857142857142855,0.21428571428571427
M0201/img000298.jpg,M0201,298,704,UnifAll,15,60.78840000554919,3,12,0,7,7,3,0.42857142857142855,0.2
M0201/img000298.jpg,M0201,298,704,SAHI640,14,225.11240000312682,6,8,0,7,7,6,0.8571428571428571,0.42857142857142855
M0201/img000299.jpg,M0201,299,705,F640,10,19.15029999508988,3,7,0,7,7,3,0.42857142857142855,0.3
M0201/img000299.jpg,M0201,299,705,F1280,16,37.866200000280514,4,12,0,7,7,4,0.5714285714285714,0.25
M0201/img000299.jpg,M0201,299,705,DensK1,15,36.99020000931341,4,11,0,7,7,4,0.5714285714285714,0.26666666666666666
M0201/img000299.jpg,M0201,299,705,UnifAll,16,63.87850000464823,4,12,0,7,7,4,0.5714285714285714,0.25
M0201/img000299.jpg,M0201,299,705,SAHI640,15,223.10899999865796,5,10,0,7,7,5,0.7142857142857143,0.3333333333333333
M0201/img000300.jpg,M0201,300,706,F640,7,14.41020000493154,4,3,0,7,7,4,0.5714285714285714,0.5714285714285714
M0201/img000300.jpg,M0201,300,706,F1280,17,25.8423000050243,4,13,0,7,7,4,0.5714285714285714,0.23529411764705882
M0201/img000300.jpg,M0201,300,706,DensK1,15,35.374799990677275,4,11,0,7,7,4,0.5714285714285714,0.26666666666666666
M0201/img000300.jpg,M0201,300,706,UnifAll,19,46.857399996952154,4,15,0,7,7,4,0.5714285714285714,0.21052631578947367
M0201/img000300.jpg,M0201,300,706,SAHI640,17,215.79459999338724,6,11,0,7,7,6,0.8571428571428571,0.35294117647058826
M0201/img000301.jpg,M0201,301,707,F640,8,19.1587999870535,3,5,0,7,6,2,0.3333333333333333,0.375
M0201/img000301.jpg,M0201,301,707,F1280,18,34.93969999544788,5,13,0,7,6,4,0.6666666666666666,0.2777777777777778
M0201/img000301.jpg,M0201,301,707,DensK1,17,45.65599998750258,2,15,0,7,6,1,0.16666666666666666,0.11764705882352941
M0201/img000301.jpg,M0201,301,707,UnifAll,20,54.09960000542924,2,18,0,7,6,1,0.16666666666666666,0.1
M0201/img000301.jpg,M0201,301,707,SAHI640,18,209.41209999728017,7,11,0,7,6,6,1.0,0.3888888888888889
M0201/img000302.jpg,M0201,302,708,F640,8,15.926799998851493,4,4,0,7,6,3,0.5,0.5
M0201/img000302.jpg,M0201,302,708,F1280,17,31.83809999609366,5,12,0,7,6,4,0.6666666666666666,0.29411764705882354
M0201/img000302.jpg,M0201,302,708,DensK1,14,34.1620000108378,4,10,0,7,6,3,0.5,0.2857142857142857
M0201/img000302.jpg,M0201,302,708,UnifAll,16,43.18680000142194,4,12,0,7,6,3,0.5,0.25
M0201/img000302.jpg,M0201,302,708,SAHI640,15,218.12770000542514,5,10,0,7,6,4,0.6666666666666666,0.3333333333333333
M0201/img000303.jpg,M0201,303,709,F640,10,22.146400006022304,4,6,0,7,5,2,0.4,0.4
M0201/img000303.jpg,M0201,303,709,F1280,18,37.231100010103546,4,14,0,7,5,2,0.4,0.2222222222222222
M0201/img000303.jpg,M0201,303,709,DensK1,13,35.514799994416535,4,9,0,7,5,2,0.4,0.3076923076923077
M0201/img000303.jpg,M0201,303,709,UnifAll,14,56.782499988912605,4,10,0,7,5,2,0.4,0.2857142857142857
M0201/img000303.jpg,M0201,303,709,SAHI640,14,224.90950000064913,5,9,0,7,5,3,0.6,0.35714285714285715
M0201/img000304.jpg,M0201,304,710,F640,9,19.77140000963118,5,4,0,7,5,3,0.6,0.5555555555555556
M0201/img000304.jpg,M0201,304,710,F1280,16,30.4106999974465,6,10,0,7,5,4,0.8,0.375
M0201/img000304.jpg,M0201,304,710,DensK1,15,38.141500001074746,4,11,0,7,5,2,0.4,0.26666666666666666
M0201/img000304.jpg,M0201,304,710,UnifAll,16,46.47099999419879,4,12,0,7,5,2,0.4,0.25
M0201/img000304.jpg,M0201,304,710,SAHI640,14,206.24929999758024,6,8,0,7,5,4,0.8,0.42857142857142855
M0201/img000305.jpg,M0201,305,711,F640,9,19.75029999448452,5,4,0,7,5,3,0.6,0.5555555555555556
M0201/img000305.jpg,M0201,305,711,F1280,16,38.85090000403579,4,12,0,7,5,2,0.4,0.25
M0201/img000305.jpg,M0201,305,711,DensK1,16,36.20430000592023,4,12,0,7,5,2,0.4,0.25
M0201/img000305.jpg,M0201,305,711,UnifAll,20,46.9606999977259,4,16,0,7,5,2,0.4,0.2
M0201/img000305.jpg,M0201,305,711,SAHI640,16,232.67709999345243,6,10,0,7,5,4,0.8,0.375
M0201/img000306.jpg,M0201,306,712,F640,10,20.18079999834299,5,5,0,7,5,3,0.6,0.5
M0201/img000306.jpg,M0201,306,712,F1280,16,35.86899999936577,4,12,0,7,5,2,0.4,0.25
M0201/img000306.jpg,M0201,306,712,DensK1,20,34.75069999694824,3,17,0,7,5,1,0.2,0.15
M0201/img000306.jpg,M0201,306,712,UnifAll,21,87.01709999877494,3,18,0,7,5,1,0.2,0.14285714285714285
M0201/img000306.jpg,M0201,306,712,SAHI640,18,232.59640000469517,6,12,0,7,5,4,0.8,0.3333333333333333
M0201/img000307.jpg,M0201,307,713,F640,11,22.040199997718446,5,6,0,7,5,3,0.6,0.45454545454545453
M0201/img000307.jpg,M0201,307,713,F1280,15,44.77249999763444,4,11,0,7,5,2,0.4,0.26666666666666666
M0201/img000307.jpg,M0201,307,713,DensK1,19,55.47469999874011,4,15,0,7,5,2,0.4,0.21052631578947367
M0201/img000307.jpg,M0201,307,713,UnifAll,21,72.05919999978505,4,17,0,7,5,2,0.4,0.19047619047619047
M0201/img000307.jpg,M0201,307,713,SAHI640,15,233.64359998959117,6,9,0,7,5,4,0.8,0.4
M0201/img000308.jpg,M0201,308,714,F640,8,21.49949999875389,5,3,0,7,5,3,0.6,0.625
M0201/img000308.jpg,M0201,308,714,F1280,12,31.665099988458678,5,7,0,7,5,3,0.6,0.4166666666666667
M0201/img000308.jpg,M0201,308,714,DensK1,11,41.217299993149936,4,7,0,7,5,2,0.4,0.36363636363636365
M0201/img000308.jpg,M0201,308,714,UnifAll,12,62.96640000073239,4,8,0,7,5,2,0.4,0.3333333333333333
M0201/img000308.jpg,M0201,308,714,SAHI640,13,228.54490000463556,6,7,0,7,5,4,0.8,0.46153846153846156
M0201/img000309.jpg,M0201,309,715,F640,7,17.813899990869686,4,3,0,7,5,2,0.4,0.5714285714285714
M0201/img000309.jpg,M0201,309,715,F1280,17,34.446400008164346,4,13,0,7,5,2,0.4,0.23529411764705882
M0201/img000309.jpg,M0201,309,715,DensK1,14,34.83770000457298,3,11,0,7,5,1,0.2,0.21428571428571427
M0201/img000309.jpg,M0201,309,715,UnifAll,19,61.43240000528749,3,16,0,7,5,1,0.2,0.15789473684210525
M0201/img000309.jpg,M0201,309,715,SAHI640,16,233.41639999125618,5,11,0,7,5,3,0.6,0.3125
M0201/img000310.jpg,M0201,310,716,F640,6,19.532999998773448,4,2,0,7,5,2,0.4,0.6666666666666666
M0201/img000310.jpg,M0201,310,716,F1280,13,36.284399990108795,3,10,0,7,5,1,0.2,0.23076923076923078
M0201/img000310.jpg,M0201,310,716,DensK1,11,46.67389999667648,4,7,0,7,5,2,0.4,0.36363636363636365
M0201/img000310.jpg,M0201,310,716,UnifAll,16,75.9262000065064,4,12,0,7,5,2,0.4,0.25
M0201/img000310.jpg,M0201,310,716,SAHI640,15,417.88870000164025,6,9,0,7,5,4,0.8,0.4
M0201/img000311.jpg,M0201,311,717,F640,8,23.532000006525777,5,3,0,7,5,3,0.6,0.625
M0201/img000311.jpg,M0201,311,717,F1280,16,27.31939998921007,3,13,0,7,5,1,0.2,0.1875
M0201/img000311.jpg,M0201,311,717,DensK1,14,37.60940000938717,4,10,0,7,5,2,0.4,0.2857142857142857
M0201/img000311.jpg,M0201,311,717,UnifAll,15,60.16520000412129,4,11,0,7,5,2,0.4,0.26666666666666666
M0201/img000311.jpg,M0201,311,717,SAHI640,18,227.1657000092091,7,11,0,7,5,5,1.0,0.3888888888888889
M0201/img000312.jpg,M0201,312,718,F640,10,21.23080000455957,4,6,0,7,5,2,0.4,0.4
M0201/img000312.jpg,M0201,312,718,F1280,14,27.261199997155927,3,11,0,7,5,1,0.2,0.21428571428571427
M0201/img000312.jpg,M0201,312,718,DensK1,17,40.181100004701875,4,13,0,7,5,2,0.4,0.23529411764705882
M0201/img000312.jpg,M0201,312,718,UnifAll,17,54.359999994630925,4,13,0,7,5,2,0.4,0.23529411764705882
M0201/img000312.jpg,M0201,312,718,SAHI640,14,271.47160000458825,5,9,0,7,5,3,0.6,0.35714285714285715
M0201/img000313.jpg,M0201,313,719,F640,9,21.289700001943856,4,5,0,7,5,2,0.4,0.4444444444444444
M0201/img000313.jpg,M0201,313,719,F1280,19,26.014500006567687,3,16,0,7,5,1,0.2,0.15789473684210525
M0201/img000313.jpg,M0201,313,719,DensK1,19,43.88660000404343,3,16,0,7,5,1,0.2,0.15789473684210525
M0201/img000313.jpg,M0201,313,719,UnifAll,21,53.604400003678165,3,18,0,7,5,1,0.2,0.14285714285714285
M0201/img000313.jpg,M0201,313,719,SAHI640,17,275.08589999342803,6,11,0,7,5,4,0.8,0.35294117647058826
M0201/img000314.jpg,M0201,314,720,F640,8,26.298600001609884,2,6,0,6,5,1,0.2,0.25
M0201/img000314.jpg,M0201,314,720,F1280,13,26.49839999503456,2,11,0,6,5,1,0.2,0.15384615384615385
M0201/img000314.jpg,M0201,314,720,DensK1,15,43.60649999580346,3,12,0,6,5,2,0.4,0.2
M0201/img000314.jpg,M0201,314,720,UnifAll,16,51.60310000064783,3,13,0,6,5,2,0.4,0.1875
M0201/img000314.jpg,M0201,314,720,SAHI640,14,236.62769999646116,4,10,0,6,5,3,0.6,0.2857142857142857
M0201/img000315.jpg,M0201,315,721,F640,10,15.6620999914594,3,7,0,6,5,2,0.4,0.3
M0201/img000315.jpg,M0201,315,721,F1280,14,26.556700002402067,2,12,0,6,5,1,0.2,0.14285714285714285
M0201/img000315.jpg,M0201,315,721,DensK1,18,45.35050000413321,2,16,0,6,5,1,0.2,0.1111111111111111
M0201/img000315.jpg,M0201,315,721,UnifAll,19,52.488600005744956,2,17,0,6,5,1,0.2,0.10526315789473684
M0201/img000315.jpg,M0201,315,721,SAHI640,13,246.0821999993641,5,8,0,6,5,4,0.8,0.38461538461538464
M0201/img000316.jpg,M0201,316,722,F640,8,23.59989999968093,2,6,0,6,5,1,0.2,0.25
M0201/img000316.jpg,M0201,316,722,F1280,20,27.364600013243034,2,18,0,6,5,1,0.2,0.1
M0201/img000316.jpg,M0201,316,722,DensK1,17,38.79739998956211,3,14,0,6,5,2,0.4,0.17647058823529413
M0201/img000316.jpg,M0201,316,722,UnifAll,18,56.34160000772681,3,15,0,6,5,2,0.4,0.16666666666666666
M0201/img000316.jpg,M0201,316,722,SAHI640,19,259.8115000000689,5,14,0,6,5,4,0.8,0.2631578947368421
M0201/img000317.jpg,M0201,317,723,F640,11,17.12269999552518,3,8,0,5,5,3,0.6,0.2727272727272727
M0201/img000317.jpg,M0201,317,723,F1280,18,27.93109999038279,2,16,0,5,5,2,0.4,0.1111111111111111
M0201/img000317.jpg,M0201,317,723,DensK1,21,39.04430000693537,2,19,0,5,5,2,0.4,0.09523809523809523
M0201/img000317.jpg,M0201,317,723,UnifAll,22,63.60839999979362,2,20,0,5,5,2,0.4,0.09090909090909091
M0201/img000317.jpg,M0201,317,723,SAHI640,19,285.42649999144487,4,15,0,5,5,4,0.8,0.21052631578947367
M0201/img000318.jpg,M0201,318,724,F640,10,22.47979999810923,2,8,0,5,5,2,0.4,0.2
M0201/img000318.jpg,M0201,318,724,F1280,14,33.204299994395114,1,13,0,5,5,1,0.2,0.07142857142857142
M0201/img000318.jpg,M0201,318,724,DensK1,13,46.23350000474602,1,12,0,5,5,1,0.2,0.07692307692307693
M0201/img000318.jpg,M0201,318,724,UnifAll,13,69.76309999299701,1,12,0,5,5,1,0.2,0.07692307692307693
M0201/img000318.jpg,M0201,318,724,SAHI640,13,274.91240001108963,4,9,0,5,5,4,0.8,0.3076923076923077
M0201/img000319.jpg,M0201,319,725,F640,10,22.22859999164939,3,7,0,5,5,3,0.6,0.3
M0201/img000319.jpg,M0201,319,725,F1280,14,28.501300010248087,0,14,0,5,5,0,0.0,0.0
M0201/img000319.jpg,M0201,319,725,DensK1,16,43.37949999899138,1,15,0,5,5,1,0.2,0.0625
M0201/img000319.jpg,M0201,319,725,UnifAll,17,56.290599997737445,2,15,0,5,5,2,0.4,0.11764705882352941
M0201/img000319.jpg,M0201,319,725,SAHI640,13,243.80419999943115,4,9,0,5,5,4,0.8,0.3076923076923077
M0201/img000320.jpg,M0201,320,726,F640,8,17.09130000381265,1,7,0,5,5,1,0.2,0.125
M0201/img000320.jpg,M0201,320,726,F1280,17,37.81100000196602,2,15,0,5,5,2,0.4,0.11764705882352941
M0201/img000320.jpg,M0201,320,726,DensK1,17,38.48640000796877,1,16,0,5,5,1,0.2,0.058823529411764705
M0201/img000320.jpg,M0201,320,726,UnifAll,19,60.55059999926016,1,18,0,5,5,1,0.2,0.05263157894736842
M0201/img000320.jpg,M0201,320,726,SAHI640,15,212.91310001106467,4,11,0,5,5,4,0.8,0.26666666666666666
M0201/img000321.jpg,M0201,321,727,F640,7,18.934299994725734,1,6,0,5,5,1,0.2,0.14285714285714285
M0201/img000321.jpg,M0201,321,727,F1280,15,31.106399997952394,1,14,0,5,5,1,0.2,0.06666666666666667
M0201/img000321.jpg,M0201,321,727,DensK1,14,52.88699999800883,1,13,0,5,5,1,0.2,0.07142857142857142
M0201/img000321.jpg,M0201,321,727,UnifAll,15,54.992600009427406,1,14,0,5,5,1,0.2,0.06666666666666667
M0201/img000321.jpg,M0201,321,727,SAHI640,12,218.22740000789054,3,9,0,5,5,3,0.6,0.25
M0201/img000322.jpg,M0201,322,728,F640,7,18.660400004591793,2,5,0,5,5,2,0.4,0.2857142857142857
M0201/img000322.jpg,M0201,322,728,F1280,15,31.512799992924556,1,14,0,5,5,1,0.2,0.06666666666666667
M0201/img000322.jpg,M0201,322,728,DensK1,13,38.53330000129063,1,12,0,5,5,1,0.2,0.07692307692307693
M0201/img000322.jpg,M0201,322,728,UnifAll,13,68.47900000866503,0,13,0,5,5,0,0.0,0.0
M0201/img000322.jpg,M0201,322,728,SAHI640,10,239.52440000721253,4,6,0,5,5,4,0.8,0.4
M0201/img000323.jpg,M0201,323,729,F640,7,18.631400002050214,1,6,0,5,5,1,0.2,0.14285714285714285
M0201/img000323.jpg,M0201,323,729,F1280,18,29.866800003219396,1,17,0,5,5,1,0.2,0.05555555555555555
M0201/img000323.jpg,M0201,323,729,DensK1,12,38.855999999213964,0,12,0,5,5,0,0.0,0.0
M0201/img000323.jpg,M0201,323,729,UnifAll,12,46.570400008931756,0,12,0,5,5,0,0.0,0.0
M0201/img000323.jpg,M0201,323,729,SAHI640,11,219.9953999952413,4,7,0,5,5,4,0.8,0.36363636363636365
M0201/img000324.jpg,M0201,324,730,F640,8,18.120200009434484,4,4,0,5,5,4,0.8,0.5
M0201/img000324.jpg,M0201,324,730,F1280,15,33.03230000892654,1,14,0,5,5,1,0.2,0.06666666666666667
M0201/img000324.jpg,M0201,324,730,DensK1,10,43.03889999573585,2,8,0,5,5,2,0.4,0.2
M0201/img000324.jpg,M0201,324,730,UnifAll,10,57.7218999969773,2,8,0,5,5,2,0.4,0.2
M0201/img000324.jpg,M0201,324,730,SAHI640,10,225.1749999995809,4,6,0,5,5,4,0.8,0.4
M0201/img000325.jpg,M0201,325,731,F640,7,15.56420000270009,3,4,0,5,5,3,0.6,0.42857142857142855
M0201/img000325.jpg,M0201,325,731,F1280,13,33.702000000630505,1,12,0,5,5,1,0.2,0.07692307692307693
M0201/img000325.jpg,M0201,325,731,DensK1,10,36.18049999931827,1,9,0,5,5,1,0.2,0.1
M0201/img000325.jpg,M0201,325,731,UnifAll,12,46.699999991687946,1,11,0,5,5,1,0.2,0.08333333333333333
M0201/img000325.jpg,M0201,325,731,SAHI640,11,224.10510000190698,4,7,0,5,5,4,0.8,0.36363636363636365
M0201/img000326.jpg,M0201,326,732,F640,8,16.94879999558907,3,5,0,5,5,3,0.6,0.375
M0201/img000326.jpg,M0201,326,732,F1280,16,34.509400007664226,1,15,0,5,5,1,0.2,0.0625
M0201/img000326.jpg,M0201,326,732,DensK1,14,29.697500009206124,3,11,0,5,5,3,0.6,0.21428571428571427
M0201/img000326.jpg,M0201,326,732,UnifAll,14,41.84229999373201,3,11,0,5,5,3,0.6,0.21428571428571427
M0201/img000326.jpg,M0201,326,732,SAHI640,15,213.79169999272563,4,11,0,5,5,4,0.8,0.26666666666666666
M0201/img000327.jpg,M0201,327,733,F640,9,19.483899988699704,3,6,0,5,5,3,0.6,0.3333333333333333
M0201/img000327.jpg,M0201,327,733,F1280,14,32.214499995461665,1,13,0,5,5,1,0.2,0.07142857142857142
M0201/img000327.jpg,M0201,327,733,DensK1,17,32.376899995142594,3,14,0,5,5,3,0.6,0.17647058823529413
M0201/img000327.jpg,M0201,327,733,UnifAll,17,66.6032000008272,3,14,0,5,5,3,0.6,0.17647058823529413
M0201/img000327.jpg,M0201,327,733,SAHI640,14,220.96150000288617,4,10,0,5,5,4,0.8,0.2857142857142857
M0201/img000328.jpg,M0201,328,734,F640,7,22.496399993542582,1,6,0,5,5,1,0.2,0.14285714285714285
M0201/img000328.jpg,M0201,328,734,F1280,11,38.533500002813525,1,10,0,5,5,1,0.2,0.09090909090909091
M0201/img000328.jpg,M0201,328,734,DensK1,12,50.060399997164495,2,10,0,5,5,2,0.4,0.16666666666666666
M0201/img000328.jpg,M0201,328,734,UnifAll,12,69.07959999807645,2,10,0,5,5,2,0.4,0.16666666666666666
M0201/img000328.jpg,M0201,328,734,SAHI640,15,224.78819999378175,4,11,0,5,5,4,0.8,0.26666666666666666
M0201/img000329.jpg,M0201,329,735,F640,7,16.65399999183137,0,7,0,5,5,0,0.0,0.0
M0201/img000329.jpg,M0201,329,735,F1280,15,33.83580000081565,1,14,0,5,5,1,0.2,0.06666666666666667
M0201/img000329.jpg,M0201,329,735,DensK1,11,38.83970000606496,0,11,0,5,5,0,0.0,0.0
M0201/img000329.jpg,M0201,329,735,UnifAll,12,50.16859999159351,0,12,0,5,5,0,0.0,0.0
M0201/img000329.jpg,M0201,329,735,SAHI640,14,213.37520000815857,4,10,0,5,5,4,0.8,0.2857142857142857
M0201/img000330.jpg,M0201,330,736,F640,10,17.651300004217774,1,9,0,5,5,1,0.2,0.1
M0201/img000330.jpg,M0201,330,736,F1280,15,34.056800010148436,1,14,0,5,5,1,0.2,0.06666666666666667
M0201/img000330.jpg,M0201,330,736,DensK1,13,41.59639999852516,1,12,0,5,5,1,0.2,0.07692307692307693
M0201/img000330.jpg,M0201,330,736,UnifAll,13,54.151200005435385,1,12,0,5,5,1,0.2,0.07692307692307693
M0201/img000330.jpg,M0201,330,736,SAHI640,12,212.8043999982765,4,8,0,5,5,4,0.8,0.3333333333333333
M0201/img000331.jpg,M0201,331,737,F640,9,19.359300000360236,3,6,0,5,5,3,0.6,0.3333333333333333
M0201/img000331.jpg,M0201,331,737,F1280,12,32.001999992644414,1,11,0,5,5,1,0.2,0.08333333333333333
M0201/img000331.jpg,M0201,331,737,DensK1,10,32.01890000491403,1,9,0,5,5,1,0.2,0.1
M0201/img000331.jpg,M0201,331,737,UnifAll,11,56.31090000679251,1,10,0,5,5,1,0.2,0.09090909090909091
M0201/img000331.jpg,M0201,331,737,SAHI640,13,224.19340000487864,4,9,0,5,5,4,0.8,0.3076923076923077
M0201/img000332.jpg,M0201,332,738,F640,8,27.5746999977855,3,5,0,5,5,3,0.6,0.375
M0201/img000332.jpg,M0201,332,738,F1280,19,28.69430001010187,1,18,0,5,5,1,0.2,0.05263157894736842
M0201/img000332.jpg,M0201,332,738,DensK1,14,33.576999994693324,2,12,0,5,5,2,0.4,0.14285714285714285
M0201/img000332.jpg,M0201,332,738,UnifAll,15,45.43610000109766,2,13,0,5,5,2,0.4,0.13333333333333333
M0201/img000332.jpg,M0201,332,738,SAHI640,14,221.49110000464134,4,10,0,5,5,4,0.8,0.2857142857142857
M0201/img000333.jpg,M0201,333,739,F640,8,21.75899999565445,3,5,0,5,5,3,0.6,0.375
M0201/img000333.jpg,M0201,333,739,F1280,19,40.36540001106914,1,18,0,5,5,1,0.2,0.05263157894736842
M0201/img000333.jpg,M0201,333,739,DensK1,17,37.798699995619245,2,15,0,5,5,2,0.4,0.11764705882352941
M0201/img000333.jpg,M0201,333,739,UnifAll,19,55.97660000785254,2,17,0,5,5,2,0.4,0.10526315789473684
M0201/img000333.jpg,M0201,333,739,SAHI640,13,196.80430000880733,4,9,0,5,5,4,0.8,0.3076923076923077
M0201/img000334.jpg,M0201,334,740,F640,5,17.528899988974445,4,1,0,5,5,4,0.8,0.8
M0201/img000334.jpg,M0201,334,740,F1280,19,36.617300007492304,1,18,0,5,5,1,0.2,0.05263157894736842
M0201/img000334.jpg,M0201,334,740,DensK1,13,34.747400000924245,2,11,0,5,5,2,0.4,0.15384615384615385
M0201/img000334.jpg,M0201,334,740,UnifAll,15,58.71570001181681,2,13,0,5,5,2,0.4,0.13333333333333333
M0201/img000334.jpg,M0201,334,740,SAHI640,20,197.66259999596514,3,17,0,5,5,3,0.6,0.15
M0201/img000335.jpg,M0201,335,741,F640,8,20.262900012312457,2,6,0,5,5,2,0.4,0.25
M0201/img000335.jpg,M0201,335,741,F1280,17,26.951899999403395,1,16,0,5,5,1,0.2,0.058823529411764705
M0201/img000335.jpg,M0201,335,741,DensK1,13,41.20079999847803,1,12,0,5,5,1,0.2,0.07692307692307693
M0201/img000335.jpg,M0201,335,741,UnifAll,14,55.50119999679737,1,13,0,5,5,1,0.2,0.07142857142857142
M0201/img000335.jpg,M0201,335,741,SAHI640,11,188.35060000128578,3,8,0,5,5,3,0.6,0.2727272727272727
M0201/img000336.jpg,M0201,336,742,F640,7,14.86129999102559,2,5,0,5,5,2,0.4,0.2857142857142857
M0201/img000336.jpg,M0201,336,742,F1280,12,25.460500008193776,1,11,0,5,5,1,0.2,0.08333333333333333
M0201/img000336.jpg,M0201,336,742,DensK1,13,38.599499996053055,1,12,0,5,5,1,0.2,0.07692307692307693
M0201/img000336.jpg,M0201,336,742,UnifAll,13,51.8541999917943,1,12,0,5,5,1,0.2,0.07692307692307693
M0201/img000336.jpg,M0201,336,742,SAHI640,11,209.02620001288597,2,9,0,5,5,2,0.4,0.18181818181818182
M0201/img000337.jpg,M0201,337,743,F640,7,18.686800001887605,2,5,0,5,5,2,0.4,0.2857142857142857
M0201/img000337.jpg,M0201,337,743,F1280,14,33.19980000378564,1,13,0,5,5,1,0.2,0.07142857142857142
M0201/img000337.jpg,M0201,337,743,DensK1,12,34.19350000331178,1,11,0,5,5,1,0.2,0.08333333333333333
M0201/img000337.jpg,M0201,337,743,UnifAll,13,45.39860000659246,1,12,0,5,5,1,0.2,0.07692307692307693
M0201/img000337.jpg,M0201,337,743,SAHI640,18,229.41309999441728,3,15,0,5,5,3,0.6,0.16666666666666666
M0201/img000338.jpg,M0201,338,744,F640,7,18.989399992278777,3,4,0,5,5,3,0.6,0.42857142857142855
M0201/img000338.jpg,M0201,338,744,F1280,17,27.266200006124564,0,17,0,5,5,0,0.0,0.0
M0201/img000338.jpg,M0201,338,744,DensK1,14,36.10250000201631,2,12,0,5,5,2,0.4,0.14285714285714285
M0201/img000338.jpg,M0201,338,744,UnifAll,14,51.92769999848679,2,12,0,5,5,2,0.4,0.14285714285714285
M0201/img000338.jpg,M0201,338,744,SAHI640,15,231.8476000073133,4,11,0,5,5,4,0.8,0.26666666666666666
M0201/img000339.jpg,M0201,339,745,F640,7,20.477199999731965,3,4,0,5,5,3,0.6,0.42857142857142855
M0201/img000339.jpg,M0201,339,745,F1280,13,26.101799987372942,2,11,0,5,5,2,0.4,0.15384615384615385
M0201/img000339.jpg,M0201,339,745,DensK1,14,35.595500012277626,3,11,0,5,5,3,0.6,0.21428571428571427
M0201/img000339.jpg,M0201,339,745,UnifAll,15,49.93310000281781,3,12,0,5,5,3,0.6,0.2
M0201/img000339.jpg,M0201,339,745,SAHI640,14,221.0705999896163,4,10,0,5,5,4,0.8,0.2857142857142857
M0201/img000340.jpg,M0201,340,746,F640,11,17.29840000916738,4,7,0,5,5,4,0.8,0.36363636363636365
M0201/img000340.jpg,M0201,340,746,F1280,18,32.332300004782155,3,15,0,5,5,3,0.6,0.16666666666666666
M0201/img000340.jpg,M0201,340,746,DensK1,15,33.93489999871235,3,12,0,5,5,3,0.6,0.2
M0201/img000340.jpg,M0201,340,746,UnifAll,16,55.29630000819452,3,13,0,5,5,3,0.6,0.1875
M0201/img000340.jpg,M0201,340,746,SAHI640,15,215.6715000019176,4,11,0,5,5,4,0.8,0.26666666666666666
M0201/img000341.jpg,M0201,341,747,F640,9,21.205900004133582,4,5,0,5,5,4,0.8,0.4444444444444444
M0201/img000341.jpg,M0201,341,747,F1280,12,35.45819999999367,3,9,0,5,5,3,0.6,0.25
M0201/img000341.jpg,M0201,341,747,DensK1,17,41.2378000037279,3,14,0,5,5,3,0.6,0.17647058823529413
M0201/img000341.jpg,M0201,341,747,UnifAll,18,60.44309999560937,3,15,0,5,5,3,0.6,0.16666666666666666
M0201/img000341.jpg,M0201,341,747,SAHI640,15,210.48410001094453,4,11,0,5,5,4,0.8,0.26666666666666666
M0201/img000342.jpg,M0201,342,748,F640,10,18.227599997771904,3,7,0,5,5,3,0.6,0.3
M0201/img000342.jpg,M0201,342,748,F1280,10,35.19330000563059,2,8,0,5,5,2,0.4,0.2
M0201/img000342.jpg,M0201,342,748,DensK1,14,40.11000000173226,3,11,0,5,5,3,0.6,0.21428571428571427
M0201/img000342.jpg,M0201,342,748,UnifAll,14,65.7498999935342,3,11,0,5,5,3,0.6,0.21428571428571427
M0201/img000342.jpg,M0201,342,748,SAHI640,14,228.5046000033617,4,10,0,5,5,4,0.8,0.2857142857142857
M0201/img000343.jpg,M0201,343,749,F640,12,15.964499994879588,3,9,0,5,5,3,0.6,0.25
M0201/img000343.jpg,M0201,343,749,F1280,18,25.74720000848174,3,15,0,5,5,3,0.6,0.16666666666666666
M0201/img000343.jpg,M0201,343,749,DensK1,13,32.44219999760389,4,9,0,5,5,4,0.8,0.3076923076923077
M0201/img000343.jpg,M0201,343,749,UnifAll,14,52.786600004765205,4,10,0,5,5,4,0.8,0.2857142857142857
M0201/img000343.jpg,M0201,343,749,SAHI640,17,226.13739999360405,4,13,0,5,5,4,0.8,0.23529411764705882
M0201/img000344.jpg,M0201,344,750,F640,11,17.801499998313375,4,7,0,5,5,4,0.8,0.36363636363636365
M0201/img000344.jpg,M0201,344,750,F1280,16,28.15779999946244,2,14,0,5,5,2,0.4,0.125
M0201/img000344.jpg,M0201,344,750,DensK1,16,40.65569999511354,2,14,0,5,5,2,0.4,0.125
M0201/img000344.jpg,M0201,344,750,UnifAll,16,56.30599999858532,2,14,0,5,5,2,0.4,0.125
M0201/img000344.jpg,M0201,344,750,SAHI640,19,210.63760000106413,4,15,0,5,5,4,0.8,0.21052631578947367
M0201/img000345.jpg,M0201,345,751,F640,8,17.18090000213124,3,5,0,5,5,3,0.6,0.375
M0201/img000345.jpg,M0201,345,751,F1280,14,29.31640000315383,3,11,0,5,5,3,0.6,0.21428571428571427
M0201/img000345.jpg,M0201,345,751,DensK1,14,44.031899989931844,4,10,0,5,5,4,0.8,0.2857142857142857
M0201/img000345.jpg,M0201,345,751,UnifAll,14,62.59220000356436,4,10,0,5,5,4,0.8,0.2857142857142857
M0201/img000345.jpg,M0201,345,751,SAHI640,12,217.31689998705406,4,8,0,5,5,4,0.8,0.3333333333333333
M0201/img000346.jpg,M0201,346,752,F640,10,17.69179999246262,3,7,0,5,5,3,0.6,0.3
M0201/img000346.jpg,M0201,346,752,F1280,17,26.39689999341499,3,14,0,5,5,3,0.6,0.17647058823529413
M0201/img000346.jpg,M0201,346,752,DensK1,16,39.75860000355169,3,13,0,5,5,3,0.6,0.1875
M0201/img000346.jpg,M0201,346,752,UnifAll,17,53.06140000175219,3,14,0,5,5,3,0.6,0.17647058823529413
M0201/img000346.jpg,M0201,346,752,SAHI640,17,396.30310000211466,4,13,0,5,5,4,0.8,0.23529411764705882
M0201/img000347.jpg,M0201,347,753,F640,9,21.406400002888404,3,6,0,5,5,3,0.6,0.3333333333333333
M0201/img000347.jpg,M0201,347,753,F1280,15,29.89190000516828,3,12,0,5,5,3,0.6,0.2
M0201/img000347.jpg,M0201,347,753,DensK1,15,35.78469999774825,3,12,0,5,5,3,0.6,0.2
M0201/img000347.jpg,M0201,347,753,UnifAll,16,72.80519999039825,3,13,0,5,5,3,0.6,0.1875
M0201/img000347.jpg,M0201,347,753,SAHI640,18,213.46709999488667,4,14,0,5,5,4,0.8,0.2222222222222222
M0201/img000348.jpg,M0201,348,754,F640,8,21.109499997692183,3,5,0,5,5,3,0.6,0.375
M0201/img000348.jpg,M0201,348,754,F1280,14,32.32389999902807,3,11,0,5,5,3,0.6,0.21428571428571427
M0201/img000348.jpg,M0201,348,754,DensK1,11,34.96340000128839,3,8,0,5,5,3,0.6,0.2727272727272727
M0201/img000348.jpg,M0201,348,754,UnifAll,13,58.012900000903755,3,10,0,5,5,3,0.6,0.23076923076923078
M0201/img000348.jpg,M0201,348,754,SAHI640,12,220.55750001163688,4,8,0,5,5,4,0.8,0.3333333333333333
M0201/img000349.jpg,M0201,349,755,F640,9,17.324899992672727,3,6,0,5,5,3,0.6,0.3333333333333333
M0201/img000349.jpg,M0201,349,755,F1280,15,26.612300003762357,2,13,0,5,5,2,0.4,0.13333333333333333
M0201/img000349.jpg,M0201,349,755,DensK1,12,43.60639999504201,2,10,0,5,5,2,0.4,0.16666666666666666
M0201/img000349.jpg,M0201,349,755,UnifAll,14,57.43590000201948,2,12,0,5,5,2,0.4,0.14285714285714285
M0201/img000349.jpg,M0201,349,755,SAHI640,18,228.79620001185685,3,15,0,5,5,3,0.6,0.16666666666666666
M0201/img000350.jpg,M0201,350,756,F640,9,19.923500003642403,3,6,0,5,5,3,0.6,0.3333333333333333
M0201/img000350.jpg,M0201,350,756,F1280,14,27.42209999996703,3,11,0,5,5,3,0.6,0.21428571428571427
M0201/img000350.jpg,M0201,350,756,DensK1,13,36.18549999373499,4,9,0,5,5,4,0.8,0.3076923076923077
M0201/img000350.jpg,M0201,350,756,UnifAll,14,60.567799999262206,4,10,0,5,5,4,0.8,0.2857142857142857
M0201/img000350.jpg,M0201,350,756,SAHI640,16,191.47499999962747,4,12,0,5,5,4,0.8,0.25
M0201/img000351.jpg,M0201,351,757,F640,8,20.594399989931844,3,5,0,6,6,3,0.5,0.375
M0201/img000351.jpg,M0201,351,757,F1280,16,29.370300006121397,2,14,0,6,6,2,0.3333333333333333,0.125
M0201/img000351.jpg,M0201,351,757,DensK1,14,40.006900002481416,3,11,0,6,6,3,0.5,0.21428571428571427
M0201/img000351.jpg,M0201,351,757,UnifAll,15,55.26570000802167,4,11,0,6,6,4,0.6666666666666666,0.26666666666666666
M0201/img000351.jpg,M0201,351,757,SAHI640,16,243.25949999911245,4,12,0,6,6,4,0.6666666666666666,0.25
M0201/img000352.jpg,M0201,352,758,F640,7,17.68600000650622,4,3,0,6,6,4,0.6666666666666666,0.5714285714285714
M0201/img000352.jpg,M0201,352,758,F1280,14,23.522199990111403,3,11,0,6,6,3,0.5,0.21428571428571427
M0201/img000352.jpg,M0201,352,758,DensK1,14,38.95129999727942,3,11,0,6,6,3,0.5,0.21428571428571427
M0201/img000352.jpg,M0201,352,758,UnifAll,14,51.76509999728296,3,11,0,6,6,3,0.5,0.21428571428571427
M0201/img000352.jpg,M0201,352,758,SAHI640,16,227.10930000175722,5,11,0,6,6,5,0.8333333333333334,0.3125
M0201/img000353.jpg,M0201,353,759,F640,8,19.595300007495098,3,5,0,6,6,3,0.5,0.375
M0201/img000353.jpg,M0201,353,759,F1280,17,26.711600003181957,2,15,0,6,6,2,0.3333333333333333,0.11764705882352941
M0201/img000353.jpg,M0201,353,759,DensK1,18,36.4763999969,2,16,0,6,6,2,0.3333333333333333,0.1111111111111111
M0201/img000353.jpg,M0201,353,759,UnifAll,21,55.59740000171587,2,19,0,6,6,2,0.3333333333333333,0.09523809523809523
M0201/img000353.jpg,M0201,353,759,SAHI640,19,217.79910000623204,5,14,0,6,6,5,0.8333333333333334,0.2631578947368421
M0201/img000354.jpg,M0201,354,760,F640,8,15.161699993768707,4,4,0,6,6,4,0.6666666666666666,0.5
M0201/img000354.jpg,M0201,354,760,F1280,15,27.022399997804314,2,13,0,6,6,2,0.3333333333333333,0.13333333333333333
M0201/img000354.jpg,M0201,354,760,DensK1,15,40.04000000713859,2,13,0,6,6,2,0.3333333333333333,0.13333333333333333
M0201/img000354.jpg,M0201,354,760,UnifAll,16,46.27449999679811,2,14,0,6,6,2,0.3333333333333333,0.125
M0201/img000354.jpg,M0201,354,760,SAHI640,16,206.4642999903299,5,11,0,6,6,5,0.8333333333333334,0.3125
M0201/img000355.jpg,M0201,355,761,F640,7,16.46660000551492,3,4,0,6,6,3,0.5,0.42857142857142855
M0201/img000355.jpg,M0201,355,761,F1280,16,33.823499994468875,3,13,0,6,6,3,0.5,0.1875
M0201/img000355.jpg,M0201,355,761,DensK1,14,34.08100000524428,3,11,0,6,6,3,0.5,0.21428571428571427
M0201/img000355.jpg,M0201,355,761,UnifAll,14,55.92179999803193,3,11,0,6,6,3,0.5,0.21428571428571427
M0201/img000355.jpg,M0201,355,761,SAHI640,16,205.8197000005748,4,12,0,6,6,4,0.6666666666666666,0.25
M0201/img000356.jpg,M0201,356,762,F640,9,19.47489999292884,4,5,0,6,6,4,0.6666666666666666,0.4444444444444444
M0201/img000356.jpg,M0201,356,762,F1280,20,31.763300008606166,2,18,0,6,6,2,0.3333333333333333,0.1
M0201/img000356.jpg,M0201,356,762,DensK1,21,33.33580000617076,4,17,0,6,6,4,0.6666666666666666,0.19047619047619047
M0201/img000356.jpg,M0201,356,762,UnifAll,22,49.58209999313112,4,18,0,6,6,4,0.6666666666666666,0.18181818181818182
M0201/img000356.jpg,M0201,356,762,SAHI640,19,213.7739000027068,5,14,0,6,6,5,0.8333333333333334,0.2631578947368421
M0201/img000357.jpg,M0201,357,763,F640,9,16.966199997114018,4,5,0,6,6,4,0.6666666666666666,0.4444444444444444
M0201/img000357.jpg,M0201,357,763,F1280,19,29.372400007559918,2,17,0,6,6,2,0.3333333333333333,0.10526315789473684
M0201/img000357.jpg,M0201,357,763,DensK1,18,38.61299999698531,4,14,0,6,6,4,0.6666666666666666,0.2222222222222222
M0201/img000357.jpg,M0201,357,763,UnifAll,20,51.15930001193192,4,16,0,6,6,4,0.6666666666666666,0.2
M0201/img000357.jpg,M0201,357,763,SAHI640,18,243.62500000279397,5,13,0,6,6,5,0.8333333333333334,0.2777777777777778
M0201/img000358.jpg,M0201,358,764,F640,7,17.212200007634237,4,3,0,6,6,4,0.6666666666666666,0.5714285714285714
M0201/img000358.jpg,M0201,358,764,F1280,19,32.94040000764653,3,16,0,6,6,3,0.5,0.15789473684210525
M0201/img000358.jpg,M0201,358,764,DensK1,14,38.55709999334067,3,11,0,6,6,3,0.5,0.21428571428571427
M0201/img000358.jpg,M0201,358,764,UnifAll,16,59.1539000015473,3,13,0,6,6,3,0.5,0.1875
M0201/img000358.jpg,M0201,358,764,SAHI640,17,216.15510000265203,4,13,0,6,6,4,0.6666666666666666,0.23529411764705882
M0201/img000359.jpg,M0201,359,765,F640,7,28.7462999986019,4,3,0,6,6,4,0.6666666666666666,0.5714285714285714
M0201/img000359.jpg,M0201,359,765,F1280,18,31.208499989588745,3,15,0,6,6,3,0.5,0.16666666666666666
M0201/img000359.jpg,M0201,359,765,DensK1,16,45.717100001638755,3,13,0,6,6,3,0.5,0.1875
M0201/img000359.jpg,M0201,359,765,UnifAll,18,60.8700000011595,3,15,0,6,6,3,0.5,0.16666666666666666
M0201/img000359.jpg,M0201,359,765,SAHI640,22,245.97370000265073,5,17,0,6,6,5,0.8333333333333334,0.22727272727272727
M0201/img000360.jpg,M0201,360,766,F640,7,15.977599992766045,4,3,0,6,6,4,0.6666666666666666,0.5714285714285714
M0201/img000360.jpg,M0201,360,766,F1280,22,31.96649999881629,2,20,0,6,6,2,0.3333333333333333,0.09090909090909091
M0201/img000360.jpg,M0201,360,766,DensK1,19,32.44239999912679,2,17,0,6,6,2,0.3333333333333333,0.10526315789473684
M0201/img000360.jpg,M0201,360,766,UnifAll,21,60.24769999203272,2,19,0,6,6,2,0.3333333333333333,0.09523809523809523
M0201/img000360.jpg,M0201,360,766,SAHI640,23,234.6770000003744,5,18,0,6,6,5,0.8333333333333334,0.21739130434782608
M0201/img000361.jpg,M0201,361,767,F640,7,18.58989999163896,4,3,0,7,6,3,0.5,0.5714285714285714
M0201/img000361.jpg,M0201,361,767,F1280,13,24.5065000053728,3,10,0,7,6,2,0.3333333333333333,0.23076923076923078
M0201/img000361.jpg,M0201,361,767,DensK1,18,36.43190000730101,3,15,0,7,6,2,0.3333333333333333,0.16666666666666666
M0201/img000361.jpg,M0201,361,767,UnifAll,20,53.24409999593627,3,17,0,7,6,2,0.3333333333333333,0.15
M0201/img000361.jpg,M0201,361,767,SAHI640,15,214.6169000043301,6,9,0,7,6,5,0.8333333333333334,0.4
M0201/img000362.jpg,M0201,362,768,F640,9,19.419699994614348,4,5,0,7,6,3,0.5,0.4444444444444444
M0201/img000362.jpg,M0201,362,768,F1280,15,40.518999987398274,3,12,0,7,6,2,0.3333333333333333,0.2
M0201/img000362.jpg,M0201,362,768,DensK1,17,46.73239999101497,3,14,0,7,6,2,0.3333333333333333,0.17647058823529413
M0201/img000362.jpg,M0201,362,768,UnifAll,17,68.5420000081649,3,14,0,7,6,2,0.3333333333333333,0.17647058823529413
M0201/img000362.jpg,M0201,362,768,SAHI640,18,226.54719999991357,5,13,0,7,6,4,0.6666666666666666,0.2777777777777778
M0201/img000363.jpg,M0201,363,769,F640,10,26.064099991344847,4,6,0,7,6,3,0.5,0.4
M0201/img000363.jpg,M0201,363,769,F1280,20,35.8492999948794,3,17,0,7,6,2,0.3333333333333333,0.15
M0201/img000363.jpg,M0201,363,769,DensK1,15,45.45309999957681,3,12,0,7,6,2,0.3333333333333333,0.2
M0201/img000363.jpg,M0201,363,769,UnifAll,16,53.49910000222735,3,13,0,7,6,2,0.3333333333333333,0.1875
M0201/img000363.jpg,M0201,363,769,SAHI640,17,213.40919999056496,4,13,0,7,6,3,0.5,0.23529411764705882
M0201/img000364.jpg,M0201,364,770,F640,8,16.872199994395487,3,5,0,7,6,2,0.3333333333333333,0.375
M0201/img000364.jpg,M0201,364,770,F1280,21,30.442600007518195,3,18,0,7,6,2,0.3333333333333333,0.14285714285714285
M0201/img000364.jpg,M0201,364,770,DensK1,16,60.607299994444475,3,13,0,7,6,2,0.3333333333333333,0.1875
M0201/img000364.jpg,M0201,364,770,UnifAll,17,73.13950000389013,3,14,0,7,6,2,0.3333333333333333,0.17647058823529413
M0201/img000364.jpg,M0201,364,770,SAHI640,15,258.99639999261126,5,10,0,7,6,4,0.6666666666666666,0.3333333333333333
M0201/img000365.jpg,M0201,365,771,F640,7,21.260599998640828,2,5,0,7,6,1,0.16666666666666666,0.2857142857142857
M0201/img000365.jpg,M0201,365,771,F1280,22,28.710700004012324,3,19,0,7,6,2,0.3333333333333333,0.13636363636363635
M0201/img000365.jpg,M0201,365,771,DensK1,17,38.20540000742767,3,14,0,7,6,2,0.3333333333333333,0.17647058823529413
M0201/img000365.jpg,M0201,365,771,UnifAll,19,63.345300004584715,3,16,0,7,6,2,0.3333333333333333,0.15789473684210525
M0201/img000365.jpg,M0201,365,771,SAHI640,18,236.00239999359474,4,14,0,7,6,3,0.5,0.2222222222222222
M0201/img000366.jpg,M0201,366,772,F640,8,16.438699996797368,3,5,0,7,6,2,0.3333333333333333,0.375
M0201/img000366.jpg,M0201,366,772,F1280,20,28.04160000232514,3,17,0,7,6,2,0.3333333333333333,0.15
M0201/img000366.jpg,M0201,366,772,DensK1,14,36.36410000035539,3,11,0,7,6,2,0.3333333333333333,0.21428571428571427
M0201/img000366.jpg,M0201,366,772,UnifAll,15,58.61619999632239,3,12,0,7,6,2,0.3333333333333333,0.2
M0201/img000366.jpg,M0201,366,772,SAHI640,14,215.2664999885019,6,8,0,7,6,5,0.8333333333333334,0.42857142857142855
M0201/img000367.jpg,M0201,367,773,F640,6,17.24390000163112,3,3,0,7,6,2,0.3333333333333333,0.5
M0201/img000367.jpg,M0201,367,773,F1280,19,25.800400006119162,3,16,0,7,6,2,0.3333333333333333,0.15789473684210525
M0201/img000367.jpg,M0201,367,773,DensK1,18,37.691100005758926,3,15,0,7,6,2,0.3333333333333333,0.16666666666666666
M0201/img000367.jpg,M0201,367,773,UnifAll,19,59.93580000358634,3,16,0,7,6,2,0.3333333333333333,0.15789473684210525
M0201/img000367.jpg,M0201,367,773,SAHI640,15,206.39890000165906,2,13,0,7,6,1,0.16666666666666666,0.13333333333333333
M0201/img000368.jpg,M0201,368,774,F640,7,15.663100013625808,2,5,0,7,6,1,0.16666666666666666,0.2857142857142857
M0201/img000368.jpg,M0201,368,774,F1280,14,24.520300008589402,3,11,0,7,6,2,0.3333333333333333,0.21428571428571427
M0201/img000368.jpg,M0201,368,774,DensK1,15,34.48860000935383,2,13,0,7,6,1,0.16666666666666666,0.13333333333333333
M0201/img000368.jpg,M0201,368,774,UnifAll,16,58.058700000401586,2,14,0,7,6,1,0.16666666666666666,0.125
M0201/img000368.jpg,M0201,368,774,SAHI640,17,232.23949999373872,5,12,0,7,6,4,0.6666666666666666,0.29411764705882354
M0201/img000369.jpg,M0201,369,775,F640,9,16.797699994640425,3,6,0,7,6,2,0.3333333333333333,0.3333333333333333
M0201/img000369.jpg,M0201,369,775,F1280,18,30.641799996374175,2,16,0,7,6,1,0.16666666666666666,0.1111111111111111
M0201/img000369.jpg,M0201,369,775,DensK1,18,35.836099996231496,3,15,0,7,6,2,0.3333333333333333,0.16666666666666666
M0201/img000369.jpg,M0201,369,775,UnifAll,19,46.675499994307756,3,16,0,7,6,2,0.3333333333333333,0.15789473684210525
M0201/img000369.jpg,M0201,369,775,SAHI640,14,216.57479999703355,6,8,0,7,6,5,0.8333333333333334,0.42857142857142855
M0201/img000370.jpg,M0201,370,776,F640,6,17.56450001266785,3,3,0,7,6,2,0.3333333333333333,0.5
M0201/img000370.jpg,M0201,370,776,F1280,18,29.214199996204115,3,15,0,7,6,2,0.3333333333333333,0.16666666666666666
M0201/img000370.jpg,M0201,370,776,DensK1,15,39.307500002905726,3,12,0,7,6,2,0.3333333333333333,0.2
M0201/img000370.jpg,M0201,370,776,UnifAll,16,58.92670000321232,3,13,0,7,6,2,0.3333333333333333,0.1875
M0201/img000370.jpg,M0201,370,776,SAHI640,14,210.49520000815392,6,8,0,7,6,5,0.8333333333333334,0.42857142857142855
M0201/img000371.jpg,M0201,371,777,F640,8,18.20989999396261,3,5,0,7,6,2,0.3333333333333333,0.375
M0201/img000371.jpg,M0201,371,777,F1280,14,30.669800005853176,3,11,0,7,6,2,0.3333333333333333,0.21428571428571427
M0201/img000371.jpg,M0201,371,777,DensK1,14,33.05739999632351,3,11,0,7,6,2,0.3333333333333333,0.21428571428571427
M0201/img000371.jpg,M0201,371,777,UnifAll,14,49.76460000034422,3,11,0,7,6,2,0.3333333333333333,0.21428571428571427
M0201/img000371.jpg,M0201,371,777,SAHI640,14,225.61370000767056,6,8,0,7,6,5,0.8333333333333334,0.42857142857142855
M0201/img000372.jpg,M0201,372,778,F640,7,19.61519999895245,3,4,0,7,6,2,0.3333333333333333,0.42857142857142855
M0201/img000372.jpg,M0201,372,778,F1280,19,31.681200009188615,3,16,0,7,6,2,0.3333333333333333,0.15789473684210525
M0201/img000372.jpg,M0201,372,778,DensK1,16,33.119200001237914,3,13,0,7,6,2,0.3333333333333333,0.1875
M0201/img000372.jpg,M0201,372,778,UnifAll,17,58.95130000135396,3,14,0,7,6,2,0.3333333333333333,0.17647058823529413
M0201/img000372.jpg,M0201,372,778,SAHI640,15,213.00099999643862,5,10,0,7,6,4,0.6666666666666666,0.3333333333333333
M0201/img000373.jpg,M0201,373,779,F640,8,19.308000002638437,2,6,0,7,6,1,0.16666666666666666,0.25
M0201/img000373.jpg,M0201,373,779,F1280,14,29.765300001599826,3,11,0,7,6,2,0.3333333333333333,0.21428571428571427
M0201/img000373.jpg,M0201,373,779,DensK1,17,38.1350000097882,2,15,0,7,6,1,0.16666666666666666,0.11764705882352941
M0201/img000373.jpg,M0201,373,779,UnifAll,17,54.862899996805936,3,14,0,7,6,2,0.3333333333333333,0.17647058823529413
M0201/img000373.jpg,M0201,373,779,SAHI640,17,191.93040000391193,4,13,0,7,6,3,0.5,0.23529411764705882
M0201/img000374.jpg,M0201,374,780,F640,7,19.945699998061173,3,4,0,7,6,2,0.3333333333333333,0.42857142857142855
M0201/img000374.jpg,M0201,374,780,F1280,16,43.396799999754876,3,13,0,7,6,2,0.3333333333333333,0.1875
M0201/img000374.jpg,M0201,374,780,DensK1,16,32.8804000018863,3,13,0,7,6,2,0.3333333333333333,0.1875
M0201/img000374.jpg,M0201,374,780,UnifAll,18,51.429600003757514,3,15,0,7,6,2,0.3333333333333333,0.16666666666666666
M0201/img000374.jpg,M0201,374,780,SAHI640,15,205.2722999942489,5,10,0,7,6,4,0.6666666666666666,0.3333333333333333
M0201/img000375.jpg,M0201,375,781,F640,8,23.138899996411055,3,5,0,7,6,2,0.3333333333333333,0.375
M0201/img000375.jpg,M0201,375,781,F1280,15,30.21979999903124,2,13,0,7,6,1,0.16666666666666666,0.13333333333333333
M0201/img000375.jpg,M0201,375,781,DensK1,16,47.44840000057593,3,13,0,7,6,2,0.3333333333333333,0.1875
M0201/img000375.jpg,M0201,375,781,UnifAll,16,61.82560000161175,3,13,0,7,6,2,0.3333333333333333,0.1875
M0201/img000375.jpg,M0201,375,781,SAHI640,20,238.76679998647887,6,14,0,7,6,5,0.8333333333333334,0.3
M0201/img000376.jpg,M0201,376,782,F640,8,20.893900000373833,4,4,0,7,6,3,0.5,0.5
M0201/img000376.jpg,M0201,376,782,F1280,14,39.33379999944009,3,11,0,7,6,2,0.3333333333333333,0.21428571428571427
M0201/img000376.jpg,M0201,376,782,DensK1,17,33.823000005213544,3,14,0,7,6,2,0.3333333333333333,0.17647058823529413
M0201/img000376.jpg,M0201,376,782,UnifAll,17,53.583100001560524,3,14,0,7,6,2,0.3333333333333333,0.17647058823529413
M0201/img000376.jpg,M0201,376,782,SAHI640,16,242.14849999407306,6,10,0,7,6,5,0.8333333333333334,0.375
M0201/img000377.jpg,M0201,377,783,F640,10,19.200199996703304,3,7,0,7,6,2,0.3333333333333333,0.3
M0201/img000377.jpg,M0201,377,783,F1280,15,37.509800007683225,3,12,0,7,6,2,0.3333333333333333,0.2
M0201/img000377.jpg,M0201,377,783,DensK1,17,34.768900004564784,3,14,0,7,6,2,0.3333333333333333,0.17647058823529413
M0201/img000377.jpg,M0201,377,783,UnifAll,17,49.61029998958111,3,14,0,7,6,2,0.3333333333333333,0.17647058823529413
M0201/img000377.jpg,M0201,377,783,SAHI640,16,222.60049999749754,4,12,0,7,6,3,0.5,0.25
M0201/img000378.jpg,M0201,378,784,F640,9,23.13509999657981,3,6,0,7,6,2,0.3333333333333333,0.3333333333333333
M0201/img000378.jpg,M0201,378,784,F1280,15,37.2164000000339,3,12,0,7,6,2,0.3333333333333333,0.2
M0201/img000378.jpg,M0201,378,784,DensK1,14,42.147900006966665,3,11,0,7,6,2,0.3333333333333333,0.21428571428571427
M0201/img000378.jpg,M0201,378,784,UnifAll,14,86.72770000703167,3,11,0,7,6,2,0.3333333333333333,0.21428571428571427
M0201/img000378.jpg,M0201,378,784,SAHI640,14,236.3721000001533,4,10,0,7,6,3,0.5,0.2857142857142857
M0201/img000379.jpg,M0201,379,785,F640,8,18.268799991346896,3,5,0,7,6,2,0.3333333333333333,0.375
M0201/img000379.jpg,M0201,379,785,F1280,15,35.39819999423344,2,13,0,7,6,1,0.16666666666666666,0.13333333333333333
M0201/img000379.jpg,M0201,379,785,DensK1,17,36.47809999529272,3,14,0,7,6,2,0.3333333333333333,0.17647058823529413
M0201/img000379.jpg,M0201,379,785,UnifAll,17,45.09169999801088,3,14,0,7,6,2,0.3333333333333333,0.17647058823529413
M0201/img000379.jpg,M0201,379,785,SAHI640,14,207.99019999685697,5,9,0,7,6,4,0.6666666666666666,0.35714285714285715
M0201/img000380.jpg,M0201,380,786,F640,6,19.738400005735457,3,3,0,7,6,2,0.3333333333333333,0.5
M0201/img000380.jpg,M0201,380,786,F1280,18,37.80689999985043,3,15,0,7,6,2,0.3333333333333333,0.16666666666666666
M0201/img000380.jpg,M0201,380,786,DensK1,14,46.09060000802856,3,11,0,7,6,2,0.3333333333333333,0.21428571428571427
M0201/img000380.jpg,M0201,380,786,UnifAll,15,56.31800000264775,3,12,0,7,6,2,0.3333333333333333,0.2
M0201/img000380.jpg,M0201,380,786,SAHI640,18,220.82380000210833,4,14,0,7,6,3,0.5,0.2222222222222222
M0201/img000381.jpg,M0201,381,787,F640,10,17.561500004376285,1,9,0,6,6,1,0.16666666666666666,0.1
M0201/img000381.jpg,M0201,381,787,F1280,20,26.634100009687245,2,18,0,6,6,2,0.3333333333333333,0.1
M0201/img000381.jpg,M0201,381,787,DensK1,17,34.75889998662751,1,16,0,6,6,1,0.16666666666666666,0.058823529411764705
M0201/img000381.jpg,M0201,381,787,UnifAll,18,64.31219998921733,1,17,0,6,6,1,0.16666666666666666,0.05555555555555555
M0201/img000381.jpg,M0201,381,787,SAHI640,21,212.9075999982888,4,17,0,6,6,4,0.6666666666666666,0.19047619047619047
M0201/img000382.jpg,M0201,382,788,F640,9,18.364999996265396,2,7,0,6,6,2,0.3333333333333333,0.2222222222222222
M0201/img000382.jpg,M0201,382,788,F1280,18,38.14650001004338,2,16,0,6,6,2,0.3333333333333333,0.1111111111111111
M0201/img000382.jpg,M0201,382,788,DensK1,18,43.06899999210145,1,17,0,6,6,1,0.16666666666666666,0.05555555555555555
M0201/img000382.jpg,M0201,382,788,UnifAll,19,63.64269999903627,1,18,0,6,6,1,0.16666666666666666,0.05263157894736842
M0201/img000382.jpg,M0201,382,788,SAHI640,13,218.11289999459404,4,9,0,6,6,4,0.6666666666666666,0.3076923076923077
M0201/img000383.jpg,M0201,383,789,F640,7,30.139900001813658,1,6,0,6,6,1,0.16666666666666666,0.14285714285714285
M0201/img000383.jpg,M0201,383,789,F1280,18,34.166400000685826,3,15,0,6,6,3,0.5,0.16666666666666666
M0201/img000383.jpg,M0201,383,789,DensK1,18,31.17220000422094,3,15,0,6,6,3,0.5,0.16666666666666666
M0201/img000383.jpg,M0201,383,789,UnifAll,18,42.88010000891518,3,15,0,6,6,3,0.5,0.16666666666666666
M0201/img000383.jpg,M0201,383,789,SAHI640,18,205.33770001202356,4,14,0,6,6,4,0.6666666666666666,0.2222222222222222
M0201/img000384.jpg,M0201,384,790,F640,11,18.8722000020789,2,9,0,6,6,2,0.3333333333333333,0.18181818181818182
M0201/img000384.jpg,M0201,384,790,F1280,17,31.767199994646944,3,14,0,6,6,3,0.5,0.17647058823529413
M0201/img000384.jpg,M0201,384,790,DensK1,20,35.74540000408888,3,17,0,6,6,3,0.5,0.15
M0201/img000384.jpg,M0201,384,790,UnifAll,21,44.502300006570294,3,18,0,6,6,3,0.5,0.14285714285714285
M0201/img000384.jpg,M0201,384,790,SAHI640,21,224.24039999896195,5,16,0,6,6,5,0.8333333333333334,0.23809523809523808
M0201/img000385.jpg,M0201,385,791,F640,8,15.858500002650544,2,6,0,6,6,2,0.3333333333333333,0.25
M0201/img000385.jpg,M0201,385,791,F1280,15,39.27700000349432,2,13,0,6,6,2,0.3333333333333333,0.13333333333333333
M0201/img000385.jpg,M0201,385,791,DensK1,15,29.133799995179288,3,12,0,6,6,3,0.5,0.2
M0201/img000385.jpg,M0201,385,791,UnifAll,15,53.638500001397915,3,12,0,6,6,3,0.5,0.2
M0201/img000385.jpg,M0201,385,791,SAHI640,15,197.9566999943927,3,12,0,6,6,3,0.5,0.2
M0201/img000386.jpg,M0201,386,792,F640,9,20.320499999797903,2,7,0,6,6,2,0.3333333333333333,0.2222222222222222
M0201/img000386.jpg,M0201,386,792,F1280,17,30.30189999844879,1,16,0,6,6,1,0.16666666666666666,0.058823529411764705
M0201/img000386.jpg,M0201,386,792,DensK1,15,33.38540000549983,1,14,0,6,6,1,0.16666666666666666,0.06666666666666667
M0201/img000386.jpg,M0201,386,792,UnifAll,16,45.064299993100576,1,15,0,6,6,1,0.16666666666666666,0.0625
M0201/img000386.jpg,M0201,386,792,SAHI640,17,212.58720000332687,3,14,0,6,6,3,0.5,0.17647058823529413
M0201/img000387.jpg,M0201,387,793,F640,8,24.425200012046844,4,4,0,6,6,4,0.6666666666666666,0.5
M0201/img000387.jpg,M0201,387,793,F1280,18,38.8983000011649,2,16,0,6,6,2,0.3333333333333333,0.1111111111111111
M0201/img000387.jpg,M0201,387,793,DensK1,15,34.617099998285994,3,12,0,6,6,3,0.5,0.2
M0201/img000387.jpg,M0201,387,793,UnifAll,16,44.371700001647696,3,13,0,6,6,3,0.5,0.1875
M0201/img000387.jpg,M0201,387,793,SAHI640,19,369.040399993537,5,14,0,6,6,5,0.8333333333333334,0.2631578947368421
M0201/img000388.jpg,M0201,388,794,F640,7,18.37350000278093,2,5,0,6,6,2,0.3333333333333333,0.2857142857142857
M0201/img000388.jpg,M0201,388,794,F1280,18,33.61339999537449,3,15,0,6,6,3,0.5,0.16666666666666666
M0201/img000388.jpg,M0201,388,794,DensK1,16,39.5215000025928,1,15,0,6,6,1,0.16666666666666666,0.0625
M0201/img000388.jpg,M0201,388,794,UnifAll,18,43.760100001236424,1,17,0,6,6,1,0.16666666666666666,0.05555555555555555
M0201/img000388.jpg,M0201,388,794,SAHI640,15,207.88340001308825,3,12,0,6,6,3,0.5,0.2
M0201/img000389.jpg,M0201,389,795,F640,9,17.598099992028438,2,7,0,6,6,2,0.3333333333333333,0.2222222222222222
M0201/img000389.jpg,M0201,389,795,F1280,18,32.63190000143368,1,17,0,6,6,1,0.16666666666666666,0.05555555555555555
M0201/img000389.jpg,M0201,389,795,DensK1,14,44.04629999771714,1,13,0,6,6,1,0.16666666666666666,0.07142857142857142
M0201/img000389.jpg,M0201,389,795,UnifAll,15,43.35950000677258,1,14,0,6,6,1,0.16666666666666666,0.06666666666666667
M0201/img000389.jpg,M0201,389,795,SAHI640,15,200.9535999968648,5,10,0,6,6,5,0.8333333333333334,0.3333333333333333
M0201/img000390.jpg,M0201,390,796,F640,9,20.019200004753657,3,6,0,6,5,2,0.4,0.3333333333333333
M0201/img000390.jpg,M0201,390,796,F1280,15,35.42869999364484,2,13,0,6,5,1,0.2,0.13333333333333333
M0201/img000390.jpg,M0201,390,796,DensK1,15,40.273799997521564,3,12,0,6,5,2,0.4,0.2
M0201/img000390.jpg,M0201,390,796,UnifAll,16,48.9534999942407,2,14,0,6,5,1,0.2,0.125
M0201/img000390.jpg,M0201,390,796,SAHI640,14,212.85409999836702,5,9,0,6,5,4,0.8,0.35714285714285715
M0201/img000391.jpg,M0201,391,797,F640,5,15.098300005774945,2,3,0,6,5,1,0.2,0.4
M0201/img000391.jpg,M0201,391,797,F1280,17,37.39610000047833,2,15,0,6,5,1,0.2,0.11764705882352941
M0201/img000391.jpg,M0201,391,797,DensK1,14,33.64569999394007,2,12,0,6,5,1,0.2,0.14285714285714285
M0201/img000391.jpg,M0201,391,797,UnifAll,14,43.61290000088047,2,12,0,6,5,1,0.2,0.14285714285714285
M0201/img000391.jpg,M0201,391,797,SAHI640,12,206.8242000095779,3,9,0,6,5,2,0.4,0.25
M0201/img000392.jpg,M0201,392,798,F640,13,22.056300003896467,3,10,0,7,6,2,0.3333333333333333,0.23076923076923078
M0201/img000392.jpg,M0201,392,798,F1280,16,31.605699987267144,4,12,0,7,6,3,0.5,0.25
M0201/img000392.jpg,M0201,392,798,DensK1,18,33.8357000000542,2,16,0,7,6,1,0.16666666666666666,0.1111111111111111
M0201/img000392.jpg,M0201,392,798,UnifAll,18,54.89290000696201,3,15,0,7,6,2,0.3333333333333333,0.16666666666666666
M0201/img000392.jpg,M0201,392,798,SAHI640,20,198.16249998984858,4,16,0,7,6,3,0.5,0.2
M0201/img000393.jpg,M0201,393,799,F640,9,23.41689998866059,3,6,0,7,6,2,0.3333333333333333,0.3333333333333333
M0201/img000393.jpg,M0201,393,799,F1280,15,33.742800005711615,3,12,0,7,6,2,0.3333333333333333,0.2
M0201/img000393.jpg,M0201,393,799,DensK1,12,36.80040000472218,3,9,0,7,6,2,0.3333333333333333,0.25
M0201/img000393.jpg,M0201,393,799,UnifAll,13,47.58579999906942,3,10,0,7,6,2,0.3333333333333333,0.23076923076923078
M0201/img000393.jpg,M0201,393,799,SAHI640,12,195.10570001148153,6,6,0,7,6,5,0.8333333333333334,0.5
M0201/img000394.jpg,M0201,394,800,F640,9,22.273199996561743,3,6,0,7,6,2,0.3333333333333333,0.3333333333333333
M0201/img000394.jpg,M0201,394,800,F1280,18,35.25749999971595,3,15,0,7,6,2,0.3333333333333333,0.16666666666666666
M0201/img000394.jpg,M0201,394,800,DensK1,16,31.319599991547875,3,13,0,7,6,2,0.3333333333333333,0.1875
M0201/img000394.jpg,M0201,394,800,UnifAll,17,49.2147000040859,3,14,0,7,6,2,0.3333333333333333,0.17647058823529413
M0201/img000394.jpg,M0201,394,800,SAHI640,14,213.9686000009533,4,10,0,7,6,3,0.5,0.2857142857142857
M0201/img000395.jpg,M0201,395,801,F640,8,20.84530000865925,3,5,0,7,6,2,0.3333333333333333,0.375
M0201/img000395.jpg,M0201,395,801,F1280,17,30.668599996715784,3,14,0,7,6,2,0.3333333333333333,0.17647058823529413
M0201/img000395.jpg,M0201,395,801,DensK1,16,38.52940000069793,2,14,0,7,6,2,0.3333333333333333,0.125
M0201/img000395.jpg,M0201,395,801,UnifAll,16,82.37460000964347,3,13,0,7,6,2,0.3333333333333333,0.1875
M0201/img000395.jpg,M0201,395,801,SAHI640,18,230.82489999069367,6,12,0,7,6,5,0.8333333333333334,0.3333333333333333
M0201/img000396.jpg,M0201,396,802,F640,9,20.390199992107227,3,6,0,7,6,2,0.3333333333333333,0.3333333333333333
M0201/img000396.jpg,M0201,396,802,F1280,15,37.250400011544116,3,12,0,7,6,2,0.3333333333333333,0.2
M0201/img000396.jpg,M0201,396,802,DensK1,16,49.71510000177659,3,13,0,7,6,2,0.3333333333333333,0.1875
M0201/img000396.jpg,M0201,396,802,UnifAll,16,45.63419999612961,3,13,0,7,6,2,0.3333333333333333,0.1875
M0201/img000396.jpg,M0201,396,802,SAHI640,15,225.16299999551848,5,10,0,7,6,4,0.6666666666666666,0.3333333333333333
M0201/img000397.jpg,M0201,397,803,F640,7,18.520099998568185,4,3,0,7,6,3,0.5,0.5714285714285714
M0201/img000397.jpg,M0201,397,803,F1280,16,35.62690000399016,2,14,0,7,6,1,0.16666666666666666,0.125
M0201/img000397.jpg,M0201,397,803,DensK1,12,34.62029999354854,3,9,0,7,6,2,0.3333333333333333,0.25
M0201/img000397.jpg,M0201,397,803,UnifAll,12,45.538599995779805,3,9,0,7,6,2,0.3333333333333333,0.25
M0201/img000397.jpg,M0201,397,803,SAHI640,15,213.15119999053422,6,9,0,7,6,5,0.8333333333333334,0.4
M0201/img000398.jpg,M0201,398,804,F640,7,20.138799998676404,2,5,0,7,6,1,0.16666666666666666,0.2857142857142857
M0201/img000398.jpg,M0201,398,804,F1280,16,36.51689999969676,3,13,0,7,6,2,0.3333333333333333,0.1875
M0201/img000398.jpg,M0201,398,804,DensK1,16,37.09530000924133,3,13,0,7,6,2,0.3333333333333333,0.1875
M0201/img000398.jpg,M0201,398,804,UnifAll,15,47.096700000111014,3,12,0,7,6,2,0.3333333333333333,0.2
M0201/img000398.jpg,M0201,398,804,SAHI640,16,201.94810000248253,6,10,0,7,6,5,0.8333333333333334,0.375
M0201/img000399.jpg,M0201,399,805,F640,8,19.888700000592507,3,5,0,7,6,2,0.3333333333333333,0.375
M0201/img000399.jpg,M0201,399,805,F1280,18,40.99730000598356,2,16,0,7,6,1,0.16666666666666666,0.1111111111111111
M0201/img000399.jpg,M0201,399,805,DensK1,17,32.51750000345055,3,14,0,7,6,2,0.3333333333333333,0.17647058823529413
M0201/img000399.jpg,M0201,399,805,UnifAll,18,45.598800003062934,3,15,0,7,6,2,0.3333333333333333,0.16666666666666666
M0201/img000399.jpg,M0201,399,805,SAHI640,15,195.75719999556895,5,10,0,7,6,4,0.6666666666666666,0.3333333333333333
M0201/img000400.jpg,M0201,400,806,F640,12,23.731599998427555,4,8,0,7,6,3,0.5,0.3333333333333333
M0201/img000400.jpg,M0201,400,806,F1280,17,38.506100012455136,3,14,0,7,6,2,0.3333333333333333,0.17647058823529413
M0201/img000400.jpg,M0201,400,806,DensK1,19,37.36780000326689,3,16,0,7,6,2,0.3333333333333333,0.15789473684210525
M0201/img000400.jpg,M0201,400,806,UnifAll,19,49.14460000873078,3,16,0,7,6,2,0.3333333333333333,0.15789473684210525
M0201/img000400.jpg,M0201,400,806,SAHI640,17,237.06300000776537,6,11,0,7,6,5,0.8333333333333334,0.35294117647058826
M0201/img000401.jpg,M0201,401,807,F640,6,19.742000004043803,2,4,0,8,7,1,0.14285714285714285,0.3333333333333333
M0201/img000401.jpg,M0201,401,807,F1280,15,38.977099990006536,3,12,0,8,7,2,0.2857142857142857,0.2
M0201/img000401.jpg,M0201,401,807,DensK1,11,31.639600012567826,3,8,0,8,7,2,0.2857142857142857,0.2727272727272727
M0201/img000401.jpg,M0201,401,807,UnifAll,14,57.582599998568185,4,10,0,8,7,3,0.42857142857142855,0.2857142857142857
M0201/img000401.jpg,M0201,401,807,SAHI640,15,236.5429000055883,4,11,0,8,7,3,0.42857142857142855,0.26666666666666666
M0201/img000402.jpg,M0201,402,808,F640,8,18.332999999984168,3,5,0,8,7,2,0.2857142857142857,0.375
M0201/img000402.jpg,M0201,402,808,F1280,20,35.35330000158865,3,17,0,8,7,2,0.2857142857142857,0.15
M0201/img000402.jpg,M0201,402,808,DensK1,13,46.96539998985827,4,9,0,8,7,3,0.42857142857142855,0.3076923076923077
M0201/img000402.jpg,M0201,402,808,UnifAll,16,86.9613999966532,5,11,0,8,7,4,0.5714285714285714,0.3125
M0201/img000402.jpg,M0201,402,808,SAHI640,15,224.53999999561347,7,8,0,8,7,6,0.8571428571428571,0.4666666666666667
M0201/img000403.jpg,M0201,403,809,F640,9,19.580199994379655,5,4,0,8,7,4,0.5714285714285714,0.5555555555555556
M0201/img000403.jpg,M0201,403,809,F1280,19,35.357100001419894,4,15,0,8,7,3,0.42857142857142855,0.21052631578947367
M0201/img000403.jpg,M0201,403,809,DensK1,16,44.16919998766389,5,11,0,8,7,4,0.5714285714285714,0.3125
M0201/img000403.jpg,M0201,403,809,UnifAll,16,56.295899994438514,5,11,0,8,7,4,0.5714285714285714,0.3125
M0201/img000403.jpg,M0201,403,809,SAHI640,13,216.56649999204092,5,8,0,8,7,4,0.5714285714285714,0.38461538461538464
M0201/img000404.jpg,M0201,404,810,F640,9,20.38170000014361,5,4,0,8,7,4,0.5714285714285714,0.5555555555555556
M0201/img000404.jpg,M0201,404,810,F1280,15,36.13180000684224,4,11,0,8,7,3,0.42857142857142855,0.26666666666666666
M0201/img000404.jpg,M0201,404,810,DensK1,12,29.730500013101846,4,8,0,8,7,3,0.42857142857142855,0.3333333333333333
M0201/img000404.jpg,M0201,404,810,UnifAll,14,53.36219999298919,4,10,0,8,7,3,0.42857142857142855,0.2857142857142857
M0201/img000404.jpg,M0201,404,810,SAHI640,15,215.67000000504777,6,9,0,8,7,5,0.7142857142857143,0.4
M0201/img000405.jpg,M0201,405,811,F640,6,27.39810000639409,3,3,0,8,7,2,0.2857142857142857,0.5
M0201/img000405.jpg,M0201,405,811,F1280,18,39.12359999958426,4,14,0,8,7,3,0.42857142857142855,0.2222222222222222
M0201/img000405.jpg,M0201,405,811,DensK1,14,39.049899991368875,3,11,0,8,7,2,0.2857142857142857,0.21428571428571427
M0201/img000405.jpg,M0201,405,811,UnifAll,19,51.299200000357814,4,15,0,8,7,3,0.42857142857142855,0.21052631578947367
M0201/img000405.jpg,M0201,405,811,SAHI640,17,249.54249999427702,5,12,0,8,7,4,0.5714285714285714,0.29411764705882354
M0201/img000406.jpg,M0201,406,812,F640,9,22.45499999844469,3,6,0,7,7,3,0.42857142857142855,0.3333333333333333
M0201/img000406.jpg,M0201,406,812,F1280,17,40.139600008842535,3,14,0,7,7,3,0.42857142857142855,0.17647058823529413
M0201/img000406.jpg,M0201,406,812,DensK1,14,36.79830000328366,4,10,0,7,7,4,0.5714285714285714,0.2857142857142857
M0201/img000406.jpg,M0201,406,812,UnifAll,15,56.83339999814052,4,11,0,7,7,4,0.5714285714285714,0.26666666666666666
M0201/img000406.jpg,M0201,406,812,SAHI640,13,270.51529999880586,6,7,0,7,7,6,0.8571428571428571,0.46153846153846156
M0201/img000407.jpg,M0201,407,813,F640,12,17.822599998908117,5,7,0,7,7,5,0.7142857142857143,0.4166666666666667
M0201/img000407.jpg,M0201,407,813,F1280,15,32.932300004176795,2,13,0,7,7,2,0.2857142857142857,0.13333333333333333
M0201/img000407.jpg,M0201,407,813,DensK1,15,47.89429999073036,4,11,0,7,7,4,0.5714285714285714,0.26666666666666666
M0201/img000407.jpg,M0201,407,813,UnifAll,15,72.4703000014415,4,11,0,7,7,4,0.5714285714285714,0.26666666666666666
M0201/img000407.jpg,M0201,407,813,SAHI640,12,265.81710000755265,5,7,0,7,7,5,0.7142857142857143,0.4166666666666667
M0201/img000408.jpg,M0201,408,814,F640,10,22.224300002562813,4,6,0,7,7,4,0.5714285714285714,0.4
M0201/img000408.jpg,M0201,408,814,F1280,18,39.95320000103675,2,16,0,7,7,2,0.2857142857142857,0.1111111111111111
M0201/img000408.jpg,M0201,408,814,DensK1,13,47.297299999627285,3,10,0,7,7,3,0.42857142857142855,0.23076923076923078
M0201/img000408.jpg,M0201,408,814,UnifAll,15,52.56789999839384,4,11,0,7,7,4,0.5714285714285714,0.26666666666666666
M0201/img000408.jpg,M0201,408,814,SAHI640,14,237.32929999823682,6,8,0,7,7,6,0.8571428571428571,0.42857142857142855
M0201/img000409.jpg,M0201,409,815,F640,7,20.346999997855164,2,5,0,7,7,2,0.2857142857142857,0.2857142857142857
M0201/img000409.jpg,M0201,409,815,F1280,14,26.09169999777805,2,12,0,7,7,2,0.2857142857142857,0.14285714285714285
M0201/img000409.jpg,M0201,409,815,DensK1,12,42.33880000538193,2,10,0,7,7,2,0.2857142857142857,0.16666666666666666
M0201/img000409.jpg,M0201,409,815,UnifAll,13,54.010300009394996,2,11,0,7,7,2,0.2857142857142857,0.15384615384615385
M0201/img000409.jpg,M0201,409,815,SAHI640,13,197.66980000713374,4,9,0,7,7,4,0.5714285714285714,0.3076923076923077
M0201/img000410.jpg,M0201,410,816,F640,7,21.203700001933612,1,6,0,7,7,1,0.14285714285714285,0.14285714285714285
M0201/img000410.jpg,M0201,410,816,F1280,15,27.86550000018906,2,13,0,7,7,2,0.2857142857142857,0.13333333333333333
M0201/img000410.jpg,M0201,410,816,DensK1,14,39.86540000187233,2,12,0,7,7,2,0.2857142857142857,0.14285714285714285
M0201/img000410.jpg,M0201,410,816,UnifAll,14,59.17940000654198,2,12,0,7,7,2,0.2857142857142857,0.14285714285714285
M0201/img000410.jpg,M0201,410,816,SAHI640,13,199.5442999905208,4,9,0,7,7,4,0.5714285714285714,0.3076923076923077
M0201/img000411.jpg,M0201,411,817,F640,8,20.85070000612177,3,5,0,7,7,3,0.42857142857142855,0.375
M0201/img000411.jpg,M0201,411,817,F1280,15,27.80499999062158,1,14,0,7,7,1,0.14285714285714285,0.06666666666666667
M0201/img000411.jpg,M0201,411,817,DensK1,13,41.968600009568036,3,10,0,7,7,3,0.42857142857142855,0.23076923076923078
M0201/img000411.jpg,M0201,411,817,UnifAll,13,73.61370000580791,3,10,0,7,7,3,0.42857142857142855,0.23076923076923078
M0201/img000411.jpg,M0201,411,817,SAHI640,17,204.9955999973463,6,11,0,7,7,6,0.8571428571428571,0.35294117647058826
M0201/img000412.jpg,M0201,412,818,F640,8,22.591799992369488,1,7,0,7,7,1,0.14285714285714285,0.125
M0201/img000412.jpg,M0201,412,818,F1280,11,30.65020000212826,2,9,0,7,7,2,0.2857142857142857,0.18181818181818182
M0201/img000412.jpg,M0201,412,818,DensK1,11,35.159199993358925,2,9,0,7,7,2,0.2857142857142857,0.18181818181818182
M0201/img000412.jpg,M0201,412,818,UnifAll,11,52.811200002906844,2,9,0,7,7,2,0.2857142857142857,0.18181818181818182
M0201/img000412.jpg,M0201,412,818,SAHI640,12,199.38669999828562,5,7,0,7,7,5,0.7142857142857143,0.4166666666666667
M0201/img000413.jpg,M0201,413,819,F640,8,15.829199997824617,1,7,0,7,7,1,0.14285714285714285,0.125
M0201/img000413.jpg,M0201,413,819,F1280,13,23.324599998886697,2,11,0,7,7,2,0.2857142857142857,0.15384615384615385
M0201/img000413.jpg,M0201,413,819,DensK1,12,36.01070000149775,2,10,0,7,7,2,0.2857142857142857,0.16666666666666666
M0201/img000413.jpg,M0201,413,819,UnifAll,12,45.114199994714,2,10,0,7,7,2,0.2857142857142857,0.16666666666666666
M0201/img000413.jpg,M0201,413,819,SAHI640,14,203.6041999963345,6,8,0,7,7,6,0.8571428571428571,0.42857142857142855
M0201/img000414.jpg,M0201,414,820,F640,6,17.535899998620152,0,6,0,7,7,0,0.0,0.0
M0201/img000414.jpg,M0201,414,820,F1280,16,24.108400000841357,2,14,0,7,7,2,0.2857142857142857,0.125
M0201/img000414.jpg,M0201,414,820,DensK1,14,33.7227999989409,2,12,0,7,7,2,0.2857142857142857,0.14285714285714285
M0201/img000414.jpg,M0201,414,820,UnifAll,14,54.87750000611413,2,12,0,7,7,2,0.2857142857142857,0.14285714285714285
M0201/img000414.jpg,M0201,414,820,SAHI640,15,204.89309998811223,6,9,0,7,7,6,0.8571428571428571,0.4
M0201/img000415.jpg,M0201,415,821,F640,7,16.829100000904873,3,4,0,7,7,3,0.42857142857142855,0.42857142857142855
M0201/img000415.jpg,M0201,415,821,F1280,14,37.93279999808874,2,12,0,7,7,2,0.2857142857142857,0.14285714285714285
M0201/img000415.jpg,M0201,415,821,DensK1,17,36.518499997328036,3,14,0,7,7,3,0.42857142857142855,0.17647058823529413
M0201/img000415.jpg,M0201,415,821,UnifAll,17,57.62029999459628,3,14,0,7,7,3,0.42857142857142855,0.17647058823529413
M0201/img000415.jpg,M0201,415,821,SAHI640,14,185.1792000088608,5,9,0,7,7,5,0.7142857142857143,0.35714285714285715
M0201/img000416.jpg,M0201,416,822,F640,5,17.14269998774398,2,3,0,7,7,2,0.2857142857142857,0.4
M0201/img000416.jpg,M0201,416,822,F1280,14,34.64260000328068,3,11,0,7,7,3,0.42857142857142855,0.21428571428571427
M0201/img000416.jpg,M0201,416,822,DensK1,12,33.52660000382457,3,9,0,7,7,3,0.42857142857142855,0.25
M0201/img000416.jpg,M0201,416,822,UnifAll,12,62.522100008209236,3,9,0,7,7,3,0.42857142857142855,0.25
M0201/img000416.jpg,M0201,416,822,SAHI640,11,217.00499999860767,3,8,0,7,7,3,0.42857142857142855,0.2727272727272727
M0201/img000417.jpg,M0201,417,823,F640,6,16.412299999501556,2,4,0,7,7,2,0.2857142857142857,0.3333333333333333
M0201/img000417.jpg,M0201,417,823,F1280,15,34.81209999881685,2,13,0,7,7,2,0.2857142857142857,0.13333333333333333
M0201/img000417.jpg,M0201,417,823,DensK1,17,36.80919999897014,2,15,0,7,7,2,0.2857142857142857,0.11764705882352941
M0201/img000417.jpg,M0201,417,823,UnifAll,17,48.029800003860146,2,15,0,7,7,2,0.2857142857142857,0.11764705882352941
M0201/img000417.jpg,M0201,417,823,SAHI640,15,217.90589999000076,4,11,0,7,7,4,0.5714285714285714,0.26666666666666666
M0201/img000418.jpg,M0201,418,824,F640,5,14.89890000084415,0,5,0,7,7,0,0.0,0.0
M0201/img000418.jpg,M0201,418,824,F1280,15,29.152400005841628,4,11,0,7,7,4,0.5714285714285714,0.26666666666666666
M0201/img000418.jpg,M0201,418,824,DensK1,15,36.22689998883288,3,12,0,7,7,3,0.42857142857142855,0.2
M0201/img000418.jpg,M0201,418,824,UnifAll,15,45.49990000668913,4,11,0,7,7,4,0.5714285714285714,0.26666666666666666
M0201/img000418.jpg,M0201,418,824,SAHI640,11,205.16050000151154,6,5,0,7,7,6,0.8571428571428571,0.5454545454545454
M0201/img000419.jpg,M0201,419,825,F640,5,17.680799996014684,2,3,0,7,7,2,0.2857142857142857,0.4
M0201/img000419.jpg,M0201,419,825,F1280,15,35.85410000232514,2,13,0,7,7,2,0.2857142857142857,0.13333333333333333
M0201/img000419.jpg,M0201,419,825,DensK1,15,40.24800000479445,2,13,0,7,7,2,0.2857142857142857,0.13333333333333333
M0201/img000419.jpg,M0201,419,825,UnifAll,16,49.290000009932555,2,14,0,7,7,2,0.2857142857142857,0.125
M0201/img000419.jpg,M0201,419,825,SAHI640,14,217.48350000416394,4,10,0,7,7,4,0.5714285714285714,0.2857142857142857
M0201/img000420.jpg,M0201,420,826,F640,6,15.75599999341648,1,5,0,7,7,1,0.14285714285714285,0.16666666666666666
M0201/img000420.jpg,M0201,420,826,F1280,17,39.5138999883784,2,15,0,7,7,2,0.2857142857142857,0.11764705882352941
M0201/img000420.jpg,M0201,420,826,DensK1,10,43.333300010999665,1,9,0,7,7,1,0.14285714285714285,0.1
M0201/img000420.jpg,M0201,420,826,UnifAll,14,60.05189999996219,3,11,0,7,7,3,0.42857142857142855,0.21428571428571427
M0201/img000420.jpg,M0201,420,826,SAHI640,13,206.61349999136291,4,9,0,7,7,4,0.5714285714285714,0.3076923076923077
M0201/img000421.jpg,M0201,421,827,F640,8,17.516599997179583,3,5,0,7,7,3,0.42857142857142855,0.375
M0201/img000421.jpg,M0201,421,827,F1280,14,31.241699995007366,2,12,0,7,7,2,0.2857142857142857,0.14285714285714285
M0201/img000421.jpg,M0201,421,827,DensK1,13,43.926400001510046,3,10,0,7,7,3,0.42857142857142855,0.23076923076923078
M0201/img000421.jpg,M0201,421,827,UnifAll,13,51.31950000941288,3,10,0,7,7,3,0.42857142857142855,0.23076923076923078
M0201/img000421.jpg,M0201,421,827,SAHI640,13,211.91509999334812,4,9,0,7,7,4,0.5714285714285714,0.3076923076923077
M0201/img000422.jpg,M0201,422,828,F640,6,15.623800005414523,1,5,0,5,5,1,0.2,0.16666666666666666
M0201/img000422.jpg,M0201,422,828,F1280,14,35.499899997375906,3,11,0,5,5,3,0.6,0.21428571428571427
M0201/img000422.jpg,M0201,422,828,DensK1,15,31.646699993871152,3,12,0,5,5,3,0.6,0.2
M0201/img000422.jpg,M0201,422,828,UnifAll,15,58.48270001297351,3,12,0,5,5,3,0.6,0.2
M0201/img000422.jpg,M0201,422,828,SAHI640,13,218.05539999331813,2,11,0,5,5,2,0.4,0.15384615384615385
M0201/img000423.jpg,M0201,423,829,F640,8,15.85019999765791,2,6,0,5,5,2,0.4,0.25
M0201/img000423.jpg,M0201,423,829,F1280,13,39.60709999955725,2,11,0,5,5,2,0.4,0.15384615384615385
M0201/img000423.jpg,M0201,423,829,DensK1,13,32.267799993860535,1,12,0,5,5,1,0.2,0.07692307692307693
M0201/img000423.jpg,M0201,423,829,UnifAll,13,45.62390000501182,1,12,0,5,5,1,0.2,0.07692307692307693
M0201/img000423.jpg,M0201,423,829,SAHI640,10,376.719799998682,2,8,0,5,5,2,0.4,0.2
M0201/img000424.jpg,M0201,424,830,F640,10,18.2451000000583,3,7,0,5,5,3,0.6,0.3
M0201/img000424.jpg,M0201,424,830,F1280,16,29.436500000883825,2,14,0,5,5,2,0.4,0.125
M0201/img000424.jpg,M0201,424,830,DensK1,12,35.13639999437146,2,10,0,5,5,2,0.4,0.16666666666666666
M0201/img000424.jpg,M0201,424,830,UnifAll,12,64.38369999523275,2,10,0,5,5,2,0.4,0.16666666666666666
M0201/img000424.jpg,M0201,424,830,SAHI640,13,201.1478999920655,2,11,0,5,5,2,0.4,0.15384615384615385
M0201/img000425.jpg,M0201,425,831,F640,6,18.607299993163906,1,5,0,5,5,1,0.2,0.16666666666666666
M0201/img000425.jpg,M0201,425,831,F1280,11,23.70330000121612,1,10,0,5,5,1,0.2,0.09090909090909091
M0201/img000425.jpg,M0201,425,831,DensK1,12,35.98409998812713,2,10,0,5,5,2,0.4,0.16666666666666666
M0201/img000425.jpg,M0201,425,831,UnifAll,13,50.638200002140366,2,11,0,5,5,2,0.4,0.15384615384615385
M0201/img000425.jpg,M0201,425,831,SAHI640,12,223.36890001315624,1,11,0,5,5,1,0.2,0.08333333333333333
M0201/img000426.jpg,M0201,426,832,F640,10,15.887899993686005,1,9,0,5,5,1,0.2,0.1
M0201/img000426.jpg,M0201,426,832,F1280,16,33.98180000658613,3,13,0,5,5,3,0.6,0.1875
M0201/img000426.jpg,M0201,426,832,DensK1,17,35.98790000251029,1,16,0,5,5,1,0.2,0.058823529411764705
M0201/img000426.jpg,M0201,426,832,UnifAll,17,46.087700000498444,1,16,0,5,5,1,0.2,0.058823529411764705
M0201/img000426.jpg,M0201,426,832,SAHI640,15,199.5757999975467,2,13,0,5,5,2,0.4,0.13333333333333333
M0201/img000427.jpg,M0201,427,833,F640,8,18.262900004629046,1,7,0,5,5,1,0.2,0.125
M0201/img000427.jpg,M0201,427,833,F1280,12,33.300600000075065,1,11,0,5,5,1,0.2,0.08333333333333333
M0201/img000427.jpg,M0201,427,833,DensK1,13,31.33360001083929,2,11,0,5,5,2,0.4,0.15384615384615385
M0201/img000427.jpg,M0201,427,833,UnifAll,13,54.52839999634307,2,11,0,5,5,2,0.4,0.15384615384615385
M0201/img000427.jpg,M0201,427,833,SAHI640,10,193.2773000007728,2,8,0,5,5,2,0.4,0.2
M0201/img000428.jpg,M0201,428,834,F640,9,14.4880000007106,1,8,0,5,5,1,0.2,0.1111111111111111
M0201/img000428.jpg,M0201,428,834,F1280,13,33.601399991312064,3,10,0,5,5,3,0.6,0.23076923076923078
M0201/img000428.jpg,M0201,428,834,DensK1,13,40.26950000843499,1,12,0,5,5,1,0.2,0.07692307692307693
M0201/img000428.jpg,M0201,428,834,UnifAll,13,44.89380000450183,1,12,0,5,5,1,0.2,0.07692307692307693
M0201/img000428.jpg,M0201,428,834,SAHI640,13,205.22610000625718,2,11,0,5,5,2,0.4,0.15384615384615385
M0201/img000429.jpg,M0201,429,835,F640,8,25.9756000014022,1,7,0,5,5,1,0.2,0.125
M0201/img000429.jpg,M0201,429,835,F1280,12,28.3346999931382,2,10,0,5,5,2,0.4,0.16666666666666666
M0201/img000429.jpg,M0201,429,835,DensK1,14,41.422499998589046,2,12,0,5,5,2,0.4,0.14285714285714285
M0201/img000429.jpg,M0201,429,835,UnifAll,14,44.707500012009405,2,12,0,5,5,2,0.4,0.14285714285714285
M0201/img000429.jpg,M0201,429,835,SAHI640,13,216.0723999986658,2,11,0,5,5,2,0.4,0.15384615384615385
M0201/img000430.jpg,M0201,430,836,F640,8,15.737299996544607,2,6,0,5,5,2,0.4,0.25
M0201/img000430.jpg,M0201,430,836,F1280,15,37.98320000350941,3,12,0,5,5,3,0.6,0.2
M0201/img000430.jpg,M0201,430,836,DensK1,13,37.53570000117179,2,11,0,5,5,2,0.4,0.15384615384615385
M0201/img000430.jpg,M0201,430,836,UnifAll,13,42.67690000415314,2,11,0,5,5,2,0.4,0.15384615384615385
M0201/img000430.jpg,M0201,430,836,SAHI640,12,223.3230999991065,1,11,0,5,5,1,0.2,0.08333333333333333
M0201/img000431.jpg,M0201,431,837,F640,8,18.318899994483218,1,7,0,5,5,1,0.2,0.125
M0201/img000431.jpg,M0201,431,837,F1280,15,39.43540000182111,2,13,0,5,5,2,0.4,0.13333333333333333
M0201/img000431.jpg,M0201,431,837,DensK1,13,55.607800008147024,2,11,0,5,5,2,0.4,0.15384615384615385
M0201/img000431.jpg,M0201,431,837,UnifAll,13,58.19569999584928,2,11,0,5,5,2,0.4,0.15384615384615385
M0201/img000431.jpg,M0201,431,837,SAHI640,14,201.8755000026431,2,12,0,5,5,2,0.4,0.14285714285714285
M0201/img000432.jpg,M0201,432,838,F640,7,16.523199999937788,1,6,0,5,5,1,0.2,0.14285714285714285
M0201/img000432.jpg,M0201,432,838,F1280,10,29.789200008963235,2,8,0,5,5,2,0.4,0.2
M0201/img000432.jpg,M0201,432,838,DensK1,12,35.84240000054706,1,11,0,5,5,1,0.2,0.08333333333333333
M0201/img000432.jpg,M0201,432,838,UnifAll,12,48.7215000030119,1,11,0,5,5,1,0.2,0.08333333333333333
M0201/img000432.jpg,M0201,432,838,SAHI640,11,206.80039998842403,3,8,0,5,5,3,0.6,0.2727272727272727
M0201/img000433.jpg,M0201,433,839,F640,8,16.389699987485074,1,7,0,5,5,1,0.2,0.125
M0201/img000433.jpg,M0201,433,839,F1280,14,39.291199995204806,2,12,0,5,5,2,0.4,0.14285714285714285
M0201/img000433.jpg,M0201,433,839,DensK1,14,35.77230000519194,2,12,0,5,5,2,0.4,0.14285714285714285
M0201/img000433.jpg,M0201,433,839,UnifAll,14,63.541700001223944,2,12,0,5,5,2,0.4,0.14285714285714285
M0201/img000433.jpg,M0201,433,839,SAHI640,14,213.26290001161397,3,11,0,5,5,3,0.6,0.21428571428571427
M0201/img000434.jpg,M0201,434,840,F640,6,20.802200000616722,2,4,0,5,5,2,0.4,0.3333333333333333
M0201/img000434.jpg,M0201,434,840,F1280,14,34.94409999984782,2,12,0,5,5,2,0.4,0.14285714285714285
M0201/img000434.jpg,M0201,434,840,DensK1,12,52.15489999682177,2,10,0,5,5,2,0.4,0.16666666666666666
M0201/img000434.jpg,M0201,434,840,UnifAll,12,58.414400002220646,1,11,0,5,5,1,0.2,0.08333333333333333
M0201/img000434.jpg,M0201,434,840,SAHI640,12,227.40629999316297,4,8,0,5,5,4,0.8,0.3333333333333333
M0201/img000435.jpg,M0201,435,841,F640,8,17.714799992972985,1,7,0,5,5,1,0.2,0.125
M0201/img000435.jpg,M0201,435,841,F1280,17,24.35190000687726,2,15,0,5,5,2,0.4,0.11764705882352941
M0201/img000435.jpg,M0201,435,841,DensK1,15,42.82760000205599,3,12,0,5,5,3,0.6,0.2
M0201/img000435.jpg,M0201,435,841,UnifAll,15,44.46630000893492,2,13,0,5,5,2,0.4,0.13333333333333333
M0201/img000435.jpg,M0201,435,841,SAHI640,15,203.97180000145454,5,10,0,5,5,5,1.0,0.3333333333333333
M0201/img000436.jpg,M0201,436,842,F640,8,20.08139999816194,2,6,0,5,5,2,0.4,0.25
M0201/img000436.jpg,M0201,436,842,F1280,16,25.373800002853386,2,14,0,5,5,2,0.4,0.125
M0201/img000436.jpg,M0201,436,842,DensK1,14,40.7608999958029,2,12,0,5,5,2,0.4,0.14285714285714285
M0201/img000436.jpg,M0201,436,842,UnifAll,14,57.19870000029914,2,12,0,5,5,2,0.4,0.14285714285714285
M0201/img000436.jpg,M0201,436,842,SAHI640,16,209.15249999961816,4,12,0,5,5,4,0.8,0.25
M0201/img000437.jpg,M0201,437,843,F640,10,15.933899994706735,1,9,0,5,5,1,0.2,0.1
M0201/img000437.jpg,M0201,437,843,F1280,13,31.954899997799657,2,11,0,5,5,2,0.4,0.15384615384615385
M0201/img000437.jpg,M0201,437,843,DensK1,14,32.85150000010617,2,12,0,5,5,2,0.4,0.14285714285714285
M0201/img000437.jpg,M0201,437,843,UnifAll,14,52.73690000467468,2,12,0,5,5,2,0.4,0.14285714285714285
M0201/img000437.jpg,M0201,437,843,SAHI640,14,204.79480001085903,2,12,0,5,5,2,0.4,0.14285714285714285
M0201/img000438.jpg,M0201,438,844,F640,10,23.22249999269843,4,6,0,5,5,4,0.8,0.4
M0201/img000438.jpg,M0201,438,844,F1280,13,27.791000000433996,2,11,0,5,5,2,0.4,0.15384615384615385
M0201/img000438.jpg,M0201,438,844,DensK1,14,37.52659999008756,2,12,0,5,5,2,0.4,0.14285714285714285
M0201/img000438.jpg,M0201,438,844,UnifAll,14,69.98270000622142,2,12,0,5,5,2,0.4,0.14285714285714285
M0201/img000438.jpg,M0201,438,844,SAHI640,14,227.6784999994561,4,10,0,5,5,4,0.8,0.2857142857142857
M0201/img000439.jpg,M0201,439,845,F640,8,17.119500000262633,4,4,0,5,5,4,0.8,0.5
M0201/img000439.jpg,M0201,439,845,F1280,15,33.82360000978224,2,13,0,5,5,2,0.4,0.13333333333333333
M0201/img000439.jpg,M0201,439,845,DensK1,15,36.52529999089893,4,11,0,5,5,4,0.8,0.26666666666666666
M0201/img000439.jpg,M0201,439,845,UnifAll,15,45.66660001000855,4,11,0,5,5,4,0.8,0.26666666666666666
M0201/img000439.jpg,M0201,439,845,SAHI640,12,230.90660000161733,4,8,0,5,5,4,0.8,0.3333333333333333
M0201/img000440.jpg,M0201,440,846,F640,8,16.908399993553758,3,5,0,5,5,3,0.6,0.375
M0201/img000440.jpg,M0201,440,846,F1280,16,34.35790000366978,2,14,0,5,5,2,0.4,0.125
M0201/img000440.jpg,M0201,440,846,DensK1,15,38.766199999372475,3,12,0,5,5,3,0.6,0.2
M0201/img000440.jpg,M0201,440,846,UnifAll,15,56.55040001147427,3,12,0,5,5,3,0.6,0.2
M0201/img000440.jpg,M0201,440,846,SAHI640,13,221.46430000429973,4,9,0,5,5,4,0.8,0.3076923076923077
M0201/img000441.jpg,M0201,441,847,F640,11,17.485600008512847,3,8,0,4,4,3,0.75,0.2727272727272727
M0201/img000441.jpg,M0201,441,847,F1280,15,31.544299999950454,3,12,0,4,4,3,0.75,0.2
M0201/img000441.jpg,M0201,441,847,DensK1,13,32.8865999908885,3,10,0,4,4,3,0.75,0.23076923076923078
M0201/img000441.jpg,M0201,441,847,UnifAll,13,56.6666999948211,3,10,0,4,4,3,0.75,0.23076923076923078
M0201/img000441.jpg,M0201,441,847,SAHI640,12,204.83689999673516,3,9,0,4,4,3,0.75,0.25
M0201/img000442.jpg,M0201,442,848,F640,11,20.53629999863915,4,7,0,4,4,4,1.0,0.36363636363636365
M0201/img000442.jpg,M0201,442,848,F1280,13,34.79549998883158,3,10,0,4,4,3,0.75,0.23076923076923078
M0201/img000442.jpg,M0201,442,848,DensK1,14,35.335399996256456,4,10,0,4,4,4,1.0,0.2857142857142857
M0201/img000442.jpg,M0201,442,848,UnifAll,14,40.64900000230409,3,11,0,4,4,3,0.75,0.21428571428571427
M0201/img000442.jpg,M0201,442,848,SAHI640,15,209.27220000885427,3,12,0,4,4,3,0.75,0.2
M0201/img000443.jpg,M0201,443,849,F640,11,16.261799988569692,4,7,0,4,4,4,1.0,0.36363636363636365
M0201/img000443.jpg,M0201,443,849,F1280,13,39.212900010170415,3,10,0,4,4,3,0.75,0.23076923076923078
M0201/img000443.jpg,M0201,443,849,DensK1,15,36.177599991788156,3,12,0,4,4,3,0.75,0.2
M0201/img000443.jpg,M0201,443,849,UnifAll,15,59.213899992755614,3,12,0,4,4,3,0.75,0.2
M0201/img000443.jpg,M0201,443,849,SAHI640,15,229.72659999504685,2,13,0,4,4,2,0.5,0.13333333333333333
M0201/img000444.jpg,M0201,444,850,F640,8,15.553999997791834,4,4,0,4,4,4,1.0,0.5
M0201/img000444.jpg,M0201,444,850,F1280,16,34.40640000917483,3,13,0,4,4,3,0.75,0.1875
M0201/img000444.jpg,M0201,444,850,DensK1,13,39.985700001125224,3,10,0,4,4,3,0.75,0.23076923076923078
M0201/img000444.jpg,M0201,444,850,UnifAll,14,50.52170000271872,3,11,0,4,4,3,0.75,0.21428571428571427
M0201/img000444.jpg,M0201,444,850,SAHI640,14,205.34929999848828,2,12,0,4,4,2,0.5,0.14285714285714285
M0201/img000445.jpg,M0201,445,851,F640,9,17.034500007866882,3,6,0,4,4,3,0.75,0.3333333333333333
M0201/img000445.jpg,M0201,445,851,F1280,13,33.153299998957664,3,10,0,4,4,3,0.75,0.23076923076923078
M0201/img000445.jpg,M0201,445,851,DensK1,13,38.38640000321902,2,11,0,4,4,2,0.5,0.15384615384615385
M0201/img000445.jpg,M0201,445,851,UnifAll,13,51.46909999893978,2,11,0,4,4,2,0.5,0.15384615384615385
M0201/img000445.jpg,M0201,445,851,SAHI640,14,219.36859999550506,2,12,0,4,4,2,0.5,0.14285714285714285
M0201/img000446.jpg,M0201,446,852,F640,8,19.334800002980046,1,7,0,4,4,1,0.25,0.125
M0201/img000446.jpg,M0201,446,852,F1280,16,33.33879999991041,1,15,0,4,4,1,0.25,0.0625
M0201/img000446.jpg,M0201,446,852,DensK1,13,37.411900004372,2,11,0,4,4,2,0.5,0.15384615384615385
M0201/img000446.jpg,M0201,446,852,UnifAll,13,52.00650000188034,2,11,0,4,4,2,0.5,0.15384615384615385
M0201/img000446.jpg,M0201,446,852,SAHI640,12,222.17760000785347,1,11,0,4,4,1,0.25,0.08333333333333333
M0201/img000447.jpg,M0201,447,853,F640,11,16.780100006144494,2,9,0,4,4,2,0.5,0.18181818181818182
M0201/img000447.jpg,M0201,447,853,F1280,14,30.079999996814877,2,12,0,4,4,2,0.5,0.14285714285714285
M0201/img000447.jpg,M0201,447,853,DensK1,14,33.191599999554455,2,12,0,4,4,2,0.5,0.14285714285714285
M0201/img000447.jpg,M0201,447,853,UnifAll,14,53.561599997919984,2,12,0,4,4,2,0.5,0.14285714285714285
M0201/img000447.jpg,M0201,447,853,SAHI640,14,216.7689999914728,2,12,0,4,4,2,0.5,0.14285714285714285
M0201/img000448.jpg,M0201,448,854,F640,11,15.245400005369447,3,8,0,4,4,3,0.75,0.2727272727272727
M0201/img000448.jpg,M0201,448,854,F1280,15,33.972400007769465,2,13,0,4,4,2,0.5,0.13333333333333333
M0201/img000448.jpg,M0201,448,854,DensK1,13,32.415399997262284,3,10,0,4,4,3,0.75,0.23076923076923078
M0201/img000448.jpg,M0201,448,854,UnifAll,13,48.21550000633579,3,10,0,4,4,3,0.75,0.23076923076923078
M0201/img000448.jpg,M0201,448,854,SAHI640,14,222.61250000155997,2,12,0,4,4,2,0.5,0.14285714285714285
M0201/img000449.jpg,M0201,449,855,F640,9,20.438999999896623,3,6,0,4,4,3,0.75,0.3333333333333333
M0201/img000449.jpg,M0201,449,855,F1280,16,30.082500001299195,2,14,0,4,4,2,0.5,0.125
M0201/img000449.jpg,M0201,449,855,DensK1,13,45.89789999590721,3,10,0,4,4,3,0.75,0.23076923076923078
M0201/img000449.jpg,M0201,449,855,UnifAll,13,53.55730000883341,3,10,0,4,4,3,0.75,0.23076923076923078
M0201/img000449.jpg,M0201,449,855,SAHI640,14,217.00180000334512,3,11,0,4,4,3,0.75,0.21428571428571427
M0201/img000450.jpg,M0201,450,856,F640,9,18.112800011294894,1,8,0,4,4,1,0.25,0.1111111111111111
M0201/img000450.jpg,M0201,450,856,F1280,14,30.065700004342943,1,13,0,4,4,1,0.25,0.07142857142857142
M0201/img000450.jpg,M0201,450,856,DensK1,16,37.2359999892069,2,14,0,4,4,2,0.5,0.125
M0201/img000450.jpg,M0201,450,856,UnifAll,16,60.990900004981086,2,14,0,4,4,2,0.5,0.125
M0201/img000450.jpg,M0201,450,856,SAHI640,12,204.29819999844767,3,9,0,4,4,3,0.75,0.25
M0201/img000451.jpg,M0201,451,857,F640,9,26.823399995919317,3,6,0,4,4,3,0.75,0.3333333333333333
M0201/img000451.jpg,M0201,451,857,F1280,15,33.96110000903718,2,13,0,4,4,2,0.5,0.13333333333333333
M0201/img000451.jpg,M0201,451,857,DensK1,13,32.60049999516923,3,10,0,4,4,3,0.75,0.23076923076923078
M0201/img000451.jpg,M0201,451,857,UnifAll,13,46.892800004570745,3,10,0,4,4,3,0.75,0.23076923076923078
M0201/img000451.jpg,M0201,451,857,SAHI640,13,197.8411000018241,3,10,0,4,4,3,0.75,0.23076923076923078
M0201/img000452.jpg,M0201,452,858,F640,11,17.673999987891875,1,10,0,4,4,1,0.25,0.09090909090909091
M0201/img000452.jpg,M0201,452,858,F1280,15,25.753400012035854,3,12,0,4,4,3,0.75,0.2
M0201/img000452.jpg,M0201,452,858,DensK1,14,42.46389999752864,3,11,0,4,4,3,0.75,0.21428571428571427
M0201/img000452.jpg,M0201,452,858,UnifAll,14,48.482400001375936,3,11,0,4,4,3,0.75,0.21428571428571427
M0201/img000452.jpg,M0201,452,858,SAHI640,16,208.5025999986101,2,14,0,4,4,2,0.5,0.125
M0201/img000453.jpg,M0201,453,859,F640,10,21.682799997506663,3,7,0,4,4,3,0.75,0.3
M0201/img000453.jpg,M0201,453,859,F1280,15,28.575300006195903,2,13,0,4,4,2,0.5,0.13333333333333333
M0201/img000453.jpg,M0201,453,859,DensK1,14,37.76389999256935,3,11,0,4,4,3,0.75,0.21428571428571427
M0201/img000453.jpg,M0201,453,859,UnifAll,14,45.82729999674484,3,11,0,4,4,3,0.75,0.21428571428571427
M0201/img000453.jpg,M0201,453,859,SAHI640,15,230.08520000439603,2,13,0,4,4,2,0.5,0.13333333333333333
M0201/img000454.jpg,M0201,454,860,F640,9,20.432600009371527,2,7,0,4,4,2,0.5,0.2222222222222222
M0201/img000454.jpg,M0201,454,860,F1280,15,27.71999999822583,2,13,0,4,4,2,0.5,0.13333333333333333
M0201/img000454.jpg,M0201,454,860,DensK1,15,42.04839999147225,3,12,0,4,4,3,0.75,0.2
M0201/img000454.jpg,M0201,454,860,UnifAll,15,59.74959999730345,3,12,0,4,4,3,0.75,0.2
M0201/img000454.jpg,M0201,454,860,SAHI640,15,238.54449999635108,2,13,0,4,4,2,0.5,0.13333333333333333
M0201/img000455.jpg,M0201,455,861,F640,11,18.825600011041388,3,8,0,4,4,3,0.75,0.2727272727272727
M0201/img000455.jpg,M0201,455,861,F1280,16,26.85629999905359,3,13,0,4,4,3,0.75,0.1875
M0201/img000455.jpg,M0201,455,861,DensK1,14,43.02779999852646,3,11,0,4,4,3,0.75,0.21428571428571427
M0201/img000455.jpg,M0201,455,861,UnifAll,14,64.63330000406131,3,11,0,4,4,3,0.75,0.21428571428571427
M0201/img000455.jpg,M0201,455,861,SAHI640,13,205.03339999413583,2,11,0,4,4,2,0.5,0.15384615384615385
M0201/img000456.jpg,M0201,456,862,F640,10,16.20600000023842,3,7,0,4,4,3,0.75,0.3
M0201/img000456.jpg,M0201,456,862,F1280,14,27.358799998182803,3,11,0,4,4,3,0.75,0.21428571428571427
M0201/img000456.jpg,M0201,456,862,DensK1,14,33.07119999954011,1,13,0,4,4,1,0.25,0.07142857142857142
M0201/img000456.jpg,M0201,456,862,UnifAll,14,49.155200002132915,1,13,0,4,4,1,0.25,0.07142857142857142
M0201/img000456.jpg,M0201,456,862,SAHI640,14,228.8344000116922,3,11,0,4,4,3,0.75,0.21428571428571427
M0201/img000457.jpg,M0201,457,863,F640,12,23.72990000003483,3,9,0,4,4,3,0.75,0.25
M0201/img000457.jpg,M0201,457,863,F1280,15,25.427100001252256,3,12,0,4,4,3,0.75,0.2
M0201/img000457.jpg,M0201,457,863,DensK1,14,36.15379999973811,3,11,0,4,4,3,0.75,0.21428571428571427
M0201/img000457.jpg,M0201,457,863,UnifAll,14,59.21959999250248,3,11,0,4,4,3,0.75,0.21428571428571427
M0201/img000457.jpg,M0201,457,863,SAHI640,13,188.67560000217054,2,11,0,4,4,2,0.5,0.15384615384615385
M0201/img000458.jpg,M0201,458,864,F640,9,23.138400007155724,3,6,0,4,4,3,0.75,0.3333333333333333
M0201/img000458.jpg,M0201,458,864,F1280,15,27.146700012963265,3,12,0,4,4,3,0.75,0.2
M0201/img000458.jpg,M0201,458,864,DensK1,14,41.905099991708994,3,11,0,4,4,3,0.75,0.21428571428571427
M0201/img000458.jpg,M0201,458,864,UnifAll,14,65.32680000236724,3,11,0,4,4,3,0.75,0.21428571428571427
M0201/img000458.jpg,M0201,458,864,SAHI640,12,203.09989999805111,3,9,0,4,4,3,0.75,0.25
M0201/img000459.jpg,M0201,459,865,F640,6,14.767799992114305,2,4,0,4,4,2,0.5,0.3333333333333333
M0201/img000459.jpg,M0201,459,865,F1280,15,37.34219999751076,3,12,0,4,4,3,0.75,0.2
M0201/img000459.jpg,M0201,459,865,DensK1,14,33.025499986251816,3,11,0,4,4,3,0.75,0.21428571428571427
M0201/img000459.jpg,M0201,459,865,UnifAll,14,53.48249999224208,3,11,0,4,4,3,0.75,0.21428571428571427
M0201/img000459.jpg,M0201,459,865,SAHI640,13,224.75219999614637,3,10,0,4,4,3,0.75,0.23076923076923078
M0201/img000460.jpg,M0201,460,866,F640,11,17.91279998724349,3,8,0,4,4,3,0.75,0.2727272727272727
M0201/img000460.jpg,M0201,460,866,F1280,14,33.490800007712096,3,11,0,4,4,3,0.75,0.21428571428571427
M0201/img000460.jpg,M0201,460,866,DensK1,13,39.896799993584864,3,10,0,4,4,3,0.75,0.23076923076923078
M0201/img000460.jpg,M0201,460,866,UnifAll,13,58.89640000532381,3,10,0,4,4,3,0.75,0.23076923076923078
M0201/img000460.jpg,M0201,460,866,SAHI640,11,212.9447000043001,3,8,0,4,4,3,0.75,0.2727272727272727
M0201/img000461.jpg,M0201,461,867,F640,11,22.84390000568237,3,8,0,4,4,3,0.75,0.2727272727272727
M0201/img000461.jpg,M0201,461,867,F1280,16,35.97910000826232,3,13,0,4,4,3,0.75,0.1875
M0201/img000461.jpg,M0201,461,867,DensK1,14,30.35640000598505,3,11,0,4,4,3,0.75,0.21428571428571427
M0201/img000461.jpg,M0201,461,867,UnifAll,14,44.92200000095181,3,11,0,4,4,3,0.75,0.21428571428571427
M0201/img000461.jpg,M0201,461,867,SAHI640,15,384.2404000024544,2,13,0,4,4,2,0.5,0.13333333333333333
M0201/img000462.jpg,M0201,462,868,F640,9,22.040399999241345,2,7,0,4,4,2,0.5,0.2222222222222222
M0201/img000462.jpg,M0201,462,868,F1280,11,28.590599991730414,3,8,0,4,4,3,0.75,0.2727272727272727
M0201/img000462.jpg,M0201,462,868,DensK1,15,39.38360000029206,3,12,0,4,4,3,0.75,0.2
M0201/img000462.jpg,M0201,462,868,UnifAll,15,66.8691999890143,3,12,0,4,4,3,0.75,0.2
M0201/img000462.jpg,M0201,462,868,SAHI640,13,202.36370000930037,3,10,0,4,4,3,0.75,0.23076923076923078
M0201/img000463.jpg,M0201,463,869,F640,12,18.07869999902323,3,9,0,4,4,3,0.75,0.25
M0201/img000463.jpg,M0201,463,869,F1280,13,26.850499998545274,3,10,0,4,4,3,0.75,0.23076923076923078
M0201/img000463.jpg,M0201,463,869,DensK1,17,35.75160000764299,3,14,0,4,4,3,0.75,0.17647058823529413
M0201/img000463.jpg,M0201,463,869,UnifAll,17,52.4645999976201,3,14,0,4,4,3,0.75,0.17647058823529413
M0201/img000463.jpg,M0201,463,869,SAHI640,15,230.30110000399873,3,12,0,4,4,3,0.75,0.2
M0201/img000464.jpg,M0201,464,870,F640,13,16.362399997888133,3,10,0,4,4,3,0.75,0.23076923076923078
M0201/img000464.jpg,M0201,464,870,F1280,16,26.200099993729964,3,13,0,4,4,3,0.75,0.1875
M0201/img000464.jpg,M0201,464,870,DensK1,17,34.331000002566725,3,14,0,4,4,3,0.75,0.17647058823529413
M0201/img000464.jpg,M0201,464,870,UnifAll,17,54.868099992745556,3,14,0,4,4,3,0.75,0.17647058823529413
M0201/img000464.jpg,M0201,464,870,SAHI640,17,212.94730000954587,3,14,0,4,4,3,0.75,0.17647058823529413
M0201/img000465.jpg,M0201,465,871,F640,14,16.898100002435967,3,11,0,4,4,3,0.75,0.21428571428571427
M0201/img000465.jpg,M0201,465,871,F1280,15,27.507099992362782,3,12,0,4,4,3,0.75,0.2
M0201/img000465.jpg,M0201,465,871,DensK1,17,35.784400010015815,3,14,0,4,4,3,0.75,0.17647058823529413
M0201/img000465.jpg,M0201,465,871,UnifAll,17,52.45410000497941,3,14,0,4,4,3,0.75,0.17647058823529413
M0201/img000465.jpg,M0201,465,871,SAHI640,17,211.22810000088066,3,14,0,4,4,3,0.75,0.17647058823529413
M0201/img000466.jpg,M0201,466,872,F640,11,18.94549999269657,3,8,0,4,4,3,0.75,0.2727272727272727
M0201/img000466.jpg,M0201,466,872,F1280,15,31.0827000066638,3,12,0,4,4,3,0.75,0.2
M0201/img000466.jpg,M0201,466,872,DensK1,14,30.382199998712167,3,11,0,4,4,3,0.75,0.21428571428571427
M0201/img000466.jpg,M0201,466,872,UnifAll,15,50.662800000282004,3,12,0,4,4,3,0.75,0.2
M0201/img000466.jpg,M0201,466,872,SAHI640,13,218.2712000067113,3,10,0,4,4,3,0.75,0.23076923076923078
M0201/img000467.jpg,M0201,467,873,F640,15,28.676100002485327,3,12,0,4,4,3,0.75,0.2
M0201/img000467.jpg,M0201,467,873,F1280,16,35.74329998809844,3,13,0,4,4,3,0.75,0.1875
M0201/img000467.jpg,M0201,467,873,DensK1,16,43.194699988816865,3,13,0,4,4,3,0.75,0.1875
M0201/img000467.jpg,M0201,467,873,UnifAll,17,46.16620000160765,3,14,0,4,4,3,0.75,0.17647058823529413
M0201/img000467.jpg,M0201,467,873,SAHI640,16,237.1348000015132,3,13,0,4,4,3,0.75,0.1875
M0201/img000468.jpg,M0201,468,874,F640,11,16.2543999904301,3,8,0,4,4,3,0.75,0.2727272727272727
M0201/img000468.jpg,M0201,468,874,F1280,14,28.2436000125017,3,11,0,4,4,3,0.75,0.21428571428571427
M0201/img000468.jpg,M0201,468,874,DensK1,14,42.155300005106255,3,11,0,4,4,3,0.75,0.21428571428571427
M0201/img000468.jpg,M0201,468,874,UnifAll,14,52.98239999683574,3,11,0,4,4,3,0.75,0.21428571428571427
M0201/img000468.jpg,M0201,468,874,SAHI640,13,215.39349999511614,3,10,0,4,4,3,0.75,0.23076923076923078
M0201/img000469.jpg,M0201,469,875,F640,8,17.22229999722913,3,5,0,4,4,3,0.75,0.375
M0201/img000469.jpg,M0201,469,875,F1280,14,27.11799999815412,3,11,0,4,4,3,0.75,0.21428571428571427
M0201/img000469.jpg,M0201,469,875,DensK1,16,39.693699989584275,3,13,0,4,4,3,0.75,0.1875
M0201/img000469.jpg,M0201,469,875,UnifAll,16,58.39380000543315,3,13,0,4,4,3,0.75,0.1875
M0201/img000469.jpg,M0201,469,875,SAHI640,15,208.4893999999622,3,12,0,4,4,3,0.75,0.2
M0201/img000470.jpg,M0201,470,876,F640,13,21.74609999929089,3,10,0,4,4,3,0.75,0.23076923076923078
M0201/img000470.jpg,M0201,470,876,F1280,16,27.263999989372678,3,13,0,4,4,3,0.75,0.1875
M0201/img000470.jpg,M0201,470,876,DensK1,15,45.771900011459365,3,12,0,4,4,3,0.75,0.2
M0201/img000470.jpg,M0201,470,876,UnifAll,15,56.400700006634,3,12,0,4,4,3,0.75,0.2
M0201/img000470.jpg,M0201,470,876,SAHI640,13,227.50380000798032,3,10,0,4,4,3,0.75,0.23076923076923078
M0201/img000471.jpg,M0201,471,877,F640,11,21.97659999364987,3,8,0,4,4,3,0.75,0.2727272727272727
M0201/img000471.jpg,M0201,471,877,F1280,14,28.18459999980405,3,11,0,4,4,3,0.75,0.21428571428571427
M0201/img000471.jpg,M0201,471,877,DensK1,16,42.38509999413509,3,13,0,4,4,3,0.75,0.1875
M0201/img000471.jpg,M0201,471,877,UnifAll,16,62.38250000751577,3,13,0,4,4,3,0.75,0.1875
M0201/img000471.jpg,M0201,471,877,SAHI640,16,194.8875000089174,3,13,0,4,4,3,0.75,0.1875
M0201/img000472.jpg,M0201,472,878,F640,11,23.254300002008677,3,8,0,4,4,3,0.75,0.2727272727272727
M0201/img000472.jpg,M0201,472,878,F1280,15,25.96679999260232,3,12,0,4,4,3,0.75,0.2
M0201/img000472.jpg,M0201,472,878,DensK1,14,36.02379999938421,3,11,0,4,4,3,0.75,0.21428571428571427
M0201/img000472.jpg,M0201,472,878,UnifAll,14,51.62389999895822,3,11,0,4,4,3,0.75,0.21428571428571427
M0201/img000472.jpg,M0201,472,878,SAHI640,15,241.92840000614524,3,12,0,4,4,3,0.75,0.2
M0201/img000473.jpg,M0201,473,879,F640,11,19.20149999205023,3,8,0,4,4,3,0.75,0.2727272727272727
M0201/img000473.jpg,M0201,473,879,F1280,14,27.353000012226403,3,11,0,4,4,3,0.75,0.21428571428571427
M0201/img000473.jpg,M0201,473,879,DensK1,14,49.51690000598319,3,11,0,4,4,3,0.75,0.21428571428571427
M0201/img000473.jpg,M0201,473,879,UnifAll,14,52.21439999877475,3,11,0,4,4,3,0.75,0.21428571428571427
M0201/img000473.jpg,M0201,473,879,SAHI640,13,203.75509999576025,3,10,0,4,4,3,0.75,0.23076923076923078
M0201/img000474.jpg,M0201,474,880,F640,11,14.994100012700073,3,8,0,4,4,3,0.75,0.2727272727272727
M0201/img000474.jpg,M0201,474,880,F1280,15,32.07299999485258,3,12,0,4,4,3,0.75,0.2
M0201/img000474.jpg,M0201,474,880,DensK1,14,30.49010000540875,3,11,0,4,4,3,0.75,0.21428571428571427
M0201/img000474.jpg,M0201,474,880,UnifAll,15,68.08270000328775,3,12,0,4,4,3,0.75,0.2
M0201/img000474.jpg,M0201,474,880,SAHI640,15,243.82439999317285,2,13,0,4,4,2,0.5,0.13333333333333333
M0201/img000475.jpg,M0201,475,881,F640,9,20.608699996955693,3,6,0,4,4,3,0.75,0.3333333333333333
M0201/img000475.jpg,M0201,475,881,F1280,14,32.75870000652503,3,11,0,4,4,3,0.75,0.21428571428571427
M0201/img000475.jpg,M0201,475,881,DensK1,13,32.62449998874217,3,10,0,4,4,3,0.75,0.23076923076923078
M0201/img000475.jpg,M0201,475,881,UnifAll,14,63.76200000522658,3,11,0,4,4,3,0.75,0.21428571428571427
M0201/img000475.jpg,M0201,475,881,SAHI640,16,254.72630000149366,3,13,0,4,4,3,0.75,0.1875
M0201/img000476.jpg,M0201,476,882,F640,8,21.79240000259597,2,6,0,4,4,2,0.5,0.25
M0201/img000476.jpg,M0201,476,882,F1280,15,38.19859999930486,3,12,0,4,4,3,0.75,0.2
M0201/img000476.jpg,M0201,476,882,DensK1,13,40.96899999422021,3,10,0,4,4,3,0.75,0.23076923076923078
M0201/img000476.jpg,M0201,476,882,UnifAll,13,56.85490000178106,3,10,0,4,4,3,0.75,0.23076923076923078
M0201/img000476.jpg,M0201,476,882,SAHI640,19,240.3970000013942,3,16,0,4,4,3,0.75,0.15789473684210525
M0201/img000477.jpg,M0201,477,883,F640,7,23.784599994542077,3,4,0,4,4,3,0.75,0.42857142857142855
M0201/img000477.jpg,M0201,477,883,F1280,14,38.95780000311788,3,11,0,4,4,3,0.75,0.21428571428571427
M0201/img000477.jpg,M0201,477,883,DensK1,15,35.58779999730177,3,12,0,4,4,3,0.75,0.2
M0201/img000477.jpg,M0201,477,883,UnifAll,15,60.13860000530258,3,12,0,4,4,3,0.75,0.2
M0201/img000477.jpg,M0201,477,883,SAHI640,16,250.3114999999525,3,13,0,4,4,3,0.75,0.1875
M0201/img000478.jpg,M0201,478,884,F640,11,18.966400006320328,3,8,0,4,4,3,0.75,0.2727272727272727
M0201/img000478.jpg,M0201,478,884,F1280,13,31.960299995262176,3,10,0,4,4,3,0.75,0.23076923076923078
M0201/img000478.jpg,M0201,478,884,DensK1,15,35.63450000365265,3,12,0,4,4,3,0.75,0.2
M0201/img000478.jpg,M0201,478,884,UnifAll,17,56.2874000024749,3,14,0,4,4,3,0.75,0.17647058823529413
M0201/img000478.jpg,M0201,478,884,SAHI640,13,232.89860000659246,3,10,0,4,4,3,0.75,0.23076923076923078
M0201/img000479.jpg,M0201,479,885,F640,7,19.327100002556108,3,4,0,4,4,3,0.75,0.42857142857142855
M0201/img000479.jpg,M0201,479,885,F1280,15,29.838999995263293,3,12,0,4,4,3,0.75,0.2
M0201/img000479.jpg,M0201,479,885,DensK1,13,43.5569000110263,3,10,0,4,4,3,0.75,0.23076923076923078
M0201/img000479.jpg,M0201,479,885,UnifAll,13,54.17380000289995,3,10,0,4,4,3,0.75,0.23076923076923078
M0201/img000479.jpg,M0201,479,885,SAHI640,18,260.40530001046136,3,15,0,4,4,3,0.75,0.16666666666666666
M0201/img000480.jpg,M0201,480,886,F640,13,17.559600004460663,3,10,0,4,4,3,0.75,0.23076923076923078
M0201/img000480.jpg,M0201,480,886,F1280,15,34.03860000253189,3,12,0,4,4,3,0.75,0.2
M0201/img000480.jpg,M0201,480,886,DensK1,18,35.43730000092182,3,15,0,4,4,3,0.75,0.16666666666666666
M0201/img000480.jpg,M0201,480,886,UnifAll,19,54.13580000458751,3,16,0,4,4,3,0.75,0.15789473684210525
M0201/img000480.jpg,M0201,480,886,SAHI640,19,233.24220000358764,3,16,0,4,4,3,0.75,0.15789473684210525
M0201/img000481.jpg,M0201,481,887,F640,11,21.94400000735186,3,8,0,5,5,3,0.6,0.2727272727272727
M0201/img000481.jpg,M0201,481,887,F1280,16,40.907899994635954,3,13,0,5,5,3,0.6,0.1875
M0201/img000481.jpg,M0201,481,887,DensK1,17,33.085100003518164,3,14,0,5,5,3,0.6,0.17647058823529413
M0201/img000481.jpg,M0201,481,887,UnifAll,17,54.31910000334028,3,14,0,5,5,3,0.6,0.17647058823529413
M0201/img000481.jpg,M0201,481,887,SAHI640,18,212.00430000317283,4,14,0,5,5,4,0.8,0.2222222222222222
M0201/img000482.jpg,M0201,482,888,F640,11,20.355700005893596,4,7,0,5,5,4,0.8,0.36363636363636365
M0201/img000482.jpg,M0201,482,888,F1280,13,37.78529999544844,3,10,0,5,5,3,0.6,0.23076923076923078
M0201/img000482.jpg,M0201,482,888,DensK1,15,54.556299990508705,3,12,0,5,5,3,0.6,0.2
M0201/img000482.jpg,M0201,482,888,UnifAll,15,74.15990000299644,2,13,0,5,5,2,0.4,0.13333333333333333
M0201/img000482.jpg,M0201,482,888,SAHI640,15,258.2107000052929,3,12,0,5,5,3,0.6,0.2
M0201/img000483.jpg,M0201,483,889,F640,12,22.06240000668913,3,9,0,5,5,3,0.6,0.25
M0201/img000483.jpg,M0201,483,889,F1280,14,33.709999988786876,3,11,0,5,5,3,0.6,0.21428571428571427
M0201/img000483.jpg,M0201,483,889,DensK1,15,47.85839999385644,3,12,0,5,5,3,0.6,0.2
M0201/img000483.jpg,M0201,483,889,UnifAll,15,58.63650000537746,3,12,0,5,5,3,0.6,0.2
M0201/img000483.jpg,M0201,483,889,SAHI640,17,212.07859998685308,3,14,0,5,5,3,0.6,0.17647058823529413
M0201/img000484.jpg,M0201,484,890,F640,8,22.74119999492541,4,4,0,5,5,4,0.8,0.5
M0201/img000484.jpg,M0201,484,890,F1280,14,28.14000000944361,3,11,0,5,5,3,0.6,0.21428571428571427
M0201/img000484.jpg,M0201,484,890,DensK1,17,44.156999996630475,3,14,0,5,5,3,0.6,0.17647058823529413
M0201/img000484.jpg,M0201,484,890,UnifAll,17,81.66349999373779,3,14,0,5,5,3,0.6,0.17647058823529413
M0201/img000484.jpg,M0201,484,890,SAHI640,18,260.21449999825563,3,15,0,5,5,3,0.6,0.16666666666666666
M0201/img000485.jpg,M0201,485,891,F640,9,18.471600007615052,3,6,0,5,5,3,0.6,0.3333333333333333
M0201/img000485.jpg,M0201,485,891,F1280,16,29.2846000083955,3,13,0,5,5,3,0.6,0.1875
M0201/img000485.jpg,M0201,485,891,DensK1,16,53.22810000507161,3,13,0,5,5,3,0.6,0.1875
M0201/img000485.jpg,M0201,485,891,UnifAll,15,52.56460000236984,3,12,0,5,5,3,0.6,0.2
M0201/img000485.jpg,M0201,485,891,SAHI640,16,215.32649999426212,4,12,0,5,5,4,0.8,0.25
M0201/img000486.jpg,M0201,486,892,F640,10,21.864299997105263,3,7,0,5,5,3,0.6,0.3
M0201/img000486.jpg,M0201,486,892,F1280,16,27.558400004636496,3,13,0,5,5,3,0.6,0.1875
M0201/img000486.jpg,M0201,486,892,DensK1,17,44.3197999993572,3,14,0,5,5,3,0.6,0.17647058823529413
M0201/img000486.jpg,M0201,486,892,UnifAll,17,73.89720001083333,3,14,0,5,5,3,0.6,0.17647058823529413
M0201/img000486.jpg,M0201,486,892,SAHI640,16,255.1709999970626,4,12,0,5,5,4,0.8,0.25
M0201/img000487.jpg,M0201,487,893,F640,10,22.604999991017394,4,6,0,5,5,4,0.8,0.4
M0201/img000487.jpg,M0201,487,893,F1280,16,29.45929999987129,3,13,0,5,5,3,0.6,0.1875
M0201/img000487.jpg,M0201,487,893,DensK1,15,42.79049999604467,3,12,0,5,5,3,0.6,0.2
M0201/img000487.jpg,M0201,487,893,UnifAll,15,103.13809999206569,3,12,0,5,5,3,0.6,0.2
M0201/img000487.jpg,M0201,487,893,SAHI640,15,243.0844999908004,3,12,0,5,5,3,0.6,0.2
M0201/img000488.jpg,M0201,488,894,F640,10,20.46110000810586,3,7,0,5,5,3,0.6,0.3
M0201/img000488.jpg,M0201,488,894,F1280,14,29.70709999499377,4,10,0,5,5,4,0.8,0.2857142857142857
M0201/img000488.jpg,M0201,488,894,DensK1,15,45.536499994341284,4,11,0,5,5,4,0.8,0.26666666666666666
M0201/img000488.jpg,M0201,488,894,UnifAll,15,61.36909998895135,4,11,0,5,5,4,0.8,0.26666666666666666
M0201/img000488.jpg,M0201,488,894,SAHI640,14,232.53540000587236,3,11,0,5,5,3,0.6,0.21428571428571427
M0201/img000489.jpg,M0201,489,895,F640,10,19.0565999946557,3,7,0,5,5,3,0.6,0.3
M0201/img000489.jpg,M0201,489,895,F1280,16,29.02909999829717,4,12,0,5,5,4,0.8,0.25
M0201/img000489.jpg,M0201,489,895,DensK1,15,44.21959999308456,3,12,0,5,5,3,0.6,0.2
M0201/img000489.jpg,M0201,489,895,UnifAll,15,55.29489999753423,3,12,0,5,5,3,0.6,0.2
M0201/img000489.jpg,M0201,489,895,SAHI640,18,220.22130001278128,4,14,0,5,5,4,0.8,0.2222222222222222
M0201/img000490.jpg,M0201,490,896,F640,11,18.578899995191023,4,7,0,5,5,4,0.8,0.36363636363636365
M0201/img000490.jpg,M0201,490,896,F1280,16,31.139500002609566,4,12,0,5,5,4,0.8,0.25
M0201/img000490.jpg,M0201,490,896,DensK1,14,37.89389999292325,4,10,0,5,5,4,0.8,0.2857142857142857
M0201/img000490.jpg,M0201,490,896,UnifAll,16,72.21569999819621,4,12,0,5,5,4,0.8,0.25
M0201/img000490.jpg,M0201,490,896,SAHI640,15,206.514799996512,4,11,0,5,5,4,0.8,0.26666666666666666
M0201/img000491.jpg,M0201,491,897,F640,11,18.858600000385195,4,7,0,5,4,3,0.75,0.36363636363636365
M0201/img000491.jpg,M0201,491,897,F1280,15,26.876599993556738,4,11,0,5,4,3,0.75,0.26666666666666666
M0201/img000491.jpg,M0201,491,897,DensK1,13,40.481799995177425,3,10,0,5,4,2,0.5,0.23076923076923078
M0201/img000491.jpg,M0201,491,897,UnifAll,14,65.32240001251921,4,10,0,5,4,3,0.75,0.2857142857142857
M0201/img000491.jpg,M0201,491,897,SAHI640,17,229.38259999500588,4,13,0,5,4,3,0.75,0.23529411764705882
M0201/img000492.jpg,M0201,492,898,F640,11,23.226399993291125,4,7,0,5,4,3,0.75,0.36363636363636365
M0201/img000492.jpg,M0201,492,898,F1280,18,28.330899993306957,4,14,0,5,4,3,0.75,0.2222222222222222
M0201/img000492.jpg,M0201,492,898,DensK1,20,44.05689999111928,4,16,0,5,4,3,0.75,0.2
M0201/img000492.jpg,M0201,492,898,UnifAll,20,68.19779999204911,4,16,0,5,4,3,0.75,0.2
M0201/img000492.jpg,M0201,492,898,SAHI640,16,217.42210000229534,4,12,0,5,4,3,0.75,0.25
M0201/img000493.jpg,M0201,493,899,F640,10,20.24929999606684,3,7,0,5,4,2,0.5,0.3
M0201/img000493.jpg,M0201,493,899,F1280,16,26.773599995067343,3,13,0,5,4,2,0.5,0.1875
M0201/img000493.jpg,M0201,493,899,DensK1,17,38.93660000176169,4,13,0,5,4,3,0.75,0.23529411764705882
M0201/img000493.jpg,M0201,493,899,UnifAll,17,55.5890000105137,4,13,0,5,4,3,0.75,0.23529411764705882
M0201/img000493.jpg,M0201,493,899,SAHI640,19,221.97160001087468,4,15,0,5,4,3,0.75,0.21052631578947367
M0201/img000494.jpg,M0201,494,900,F640,10,16.04360000055749,4,6,0,5,4,3,0.75,0.4
M0201/img000494.jpg,M0201,494,900,F1280,15,25.45519999694079,3,12,0,5,4,2,0.5,0.2
M0201/img000494.jpg,M0201,494,900,DensK1,23,38.47610000229906,3,20,0,5,4,2,0.5,0.13043478260869565
M0201/img000494.jpg,M0201,494,900,UnifAll,23,63.550999999279156,3,20,0,5,4,2,0.5,0.13043478260869565
M0201/img000494.jpg,M0201,494,900,SAHI640,18,217.53629999875557,3,15,0,5,4,2,0.5,0.16666666666666666
M0201/img000495.jpg,M0201,495,901,F640,10,17.714600006002,4,6,0,5,4,3,0.75,0.4
M0201/img000495.jpg,M0201,495,901,F1280,13,29.649600008269772,3,10,0,5,4,2,0.5,0.23076923076923078
M0201/img000495.jpg,M0201,495,901,DensK1,17,33.49290000915062,3,14,0,5,4,2,0.5,0.17647058823529413
M0201/img000495.jpg,M0201,495,901,UnifAll,17,46.752100010053255,3,14,0,5,4,2,0.5,0.17647058823529413
M0201/img000495.jpg,M0201,495,901,SAHI640,15,209.1418999916641,3,12,0,5,4,2,0.5,0.2
M0201/img000496.jpg,M0201,496,902,F640,10,19.018399994820356,4,6,0,5,4,3,0.75,0.4
M0201/img000496.jpg,M0201,496,902,F1280,18,31.425299996044487,3,15,0,5,4,2,0.5,0.16666666666666666
M0201/img000496.jpg,M0201,496,902,DensK1,18,58.68909999844618,3,15,0,5,4,2,0.5,0.16666666666666666
M0201/img000496.jpg,M0201,496,902,UnifAll,19,59.58010000176728,3,16,0,5,4,2,0.5,0.15789473684210525
M0201/img000496.jpg,M0201,496,902,SAHI640,16,237.5536000035936,4,12,0,5,4,3,0.75,0.25
M0201/img000497.jpg,M0201,497,903,F640,11,23.085799999535084,4,7,0,5,4,3,0.75,0.36363636363636365
M0201/img000497.jpg,M0201,497,903,F1280,18,27.941099993768148,3,15,0,5,4,2,0.5,0.16666666666666666
M0201/img000497.jpg,M0201,497,903,DensK1,16,42.83720000239555,3,13,0,5,4,2,0.5,0.1875
M0201/img000497.jpg,M0201,497,903,UnifAll,17,70.85409999126568,3,14,0,5,4,2,0.5,0.17647058823529413
M0201/img000497.jpg,M0201,497,903,SAHI640,16,251.18690000090282,4,12,0,5,4,3,0.75,0.25
M0201/img000498.jpg,M0201,498,904,F640,12,17.729899991536513,3,9,0,5,4,2,0.5,0.25
M0201/img000498.jpg,M0201,498,904,F1280,17,30.33080000022892,3,14,0,5,4,2,0.5,0.17647058823529413
M0201/img000498.jpg,M0201,498,904,DensK1,16,37.39319999294821,3,13,0,5,4,2,0.5,0.1875
M0201/img000498.jpg,M0201,498,904,UnifAll,17,82.93330000014976,3,14,0,5,4,2,0.5,0.17647058823529413
M0201/img000498.jpg,M0201,498,904,SAHI640,17,205.72260000335518,4,13,0,5,4,3,0.75,0.23529411764705882
M0201/img000499.jpg,M0201,499,905,F640,12,20.29509999556467,3,9,0,5,4,2,0.5,0.25
M0201/img000499.jpg,M0201,499,905,F1280,18,35.76559999783058,4,14,0,5,4,3,0.75,0.2222222222222222
M0201/img000499.jpg,M0201,499,905,DensK1,17,32.32079998997506,4,13,0,5,4,3,0.75,0.23529411764705882
M0201/img000499.jpg,M0201,499,905,UnifAll,18,53.33730000711512,4,14,0,5,4,3,0.75,0.2222222222222222
M0201/img000499.jpg,M0201,499,905,SAHI640,17,235.32249999698251,4,13,0,5,4,3,0.75,0.23529411764705882
M0201/img000500.jpg,M0201,500,906,F640,12,19.203500007279217,3,9,0,5,4,2,0.5,0.25
M0201/img000500.jpg,M0201,500,906,F1280,16,34.44479999598116,3,13,0,5,4,2,0.5,0.1875
M0201/img000500.jpg,M0201,500,906,DensK1,14,31.756399999721907,4,10,0,5,4,3,0.75,0.2857142857142857
M0201/img000500.jpg,M0201,500,906,UnifAll,15,51.28290000720881,4,11,0,5,4,3,0.75,0.26666666666666666
M0201/img000500.jpg,M0201,500,906,SAHI640,15,222.80209999007639,4,11,0,5,4,3,0.75,0.26666666666666666
M0201/img000501.jpg,M0201,501,907,F640,11,17.611400005989708,4,7,0,7,6,3,0.5,0.36363636363636365
M0201/img000501.jpg,M0201,501,907,F1280,16,28.201199995237403,5,11,0,7,6,4,0.6666666666666666,0.3125
M0201/img000501.jpg,M0201,501,907,DensK1,18,63.71059999219142,4,14,0,7,6,3,0.5,0.2222222222222222
M0201/img000501.jpg,M0201,501,907,UnifAll,19,67.66970000171568,5,14,0,7,6,4,0.6666666666666666,0.2631578947368421
M0201/img000501.jpg,M0201,501,907,SAHI640,17,235.29250000137836,6,11,0,7,6,5,0.8333333333333334,0.35294117647058826
M0201/img000502.jpg,M0201,502,908,F640,13,27.360899999621324,5,8,0,7,6,4,0.6666666666666666,0.38461538461538464
M0201/img000502.jpg,M0201,502,908,F1280,16,38.72110000520479,5,11,0,7,6,4,0.6666666666666666,0.3125
M0201/img000502.jpg,M0201,502,908,DensK1,18,31.354500009911135,5,13,0,7,6,4,0.6666666666666666,0.2777777777777778
M0201/img000502.jpg,M0201,502,908,UnifAll,18,49.63609999686014,5,13,0,7,6,4,0.6666666666666666,0.2777777777777778
M0201/img000502.jpg,M0201,502,908,SAHI640,20,401.32780000567436,6,14,0,7,6,5,0.8333333333333334,0.3
M0201/img000503.jpg,M0201,503,909,F640,10,17.788600001949817,4,6,0,7,6,3,0.5,0.4
M0201/img000503.jpg,M0201,503,909,F1280,14,28.158999994047917,5,9,0,7,6,4,0.6666666666666666,0.35714285714285715
M0201/img000503.jpg,M0201,503,909,DensK1,18,46.735800002352335,4,14,0,7,6,3,0.5,0.2222222222222222
M0201/img000503.jpg,M0201,503,909,UnifAll,19,63.69480000284966,5,14,0,7,6,4,0.6666666666666666,0.2631578947368421
M0201/img000503.jpg,M0201,503,909,SAHI640,17,233.8925000076415,5,12,0,7,6,4,0.6666666666666666,0.29411764705882354
M0201/img000504.jpg,M0201,504,910,F640,14,21.52929999283515,5,9,0,7,6,4,0.6666666666666666,0.35714285714285715
M0201/img000504.jpg,M0201,504,910,F1280,14,29.09330000693444,5,9,0,7,6,4,0.6666666666666666,0.35714285714285715
M0201/img000504.jpg,M0201,504,910,DensK1,19,45.22189999988768,5,14,0,7,6,4,0.6666666666666666,0.2631578947368421
M0201/img000504.jpg,M0201,504,910,UnifAll,19,55.40469998959452,5,14,0,7,6,4,0.6666666666666666,0.2631578947368421
M0201/img000504.jpg,M0201,504,910,SAHI640,15,268.58079999510664,4,11,0,7,6,3,0.5,0.26666666666666666
M0201/img000505.jpg,M0201,505,911,F640,14,22.78860000660643,6,8,0,8,7,5,0.7142857142857143,0.42857142857142855
M0201/img000505.jpg,M0201,505,911,F1280,16,29.11290001065936,5,11,0,8,7,4,0.5714285714285714,0.3125
M0201/img000505.jpg,M0201,505,911,DensK1,17,40.71780000231229,5,12,0,8,7,4,0.5714285714285714,0.29411764705882354
M0201/img000505.jpg,M0201,505,911,UnifAll,17,78.21690000128001,5,12,0,8,7,4,0.5714285714285714,0.29411764705882354
M0201/img000505.jpg,M0201,505,911,SAHI640,15,235.51030000089668,6,9,0,8,7,5,0.7142857142857143,0.4
M0201/img000506.jpg,M0201,506,912,F640,11,23.093399999197572,5,6,0,8,7,4,0.5714285714285714,0.45454545454545453
M0201/img000506.jpg,M0201,506,912,F1280,18,29.606299998704344,5,13,0,8,7,4,0.5714285714285714,0.2777777777777778
M0201/img000506.jpg,M0201,506,912,DensK1,17,43.40389999561012,3,14,0,8,7,2,0.2857142857142857,0.17647058823529413
M0201/img000506.jpg,M0201,506,912,UnifAll,18,51.58109999320004,4,14,0,8,7,3,0.42857142857142855,0.2222222222222222
M0201/img000506.jpg,M0201,506,912,SAHI640,20,210.40609999909066,6,14,0,8,7,5,0.7142857142857143,0.3
M0201/img000507.jpg,M0201,507,913,F640,12,18.90960001037456,4,8,0,8,7,3,0.42857142857142855,0.3333333333333333
M0201/img000507.jpg,M0201,507,913,F1280,17,28.61730000586249,4,13,0,8,7,3,0.42857142857142855,0.23529411764705882
M0201/img000507.jpg,M0201,507,913,DensK1,19,41.20929999044165,3,16,0,8,7,2,0.2857142857142857,0.15789473684210525
M0201/img000507.jpg,M0201,507,913,UnifAll,20,71.55690000217874,4,16,0,8,7,3,0.42857142857142855,0.2
M0201/img000507.jpg,M0201,507,913,SAHI640,21,197.50829999975394,6,15,0,8,7,5,0.7142857142857143,0.2857142857142857
M0201/img000508.jpg,M0201,508,914,F640,15,17.630900008953176,4,11,0,7,7,4,0.5714285714285714,0.26666666666666666
M0201/img000508.jpg,M0201,508,914,F1280,17,27.281799993943423,3,14,0,7,7,3,0.42857142857142855,0.17647058823529413
M0201/img000508.jpg,M0201,508,914,DensK1,20,42.43619999033399,2,18,0,7,7,2,0.2857142857142857,0.1
M0201/img000508.jpg,M0201,508,914,UnifAll,22,61.388000001898035,3,19,0,7,7,3,0.42857142857142855,0.13636363636363635
M0201/img000508.jpg,M0201,508,914,SAHI640,21,236.62680000416003,5,16,0,7,7,5,0.7142857142857143,0.23809523809523808
M0201/img000509.jpg,M0201,509,915,F640,12,19.92710000195075,5,7,0,7,7,5,0.7142857142857143,0.4166666666666667
M0201/img000509.jpg,M0201,509,915,F1280,15,29.199099997640587,3,12,0,7,7,3,0.42857142857142855,0.2
M0201/img000509.jpg,M0201,509,915,DensK1,17,39.90909999993164,4,13,0,7,7,4,0.5714285714285714,0.23529411764705882
M0201/img000509.jpg,M0201,509,915,UnifAll,17,61.7801999906078,4,13,0,7,7,4,0.5714285714285714,0.23529411764705882
M0201/img000509.jpg,M0201,509,915,SAHI640,17,232.24290000507608,6,11,0,7,7,6,0.8571428571428571,0.35294117647058826
M0201/img000510.jpg,M0201,510,916,F640,12,15.140000003157184,3,9,0,7,7,3,0.42857142857142855,0.25
M0201/img000510.jpg,M0201,510,916,F1280,18,31.136999998125248,3,15,0,7,7,3,0.42857142857142855,0.16666666666666666
M0201/img000510.jpg,M0201,510,916,DensK1,17,39.09850001218729,4,13,0,7,7,4,0.5714285714285714,0.23529411764705882
M0201/img000510.jpg,M0201,510,916,UnifAll,18,62.118300003930926,4,14,0,7,7,4,0.5714285714285714,0.2222222222222222
M0201/img000510.jpg,M0201,510,916,SAHI640,19,246.42660000245087,6,13,0,7,7,6,0.8571428571428571,0.3157894736842105
M0201/img000511.jpg,M0201,511,917,F640,11,23.088799993274733,2,9,0,7,7,2,0.2857142857142857,0.18181818181818182
M0201/img000511.jpg,M0201,511,917,F1280,17,28.604899998754263,3,14,0,7,7,3,0.42857142857142855,0.17647058823529413
M0201/img000511.jpg,M0201,511,917,DensK1,16,42.601099994499236,2,14,0,7,7,2,0.2857142857142857,0.125
M0201/img000511.jpg,M0201,511,917,UnifAll,17,62.324600003194064,3,14,0,7,7,3,0.42857142857142855,0.17647058823529413
M0201/img000511.jpg,M0201,511,917,SAHI640,16,225.59429999091662,5,11,0,7,7,5,0.7142857142857143,0.3125
M0201/img000512.jpg,M0201,512,918,F640,11,17.92060000298079,3,8,0,7,7,3,0.42857142857142855,0.2727272727272727
M0201/img000512.jpg,M0201,512,918,F1280,18,26.292099995771423,4,14,0,7,7,4,0.5714285714285714,0.2222222222222222
M0201/img000512.jpg,M0201,512,918,DensK1,14,35.531999994418584,3,11,0,7,7,3,0.42857142857142855,0.21428571428571427
M0201/img000512.jpg,M0201,512,918,UnifAll,16,52.16530000325292,3,13,0,7,7,3,0.42857142857142855,0.1875
M0201/img000512.jpg,M0201,512,918,SAHI640,15,205.66059999691788,4,11,0,7,7,4,0.5714285714285714,0.26666666666666666
M0201/img000513.jpg,M0201,513,919,F640,11,17.684800011920743,4,7,0,7,7,4,0.5714285714285714,0.36363636363636365
M0201/img000513.jpg,M0201,513,919,F1280,15,36.017699996591546,3,12,0,7,7,3,0.42857142857142855,0.2
M0201/img000513.jpg,M0201,513,919,DensK1,17,38.55319999274798,3,14,0,7,7,3,0.42857142857142855,0.17647058823529413
M0201/img000513.jpg,M0201,513,919,UnifAll,17,56.20910000288859,3,14,0,7,7,3,0.42857142857142855,0.17647058823529413
M0201/img000513.jpg,M0201,513,919,SAHI640,19,248.8504000066314,5,14,0,7,7,5,0.7142857142857143,0.2631578947368421
M0201/img000514.jpg,M0201,514,920,F640,9,22.165100002894178,3,6,0,7,7,3,0.42857142857142855,0.3333333333333333
M0201/img000514.jpg,M0201,514,920,F1280,15,29.160899997805245,3,12,0,7,7,3,0.42857142857142855,0.2
M0201/img000514.jpg,M0201,514,920,DensK1,15,40.23239998787176,3,12,0,7,7,3,0.42857142857142855,0.2
M0201/img000514.jpg,M0201,514,920,UnifAll,16,55.63180000171997,3,13,0,7,7,3,0.42857142857142855,0.1875
M0201/img000514.jpg,M0201,514,920,SAHI640,14,246.0072000103537,5,9,0,7,7,5,0.7142857142857143,0.35714285714285715
M0201/img000515.jpg,M0201,515,921,F640,11,19.166199999745004,4,7,0,7,7,4,0.5714285714285714,0.36363636363636365
M0201/img000515.jpg,M0201,515,921,F1280,16,35.68559999985155,4,12,0,7,7,4,0.5714285714285714,0.25
M0201/img000515.jpg,M0201,515,921,DensK1,16,40.004800001042895,3,13,0,7,7,3,0.42857142857142855,0.1875
M0201/img000515.jpg,M0201,515,921,UnifAll,16,57.65640000754502,3,13,0,7,7,3,0.42857142857142855,0.1875
M0201/img000515.jpg,M0201,515,921,SAHI640,16,207.0049000030849,6,10,0,7,7,6,0.8571428571428571,0.375
M0201/img000516.jpg,M0201,516,922,F640,11,22.04199999687262,3,8,0,7,7,3,0.42857142857142855,0.2727272727272727
M0201/img000516.jpg,M0201,516,922,F1280,15,29.88760000152979,4,11,0,7,7,4,0.5714285714285714,0.26666666666666666
M0201/img000516.jpg,M0201,516,922,DensK1,19,37.4945000075968,3,16,0,7,7,3,0.42857142857142855,0.15789473684210525
M0201/img000516.jpg,M0201,516,922,UnifAll,20,46.51960000046529,3,17,0,7,7,3,0.42857142857142855,0.15
M0201/img000516.jpg,M0201,516,922,SAHI640,16,209.36779999465216,6,10,0,7,7,6,0.8571428571428571,0.375
M0201/img000517.jpg,M0201,517,923,F640,8,18.09359999606386,3,5,0,7,7,3,0.42857142857142855,0.375
M0201/img000517.jpg,M0201,517,923,F1280,16,36.506899996311404,4,12,0,7,7,4,0.5714285714285714,0.25
M0201/img000517.jpg,M0201,517,923,DensK1,13,40.823499992256984,2,11,0,7,7,2,0.2857142857142857,0.15384615384615385
M0201/img000517.jpg,M0201,517,923,UnifAll,14,58.001299999887124,3,11,0,7,7,3,0.42857142857142855,0.21428571428571427
M0201/img000517.jpg,M0201,517,923,SAHI640,14,202.7401999948779,6,8,0,7,7,6,0.8571428571428571,0.42857142857142855
M0201/img000518.jpg,M0201,518,924,F640,13,17.621899998630397,3,10,0,7,7,3,0.42857142857142855,0.23076923076923078
M0201/img000518.jpg,M0201,518,924,F1280,17,39.133800004492514,4,13,0,7,7,4,0.5714285714285714,0.23529411764705882
M0201/img000518.jpg,M0201,518,924,DensK1,18,36.45400000095833,3,15,0,7,7,3,0.42857142857142855,0.16666666666666666
M0201/img000518.jpg,M0201,518,924,UnifAll,19,78.06970000092406,3,16,0,7,7,3,0.42857142857142855,0.15789473684210525
M0201/img000518.jpg,M0201,518,924,SAHI640,16,217.69410000706557,4,12,0,7,7,4,0.5714285714285714,0.25
M0201/img000519.jpg,M0201,519,925,F640,12,22.660399990854785,4,8,0,7,7,4,0.5714285714285714,0.3333333333333333
M0201/img000519.jpg,M0201,519,925,F1280,17,42.37690000445582,3,14,0,7,7,3,0.42857142857142855,0.17647058823529413
M0201/img000519.jpg,M0201,519,925,DensK1,22,49.4497999898158,3,19,0,7,7,3,0.42857142857142855,0.13636363636363635
M0201/img000519.jpg,M0201,519,925,UnifAll,23,50.4371999995783,3,20,0,7,7,3,0.42857142857142855,0.13043478260869565
M0201/img000519.jpg,M0201,519,925,SAHI640,17,241.14090000512078,6,11,0,7,7,6,0.8571428571428571,0.35294117647058826
M0201/img000520.jpg,M0201,520,926,F640,13,22.096899992902763,4,9,0,7,7,4,0.5714285714285714,0.3076923076923077
M0201/img000520.jpg,M0201,520,926,F1280,15,39.21279999485705,4,11,0,7,7,4,0.5714285714285714,0.26666666666666666
M0201/img000520.jpg,M0201,520,926,DensK1,20,33.992399999988265,4,16,0,7,7,4,0.5714285714285714,0.2
M0201/img000520.jpg,M0201,520,926,UnifAll,21,76.49289999972098,4,17,0,7,7,4,0.5714285714285714,0.19047619047619047
M0201/img000520.jpg,M0201,520,926,SAHI640,17,205.46729999477975,5,12,0,7,7,5,0.7142857142857143,0.29411764705882354
M0201/img000521.jpg,M0201,521,927,F640,14,16.915600004722364,4,10,0,7,7,4,0.5714285714285714,0.2857142857142857
M0201/img000521.jpg,M0201,521,927,F1280,13,39.56409999227617,3,10,0,7,7,3,0.42857142857142855,0.23076923076923078
M0201/img000521.jpg,M0201,521,927,DensK1,16,45.739199995296076,3,13,0,7,7,3,0.42857142857142855,0.1875
M0201/img000521.jpg,M0201,521,927,UnifAll,19,64.36760000360664,4,15,0,7,7,4,0.5714285714285714,0.21052631578947367
M0201/img000521.jpg,M0201,521,927,SAHI640,17,236.45250000117812,6,11,0,7,7,6,0.8571428571428571,0.35294117647058826
M0201/img000522.jpg,M0201,522,928,F640,11,19.596600002842024,5,6,0,7,7,5,0.7142857142857143,0.45454545454545453
M0201/img000522.jpg,M0201,522,928,F1280,14,39.00920000160113,5,9,0,7,7,5,0.7142857142857143,0.35714285714285715
M0201/img000522.jpg,M0201,522,928,DensK1,15,42.647399997804314,4,11,0,7,7,4,0.5714285714285714,0.26666666666666666
M0201/img000522.jpg,M0201,522,928,UnifAll,17,58.259600002202205,4,13,0,7,7,4,0.5714285714285714,0.23529411764705882
M0201/img000522.jpg,M0201,522,928,SAHI640,15,247.31800000881776,4,11,0,7,7,4,0.5714285714285714,0.26666666666666666
M0201/img000523.jpg,M0201,523,929,F640,14,20.849599997745827,5,9,0,8,8,5,0.625,0.35714285714285715
M0201/img000523.jpg,M0201,523,929,F1280,17,43.32260000228416,6,11,0,8,8,6,0.75,0.35294117647058826
M0201/img000523.jpg,M0201,523,929,DensK1,18,44.9263000045903,5,13,0,8,8,5,0.625,0.2777777777777778
M0201/img000523.jpg,M0201,523,929,UnifAll,19,70.42639999417588,5,14,0,8,8,5,0.625,0.2631578947368421
M0201/img000523.jpg,M0201,523,929,SAHI640,14,249.45889999798965,6,8,0,8,8,6,0.75,0.42857142857142855
M0201/img000524.jpg,M0201,524,930,F640,12,31.650300006731413,4,8,0,8,8,4,0.5,0.3333333333333333
M0201/img000524.jpg,M0201,524,930,F1280,15,37.84930000256281,4,11,0,8,8,4,0.5,0.26666666666666666
M0201/img000524.jpg,M0201,524,930,DensK1,16,40.48710000643041,3,13,0,8,8,3,0.375,0.1875
M0201/img000524.jpg,M0201,524,930,UnifAll,17,73.70990001072641,4,13,0,8,8,4,0.5,0.23529411764705882
M0201/img000524.jpg,M0201,524,930,SAHI640,16,223.54239999549463,6,10,0,8,8,6,0.75,0.375
M0201/img000525.jpg,M0201,525,931,F640,12,20.397699991008267,5,7,0,8,7,4,0.5714285714285714,0.4166666666666667
M0201/img000525.jpg,M0201,525,931,F1280,16,29.217699993751012,3,13,0,8,7,2,0.2857142857142857,0.1875
M0201/img000525.jpg,M0201,525,931,DensK1,17,52.325199998449534,3,14,0,8,7,2,0.2857142857142857,0.17647058823529413
M0201/img000525.jpg,M0201,525,931,UnifAll,19,86.29350000410341,4,15,0,8,7,3,0.42857142857142855,0.21052631578947367
M0201/img000525.jpg,M0201,525,931,SAHI640,17,231.74199998902623,6,11,0,8,7,5,0.7142857142857143,0.35294117647058826
M0201/img000526.jpg,M0201,526,932,F640,12,16.81549999921117,6,6,0,8,7,5,0.7142857142857143,0.5
M0201/img000526.jpg,M0201,526,932,F1280,18,38.49120000086259,4,14,0,8,7,3,0.42857142857142855,0.2222222222222222
M0201/img000526.jpg,M0201,526,932,DensK1,16,43.43700000026729,5,11,0,8,7,4,0.5714285714285714,0.3125
M0201/img000526.jpg,M0201,526,932,UnifAll,18,56.73399999795947,5,13,0,8,7,4,0.5714285714285714,0.2777777777777778
M0201/img000526.jpg,M0201,526,932,SAHI640,18,236.15080000308808,5,13,0,8,7,4,0.5714285714285714,0.2777777777777778
M0201/img000527.jpg,M0201,527,933,F640,14,18.065600001136772,5,9,0,8,7,4,0.5714285714285714,0.35714285714285715
M0201/img000527.jpg,M0201,527,933,F1280,17,28.672400003415532,4,13,0,8,7,3,0.42857142857142855,0.23529411764705882
M0201/img000527.jpg,M0201,527,933,DensK1,17,59.487199992872775,4,13,0,8,7,3,0.42857142857142855,0.23529411764705882
M0201/img000527.jpg,M0201,527,933,UnifAll,20,104.00910000316799,4,16,0,8,7,3,0.42857142857142855,0.2
M0201/img000527.jpg,M0201,527,933,SAHI640,20,273.6756999947829,6,14,0,8,7,5,0.7142857142857143,0.3
M0201/img000528.jpg,M0201,528,934,F640,12,20.290500004193746,6,6,0,8,7,5,0.7142857142857143,0.5
M0201/img000528.jpg,M0201,528,934,F1280,18,43.06830000132322,3,15,0,8,7,2,0.2857142857142857,0.16666666666666666
M0201/img000528.jpg,M0201,528,934,DensK1,16,53.41579999367241,5,11,0,8,7,4,0.5714285714285714,0.3125
M0201/img000528.jpg,M0201,528,934,UnifAll,18,62.87589999556076,5,13,0,8,7,4,0.5714285714285714,0.2777777777777778
M0201/img000528.jpg,M0201,528,934,SAHI640,16,233.58070000540465,7,9,0,8,7,6,0.8571428571428571,0.4375
M0201/img000529.jpg,M0201,529,935,F640,14,17.773700004909188,5,9,0,8,7,4,0.5714285714285714,0.35714285714285715
M0201/img000529.jpg,M0201,529,935,F1280,19,33.143699998618104,5,14,0,8,7,4,0.5714285714285714,0.2631578947368421
M0201/img000529.jpg,M0201,529,935,DensK1,22,43.030399989220314,5,17,0,8,7,4,0.5714285714285714,0.22727272727272727
M0201/img000529.jpg,M0201,529,935,UnifAll,23,60.502699998323806,5,18,0,8,7,4,0.5714285714285714,0.21739130434782608
M0201/img000529.jpg,M0201,529,935,SAHI640,19,250.07220001134556,6,13,0,8,7,5,0.7142857142857143,0.3157894736842105
M0201/img000530.jpg,M0201,530,936,F640,12,22.774799988837913,3,9,0,8,7,2,0.2857142857142857,0.25
M0201/img000530.jpg,M0201,530,936,F1280,16,43.59919999842532,5,11,0,8,7,4,0.5714285714285714,0.3125
M0201/img000530.jpg,M0201,530,936,DensK1,18,50.55049998918548,5,13,0,8,7,4,0.5714285714285714,0.2777777777777778
M0201/img000530.jpg,M0201,530,936,UnifAll,19,73.94200000271667,4,15,0,8,7,3,0.42857142857142855,0.21052631578947367
M0201/img000530.jpg,M0201,530,936,SAHI640,18,242.297700009658,7,11,0,8,7,6,0.8571428571428571,0.3888888888888889
M0201/img000531.jpg,M0201,531,937,F640,9,28.635900001972914,5,4,0,8,7,4,0.5714285714285714,0.5555555555555556
M0201/img000531.jpg,M0201,531,937,F1280,16,39.36450000037439,6,10,0,8,7,5,0.7142857142857143,0.375
M0201/img000531.jpg,M0201,531,937,DensK1,15,40.789399994537234,4,11,0,8,7,3,0.42857142857142855,0.26666666666666666
M0201/img000531.jpg,M0201,531,937,UnifAll,17,61.97119998978451,3,14,0,8,7,3,0.42857142857142855,0.17647058823529413
M0201/img000531.jpg,M0201,531,937,SAHI640,17,248.3446999976877,6,11,0,8,7,5,0.7142857142857143,0.35294117647058826
M0201/img000532.jpg,M0201,532,938,F640,11,22.471399992355146,4,7,0,8,7,3,0.42857142857142855,0.36363636363636365
M0201/img000532.jpg,M0201,532,938,F1280,15,38.58219999528956,3,12,0,8,7,2,0.2857142857142857,0.2
M0201/img000532.jpg,M0201,532,938,DensK1,18,72.4255999957677,4,14,0,8,7,3,0.42857142857142855,0.2222222222222222
M0201/img000532.jpg,M0201,532,938,UnifAll,19,58.43299999833107,3,16,0,8,7,3,0.42857142857142855,0.15789473684210525
M0201/img000532.jpg,M0201,532,938,SAHI640,16,221.97460000461433,6,10,0,8,7,5,0.7142857142857143,0.375
M0201/img000533.jpg,M0201,533,939,F640,11,21.670300004188903,5,6,0,8,7,4,0.5714285714285714,0.45454545454545453
M0201/img000533.jpg,M0201,533,939,F1280,15,36.38619999401271,6,9,0,8,7,5,0.7142857142857143,0.4
M0201/img000533.jpg,M0201,533,939,DensK1,14,96.99819999514148,4,10,0,8,7,3,0.42857142857142855,0.2857142857142857
M0201/img000533.jpg,M0201,533,939,UnifAll,18,78.8271000055829,4,14,0,8,7,3,0.42857142857142855,0.2222222222222222
M0201/img000533.jpg,M0201,533,939,SAHI640,17,235.80510000465438,6,11,0,8,7,5,0.7142857142857143,0.35294117647058826
M0201/img000534.jpg,M0201,534,940,F640,11,19.79150000261143,4,7,0,8,7,3,0.42857142857142855,0.36363636363636365
M0201/img000534.jpg,M0201,534,940,F1280,14,32.18330000527203,4,10,0,8,7,3,0.42857142857142855,0.2857142857142857
M0201/img000534.jpg,M0201,534,940,DensK1,16,42.01929998816922,5,11,0,8,7,4,0.5714285714285714,0.3125
M0201/img000534.jpg,M0201,534,940,UnifAll,16,67.78050000139046,5,11,0,8,7,4,0.5714285714285714,0.3125
M0201/img000534.jpg,M0201,534,940,SAHI640,15,219.52479999163188,6,9,0,8,7,5,0.7142857142857143,0.4
M0201/img000535.jpg,M0201,535,941,F640,10,17.905400003655814,6,4,0,8,7,5,0.7142857142857143,0.6
M0201/img000535.jpg,M0201,535,941,F1280,15,32.942200006800704,6,9,0,8,7,5,0.7142857142857143,0.4
M0201/img000535.jpg,M0201,535,941,DensK1,15,44.88869999477174,6,9,0,8,7,5,0.7142857142857143,0.4
M0201/img000535.jpg,M0201,535,941,UnifAll,18,75.35790000110865,6,12,0,8,7,5,0.7142857142857143,0.3333333333333333
M0201/img000535.jpg,M0201,535,941,SAHI640,17,231.21139999420848,6,11,0,8,7,5,0.7142857142857143,0.35294117647058826
M0201/img000536.jpg,M0201,536,942,F640,11,18.788400004268624,5,6,0,8,7,4,0.5714285714285714,0.45454545454545453
M0201/img000536.jpg,M0201,536,942,F1280,17,45.37049999635201,6,11,0,8,7,5,0.7142857142857143,0.35294117647058826
M0201/img000536.jpg,M0201,536,942,DensK1,17,42.63720000744797,5,12,0,8,7,4,0.5714285714285714,0.29411764705882354
M0201/img000536.jpg,M0201,536,942,UnifAll,19,100.2262999973027,5,14,0,8,7,4,0.5714285714285714,0.2631578947368421
M0201/img000536.jpg,M0201,536,942,SAHI640,18,226.0785999969812,6,12,0,8,7,5,0.7142857142857143,0.3333333333333333
M0201/img000537.jpg,M0201,537,943,F640,11,18.95870000589639,4,7,0,8,7,3,0.42857142857142855,0.36363636363636365
M0201/img000537.jpg,M0201,537,943,F1280,13,32.74500000406988,6,7,0,8,7,5,0.7142857142857143,0.46153846153846156
M0201/img000537.jpg,M0201,537,943,DensK1,18,38.82829999201931,5,13,0,8,7,4,0.5714285714285714,0.2777777777777778
M0201/img000537.jpg,M0201,537,943,UnifAll,20,58.59260000579525,6,14,0,8,7,5,0.7142857142857143,0.3
M0201/img000537.jpg,M0201,537,943,SAHI640,18,236.88299999048468,6,12,0,8,7,5,0.7142857142857143,0.3333333333333333
M0201/img000538.jpg,M0201,538,944,F640,12,22.956400003749877,4,8,0,8,6,2,0.3333333333333333,0.3333333333333333
M0201/img000538.jpg,M0201,538,944,F1280,16,33.97160000167787,6,10,0,8,6,4,0.6666666666666666,0.375
M0201/img000538.jpg,M0201,538,944,DensK1,21,53.22099999466445,5,16,0,8,6,3,0.5,0.23809523809523808
M0201/img000538.jpg,M0201,538,944,UnifAll,23,81.80619998893235,6,17,0,8,6,4,0.6666666666666666,0.2608695652173913
M0201/img000538.jpg,M0201,538,944,SAHI640,19,258.9111999986926,6,13,0,8,6,4,0.6666666666666666,0.3157894736842105
M0201/img000539.jpg,M0201,539,945,F640,10,21.152799992705695,5,5,0,8,6,3,0.5,0.5
M0201/img000539.jpg,M0201,539,945,F1280,16,29.982700012624264,5,11,0,8,6,3,0.5,0.3125
M0201/img000539.jpg,M0201,539,945,DensK1,18,48.24960000405554,6,12,0,8,6,4,0.6666666666666666,0.3333333333333333
M0201/img000539.jpg,M0201,539,945,UnifAll,20,61.271600003237836,6,14,0,8,6,4,0.6666666666666666,0.3
M0201/img000539.jpg,M0201,539,945,SAHI640,17,271.6541999980109,6,11,0,8,6,4,0.6666666666666666,0.35294117647058826
M0201/img000540.jpg,M0201,540,946,F640,12,23.46620000025723,5,7,0,8,7,4,0.5714285714285714,0.4166666666666667
M0201/img000540.jpg,M0201,540,946,F1280,18,27.548600002774037,5,13,0,8,7,4,0.5714285714285714,0.2777777777777778
M0201/img000540.jpg,M0201,540,946,DensK1,20,37.553600006503984,5,15,0,8,7,4,0.5714285714285714,0.25
M0201/img000540.jpg,M0201,540,946,UnifAll,22,63.27600000076927,5,17,0,8,7,4,0.5714285714285714,0.22727272727272727
M0201/img000540.jpg,M0201,540,946,SAHI640,18,229.8778999975184,5,13,0,8,7,4,0.5714285714285714,0.2777777777777778
M0201/img000541.jpg,M0201,541,947,F640,14,19.31930000137072,6,8,0,9,7,4,0.5714285714285714,0.42857142857142855
M0201/img000541.jpg,M0201,541,947,F1280,18,27.18499999900814,6,12,0,9,7,4,0.5714285714285714,0.3333333333333333
M0201/img000541.jpg,M0201,541,947,DensK1,20,39.89470000669826,4,16,0,9,7,2,0.2857142857142857,0.2
M0201/img000541.jpg,M0201,541,947,UnifAll,22,52.98529998981394,5,17,0,9,7,3,0.42857142857142855,0.22727272727272727
M0201/img000541.jpg,M0201,541,947,SAHI640,21,237.9275000130292,5,16,0,9,7,3,0.42857142857142855,0.23809523809523808
M0201/img000542.jpg,M0201,542,948,F640,17,22.952300001634285,7,10,0,10,8,5,0.625,0.4117647058823529
M0201/img000542.jpg,M0201,542,948,F1280,18,26.899199991021305,7,11,0,10,8,5,0.625,0.3888888888888889
M0201/img000542.jpg,M0201,542,948,DensK1,23,38.92360000463668,6,17,0,10,8,4,0.5,0.2608695652173913
M0201/img000542.jpg,M0201,542,948,UnifAll,24,68.1512000010116,5,19,0,10,8,3,0.375,0.20833333333333334
M0201/img000542.jpg,M0201,542,948,SAHI640,20,269.43679999385495,7,13,0,10,8,5,0.625,0.35
M0201/img000543.jpg,M0201,543,949,F640,13,20.05039999494329,7,6,0,10,8,5,0.625,0.5384615384615384
M0201/img000543.jpg,M0201,543,949,F1280,18,26.410599995870143,7,11,0,10,8,5,0.625,0.3888888888888889
M0201/img000543.jpg,M0201,543,949,DensK1,18,36.230999990948476,6,12,0,10,8,4,0.5,0.3333333333333333
M0201/img000543.jpg,M0201,543,949,UnifAll,20,54.0715000097407,6,14,0,10,8,4,0.5,0.3
M0201/img000543.jpg,M0201,543,949,SAHI640,19,233.82280000078026,6,13,0,10,8,4,0.5,0.3157894736842105
M0201/img000544.jpg,M0201,544,950,F640,10,20.07179999782238,4,6,0,9,8,3,0.375,0.4
M0201/img000544.jpg,M0201,544,950,F1280,16,27.30060000612866,6,10,0,9,8,5,0.625,0.375
M0201/img000544.jpg,M0201,544,950,DensK1,15,45.594099996378645,4,11,0,9,8,3,0.375,0.26666666666666666
M0201/img000544.jpg,M0201,544,950,UnifAll,15,58.83270000049379,4,11,0,9,8,3,0.375,0.26666666666666666
M0201/img000544.jpg,M0201,544,950,SAHI640,16,433.51719999918714,5,11,0,9,8,4,0.5,0.3125
M0201/img000545.jpg,M0201,545,951,F640,11,21.21449999685865,4,7,0,9,9,4,0.4444444444444444,0.36363636363636365
M0201/img000545.jpg,M0201,545,951,F1280,17,49.743299998226576,6,11,0,9,9,6,0.6666666666666666,0.35294117647058826
M0201/img000545.jpg,M0201,545,951,DensK1,18,47.13280001305975,4,14,0,9,9,4,0.4444444444444444,0.2222222222222222
M0201/img000545.jpg,M0201,545,951,UnifAll,21,71.45289999607485,5,16,0,9,9,5,0.5555555555555556,0.23809523809523808
M0201/img000545.jpg,M0201,545,951,SAHI640,18,241.0770999995293,4,14,0,9,9,4,0.4444444444444444,0.2222222222222222
M0201/img000546.jpg,M0201,546,952,F640,12,21.777900008601137,4,8,0,9,8,3,0.375,0.3333333333333333
M0201/img000546.jpg,M0201,546,952,F1280,17,28.790500000468455,6,11,0,9,8,5,0.625,0.35294117647058826
M0201/img000546.jpg,M0201,546,952,DensK1,21,56.88519999966957,5,16,0,9,8,4,0.5,0.23809523809523808
M0201/img000546.jpg,M0201,546,952,UnifAll,23,75.19620000675786,6,17,0,9,8,5,0.625,0.2608695652173913
M0201/img000546.jpg,M0201,546,952,SAHI640,20,245.8050999994157,4,16,0,9,8,3,0.375,0.2
M0201/img000547.jpg,M0201,547,953,F640,12,19.954100003815256,4,8,0,9,8,3,0.375,0.3333333333333333
M0201/img000547.jpg,M0201,547,953,F1280,22,31.93230000033509,5,17,0,9,8,4,0.5,0.22727272727272727
M0201/img000547.jpg,M0201,547,953,DensK1,17,47.63030000322033,5,12,0,9,8,4,0.5,0.29411764705882354
M0201/img000547.jpg,M0201,547,953,UnifAll,19,62.04180000349879,6,13,0,9,8,5,0.625,0.3157894736842105
M0201/img000547.jpg,M0201,547,953,SAHI640,20,249.24630000896286,6,14,0,9,8,5,0.625,0.3
M0201/img000548.jpg,M0201,548,954,F640,11,21.317299993825145,4,7,0,9,8,3,0.375,0.36363636363636365
M0201/img000548.jpg,M0201,548,954,F1280,17,27.142200007801875,5,12,0,9,8,4,0.5,0.29411764705882354
M0201/img000548.jpg,M0201,548,954,DensK1,18,40.038899998762645,7,11,0,9,8,6,0.75,0.3888888888888889
M0201/img000548.jpg,M0201,548,954,UnifAll,18,91.71239999704994,7,11,0,9,8,6,0.75,0.3888888888888889
M0201/img000548.jpg,M0201,548,954,SAHI640,19,233.96569999749772,3,16,0,9,8,3,0.375,0.15789473684210525
M0201/img000549.jpg,M0201,549,955,F640,14,22.75309999822639,4,10,0,9,8,3,0.375,0.2857142857142857
M0201/img000549.jpg,M0201,549,955,F1280,18,28.82589999353513,6,12,0,9,8,5,0.625,0.3333333333333333
M0201/img000549.jpg,M0201,549,955,DensK1,17,41.80839999753516,4,13,0,9,8,3,0.375,0.23529411764705882
M0201/img000549.jpg,M0201,549,955,UnifAll,18,68.01390000327956,4,14,0,9,8,3,0.375,0.2222222222222222
M0201/img000549.jpg,M0201,549,955,SAHI640,20,231.2893000053009,3,17,0,9,8,2,0.25,0.15
M0201/img000550.jpg,M0201,550,956,F640,9,18.772999988868833,4,5,0,9,8,3,0.375,0.4444444444444444
M0201/img000550.jpg,M0201,550,956,F1280,16,28.965099991182797,6,10,0,9,8,5,0.625,0.375
M0201/img000550.jpg,M0201,550,956,DensK1,18,42.19780000858009,5,13,0,9,8,4,0.5,0.2777777777777778
M0201/img000550.jpg,M0201,550,956,UnifAll,18,60.30029999965336,5,13,0,9,8,4,0.5,0.2777777777777778
M0201/img000550.jpg,M0201,550,956,SAHI640,19,215.1836999983061,4,15,0,9,8,3,0.375,0.21052631578947367
M0201/img000551.jpg,M0201,551,957,F640,11,20.557499999995343,4,7,0,9,8,3,0.375,0.36363636363636365
M0201/img000551.jpg,M0201,551,957,F1280,18,26.72059999895282,7,11,0,9,8,6,0.75,0.3888888888888889
M0201/img000551.jpg,M0201,551,957,DensK1,18,39.08210000372492,5,13,0,9,8,4,0.5,0.2777777777777778
M0201/img000551.jpg,M0201,551,957,UnifAll,19,51.913899995270185,6,13,0,9,8,5,0.625,0.3157894736842105
M0201/img000551.jpg,M0201,551,957,SAHI640,20,237.88350001268554,6,14,0,9,8,5,0.625,0.3
M0201/img000552.jpg,M0201,552,958,F640,11,18.79489999555517,6,5,0,9,8,5,0.625,0.5454545454545454
M0201/img000552.jpg,M0201,552,958,F1280,16,32.14440000010654,7,9,0,9,8,6,0.75,0.4375
M0201/img000552.jpg,M0201,552,958,DensK1,18,43.65710000274703,4,14,0,9,8,3,0.375,0.2222222222222222
M0201/img000552.jpg,M0201,552,958,UnifAll,21,48.317900000256486,6,15,0,9,8,5,0.625,0.2857142857142857
M0201/img000552.jpg,M0201,552,958,SAHI640,21,231.3099000020884,6,15,0,9,8,5,0.625,0.2857142857142857
M0201/img000553.jpg,M0201,553,959,F640,10,18.90080000157468,5,5,0,9,8,4,0.5,0.5
M0201/img000553.jpg,M0201,553,959,F1280,18,29.637600004207343,6,12,0,9,8,5,0.625,0.3333333333333333
M0201/img000553.jpg,M0201,553,959,DensK1,16,35.22560000419617,5,11,0,9,8,4,0.5,0.3125
M0201/img000553.jpg,M0201,553,959,UnifAll,16,50.585000004502945,5,11,0,9,8,4,0.5,0.3125
M0201/img000553.jpg,M0201,553,959,SAHI640,20,228.81989998859353,6,14,0,9,8,5,0.625,0.3
M0201/img000554.jpg,M0201,554,960,F640,12,20.696999999927357,6,6,0,9,8,5,0.625,0.5
M0201/img000554.jpg,M0201,554,960,F1280,19,33.58999999181833,5,14,0,9,8,4,0.5,0.2631578947368421
M0201/img000554.jpg,M0201,554,960,DensK1,16,48.26569999568164,5,11,0,9,8,4,0.5,0.3125
M0201/img000554.jpg,M0201,554,960,UnifAll,17,60.378900001524016,5,12,0,9,8,4,0.5,0.29411764705882354
M0201/img000554.jpg,M0201,554,960,SAHI640,16,309.1682999947807,6,10,0,9,8,5,0.625,0.375
M0201/img000555.jpg,M0201,555,961,F640,10,17.49559999734629,5,5,0,9,8,4,0.5,0.5
M0201/img000555.jpg,M0201,555,961,F1280,15,27.762500001699664,6,9,0,9,8,5,0.625,0.4
M0201/img000555.jpg,M0201,555,961,DensK1,20,35.79229999741074,5,15,0,9,8,4,0.5,0.25
M0201/img000555.jpg,M0201,555,961,UnifAll,21,57.427899999311194,5,16,0,9,8,4,0.5,0.23809523809523808
M0201/img000555.jpg,M0201,555,961,SAHI640,17,254.97740000719205,6,11,0,9,8,5,0.625,0.35294117647058826
M0201/img000556.jpg,M0201,556,962,F640,11,20.8851999923354,6,5,0,9,8,5,0.625,0.5454545454545454
M0201/img000556.jpg,M0201,556,962,F1280,18,27.75629999814555,7,11,0,9,8,6,0.75,0.3888888888888889
M0201/img000556.jpg,M0201,556,962,DensK1,19,35.48039999441244,5,14,0,9,8,4,0.5,0.2631578947368421
M0201/img000556.jpg,M0201,556,962,UnifAll,20,47.91340000519995,6,14,0,9,8,5,0.625,0.3
M0201/img000556.jpg,M0201,556,962,SAHI640,21,253.5377000021981,6,15,0,9,8,5,0.625,0.2857142857142857
M0201/img000557.jpg,M0201,557,963,F640,12,16.826599996420555,6,6,0,9,8,5,0.625,0.5
M0201/img000557.jpg,M0201,557,963,F1280,17,40.37550000066403,5,12,0,9,8,4,0.5,0.29411764705882354
M0201/img000557.jpg,M0201,557,963,DensK1,17,46.2005000008503,6,11,0,9,8,5,0.625,0.35294117647058826
M0201/img000557.jpg,M0201,557,963,UnifAll,21,59.0094999934081,7,14,0,9,8,6,0.75,0.3333333333333333
M0201/img000557.jpg,M0201,557,963,SAHI640,19,229.52470000018366,6,13,0,9,8,5,0.625,0.3157894736842105
M0201/img000558.jpg,M0201,558,964,F640,9,18.62000000255648,6,3,0,9,8,5,0.625,0.6666666666666666
M0201/img000558.jpg,M0201,558,964,F1280,17,36.52949999377597,7,10,0,9,8,6,0.75,0.4117647058823529
M0201/img000558.jpg,M0201,558,964,DensK1,14,48.97680001158733,6,8,0,9,8,5,0.625,0.42857142857142855
M0201/img000558.jpg,M0201,558,964,UnifAll,18,67.04219999664929,8,10,0,9,8,7,0.875,0.4444444444444444
M0201/img000558.jpg,M0201,558,964,SAHI640,17,292.00000000128057,7,10,0,9,8,6,0.75,0.4117647058823529
M0201/img000559.jpg,M0201,559,965,F640,10,24.55000000190921,5,5,0,9,8,4,0.5,0.5
M0201/img000559.jpg,M0201,559,965,F1280,17,42.224800010444596,7,10,0,9,8,6,0.75,0.4117647058823529
M0201/img000559.jpg,M0201,559,965,DensK1,15,69.79929999215528,6,9,0,9,8,5,0.625,0.4
M0201/img000559.jpg,M0201,559,965,UnifAll,16,58.33099999290425,6,10,0,9,8,5,0.625,0.375
M0201/img000559.jpg,M0201,559,965,SAHI640,17,219.82769999885932,6,11,0,9,8,5,0.625,0.35294117647058826
M0201/img000560.jpg,M0201,560,966,F640,10,17.876999991131015,7,3,0,9,8,6,0.75,0.7
M0201/img000560.jpg,M0201,560,966,F1280,17,33.47349999239668,7,10,0,9,8,6,0.75,0.4117647058823529
M0201/img000560.jpg,M0201,560,966,DensK1,19,36.67989998939447,7,12,0,9,8,6,0.75,0.3684210526315789
M0201/img000560.jpg,M0201,560,966,UnifAll,22,65.16879999253433,9,13,0,9,8,8,1.0,0.4090909090909091
M0201/img000560.jpg,M0201,560,966,SAHI640,19,226.929199998267,7,12,0,9,8,6,0.75,0.3684210526315789
M0201/img000561.jpg,M0201,561,967,F640,12,28.02660000452306,8,4,0,9,8,7,0.875,0.6666666666666666
M0201/img000561.jpg,M0201,561,967,F1280,20,32.74559999408666,8,12,0,9,8,7,0.875,0.4
M0201/img000561.jpg,M0201,561,967,DensK1,19,58.117499997024424,8,11,0,9,8,7,0.875,0.42105263157894735
M0201/img000561.jpg,M0201,561,967,UnifAll,20,62.64410000585485,8,12,0,9,8,7,0.875,0.4
M0201/img000561.jpg,M0201,561,967,SAHI640,20,236.39659999753349,7,13,0,9,8,6,0.75,0.35
M0201/img000562.jpg,M0201,562,968,F640,13,23.72589999868069,9,4,0,9,8,8,1.0,0.6923076923076923
M0201/img000562.jpg,M0201,562,968,F1280,17,36.025099994731136,9,8,0,9,8,8,1.0,0.5294117647058824
M0201/img000562.jpg,M0201,562,968,DensK1,19,43.7073000066448,9,10,0,9,8,8,1.0,0.47368421052631576
M0201/img000562.jpg,M0201,562,968,UnifAll,19,63.959999999497086,9,10,0,9,8,8,1.0,0.47368421052631576
M0201/img000562.jpg,M0201,562,968,SAHI640,19,254.654299991671,7,12,0,9,8,6,0.75,0.3684210526315789
M0201/img000563.jpg,M0201,563,969,F640,13,21.225200005574152,9,4,0,9,8,8,1.0,0.6923076923076923
M0201/img000563.jpg,M0201,563,969,F1280,16,40.24119999667164,7,9,0,9,8,6,0.75,0.4375
M0201/img000563.jpg,M0201,563,969,DensK1,18,60.296700001345016,8,10,0,9,8,7,0.875,0.4444444444444444
M0201/img000563.jpg,M0201,563,969,UnifAll,19,74.60759999230504,8,11,0,9,8,7,0.875,0.42105263157894735
M0201/img000563.jpg,M0201,563,969,SAHI640,18,248.4070999926189,7,11,0,9,8,6,0.75,0.3888888888888889
M0201/img000564.jpg,M0201,564,970,F640,11,20.61929999035783,5,6,0,9,8,4,0.5,0.45454545454545453
M0201/img000564.jpg,M0201,564,970,F1280,17,33.32319999753963,5,12,0,9,8,4,0.5,0.29411764705882354
M0201/img000564.jpg,M0201,564,970,DensK1,18,43.46159999840893,4,14,0,9,8,3,0.375,0.2222222222222222
M0201/img000564.jpg,M0201,564,970,UnifAll,20,53.86029998771846,8,12,0,9,8,7,0.875,0.4
M0201/img000564.jpg,M0201,564,970,SAHI640,20,242.04480000480544,5,15,0,9,8,4,0.5,0.25
M0201/img000565.jpg,M0201,565,971,F640,13,21.76020000479184,6,7,0,8,7,5,0.7142857142857143,0.46153846153846156
M0201/img000565.jpg,M0201,565,971,F1280,20,34.71720000379719,7,13,0,8,7,6,0.8571428571428571,0.35
M0201/img000565.jpg,M0201,565,971,DensK1,20,42.69210000347812,6,14,0,8,7,5,0.7142857142857143,0.3
M0201/img000565.jpg,M0201,565,971,UnifAll,22,58.4588000056101,8,14,0,8,7,7,1.0,0.36363636363636365
M0201/img000565.jpg,M0201,565,971,SAHI640,20,232.5977000000421,7,13,0,8,7,6,0.8571428571428571,0.35
M0201/img000566.jpg,M0201,566,972,F640,12,22.309599997242913,6,6,0,8,7,5,0.7142857142857143,0.5
M0201/img000566.jpg,M0201,566,972,F1280,19,36.5213000040967,6,13,0,8,7,5,0.7142857142857143,0.3157894736842105
M0201/img000566.jpg,M0201,566,972,DensK1,22,41.55380000884179,7,15,0,8,7,6,0.8571428571428571,0.3181818181818182
M0201/img000566.jpg,M0201,566,972,UnifAll,24,64.3739000079222,8,16,0,8,7,7,1.0,0.3333333333333333
M0201/img000566.jpg,M0201,566,972,SAHI640,22,234.67520000122022,7,15,0,8,7,6,0.8571428571428571,0.3181818181818182
M0201/img000567.jpg,M0201,567,973,F640,12,18.277600000146776,6,6,0,8,7,5,0.7142857142857143,0.5
M0201/img000567.jpg,M0201,567,973,F1280,17,38.19599999405909,7,10,0,8,7,6,0.8571428571428571,0.4117647058823529
M0201/img000567.jpg,M0201,567,973,DensK1,22,57.08080000476912,7,15,0,8,7,6,0.8571428571428571,0.3181818181818182
M0201/img000567.jpg,M0201,567,973,UnifAll,25,59.01789999916218,8,17,0,8,7,7,1.0,0.32
M0201/img000567.jpg,M0201,567,973,SAHI640,21,240.56069999642204,7,14,0,8,7,6,0.8571428571428571,0.3333333333333333
M0201/img000568.jpg,M0201,568,974,F640,15,20.949300000211224,6,9,0,8,7,5,0.7142857142857143,0.4
M0201/img000568.jpg,M0201,568,974,F1280,19,28.646499995375052,5,14,0,8,7,4,0.5714285714285714,0.2631578947368421
M0201/img000568.jpg,M0201,568,974,DensK1,20,49.02120000042487,6,14,0,8,7,5,0.7142857142857143,0.3
M0201/img000568.jpg,M0201,568,974,UnifAll,20,67.74840000434779,6,14,0,8,7,5,0.7142857142857143,0.3
M0201/img000568.jpg,M0201,568,974,SAHI640,20,262.6062000053935,4,16,0,8,7,3,0.42857142857142855,0.2
M0201/img000569.jpg,M0201,569,975,F640,11,17.669099994236603,6,5,0,8,7,5,0.7142857142857143,0.5454545454545454
M0201/img000569.jpg,M0201,569,975,F1280,18,46.849200007272884,6,12,0,8,7,5,0.7142857142857143,0.3333333333333333
M0201/img000569.jpg,M0201,569,975,DensK1,17,62.340600008610636,5,12,0,8,7,4,0.5714285714285714,0.29411764705882354
M0201/img000569.jpg,M0201,569,975,UnifAll,17,66.82209999416955,5,12,0,8,7,4,0.5714285714285714,0.29411764705882354
M0201/img000569.jpg,M0201,569,975,SAHI640,21,253.27099999412894,5,16,0,8,7,4,0.5714285714285714,0.23809523809523808
M0201/img000570.jpg,M0201,570,976,F640,13,18.454799996106885,6,7,0,8,7,5,0.7142857142857143,0.46153846153846156
M0201/img000570.jpg,M0201,570,976,F1280,20,29.509200001484714,7,13,0,8,7,6,0.8571428571428571,0.35
M0201/img000570.jpg,M0201,570,976,DensK1,20,44.82869998901151,6,14,0,8,7,5,0.7142857142857143,0.3
M0201/img000570.jpg,M0201,570,976,UnifAll,21,64.89209999563172,7,14,0,8,7,6,0.8571428571428571,0.3333333333333333
M0201/img000570.jpg,M0201,570,976,SAHI640,20,279.17390000948217,5,15,0,8,7,4,0.5714285714285714,0.25
M0201/img000571.jpg,M0201,571,977,F640,14,21.077999990666285,6,8,0,8,7,5,0.7142857142857143,0.42857142857142855
M0201/img000571.jpg,M0201,571,977,F1280,19,34.18909999891184,8,11,0,8,7,7,1.0,0.42105263157894735
M0201/img000571.jpg,M0201,571,977,DensK1,19,49.83539998647757,6,13,0,8,7,5,0.7142857142857143,0.3157894736842105
M0201/img000571.jpg,M0201,571,977,UnifAll,19,97.08179999142885,7,12,0,8,7,6,0.8571428571428571,0.3684210526315789
M0201/img000571.jpg,M0201,571,977,SAHI640,21,229.83450000174344,6,15,0,8,7,5,0.7142857142857143,0.2857142857142857
M0201/img000572.jpg,M0201,572,978,F640,14,20.428600008017384,6,8,0,8,7,5,0.7142857142857143,0.42857142857142855
M0201/img000572.jpg,M0201,572,978,F1280,18,39.32389999681618,7,11,0,8,7,6,0.8571428571428571,0.3888888888888889
M0201/img000572.jpg,M0201,572,978,DensK1,19,40.25259999616537,6,13,0,8,7,5,0.7142857142857143,0.3157894736842105
M0201/img000572.jpg,M0201,572,978,UnifAll,20,93.20020000450313,6,14,0,8,7,5,0.7142857142857143,0.3
M0201/img000572.jpg,M0201,572,978,SAHI640,18,244.96199999703094,5,13,0,8,7,4,0.5714285714285714,0.2777777777777778
M0201/img000573.jpg,M0201,573,979,F640,10,19.393900001887232,5,5,0,8,7,4,0.5714285714285714,0.5
M0201/img000573.jpg,M0201,573,979,F1280,16,42.648700007703155,8,8,0,8,7,7,1.0,0.5
M0201/img000573.jpg,M0201,573,979,DensK1,20,35.98919999785721,8,12,0,8,7,7,1.0,0.4
M0201/img000573.jpg,M0201,573,979,UnifAll,23,75.04049999988638,8,15,0,8,7,7,1.0,0.34782608695652173
M0201/img000573.jpg,M0201,573,979,SAHI640,19,228.3025000069756,5,14,0,8,7,5,0.7142857142857143,0.2631578947368421
M0201/img000574.jpg,M0201,574,980,F640,12,20.41050000116229,6,6,0,8,7,5,0.7142857142857143,0.5
M0201/img000574.jpg,M0201,574,980,F1280,18,30.660999997053295,7,11,0,8,7,6,0.8571428571428571,0.3888888888888889
M0201/img000574.jpg,M0201,574,980,DensK1,22,51.69910000404343,5,17,0,8,7,4,0.5714285714285714,0.22727272727272727
M0201/img000574.jpg,M0201,574,980,UnifAll,23,55.626300003496,5,18,0,8,7,4,0.5714285714285714,0.21739130434782608
M0201/img000574.jpg,M0201,574,980,SAHI640,20,229.30779999296647,6,14,0,8,7,5,0.7142857142857143,0.3
M0201/img000575.jpg,M0201,575,981,F640,13,22.514800002682023,7,6,0,8,7,6,0.8571428571428571,0.5384615384615384
M0201/img000575.jpg,M0201,575,981,F1280,17,38.5491000051843,6,11,0,8,7,5,0.7142857142857143,0.35294117647058826
M0201/img000575.jpg,M0201,575,981,DensK1,20,31.543000004603527,7,13,0,8,7,6,0.8571428571428571,0.35
M0201/img000575.jpg,M0201,575,981,UnifAll,23,48.555699991993606,7,16,0,8,7,6,0.8571428571428571,0.30434782608695654
M0201/img000575.jpg,M0201,575,981,SAHI640,21,219.5993999921484,5,16,0,8,7,4,0.5714285714285714,0.23809523809523808
M0201/img000576.jpg,M0201,576,982,F640,12,21.537399996304885,7,5,0,8,6,5,0.8333333333333334,0.5833333333333334
M0201/img000576.jpg,M0201,576,982,F1280,17,36.937299999408424,5,12,0,8,6,3,0.5,0.29411764705882354
M0201/img000576.jpg,M0201,576,982,DensK1,20,66.91199999477249,6,14,0,8,6,4,0.6666666666666666,0.3
M0201/img000576.jpg,M0201,576,982,UnifAll,21,60.93790000886656,6,15,0,8,6,4,0.6666666666666666,0.2857142857142857
M0201/img000576.jpg,M0201,576,982,SAHI640,16,207.9507000016747,6,10,0,8,6,4,0.6666666666666666,0.375
M0201/img000577.jpg,M0201,577,983,F640,12,19.252600002801046,7,5,0,8,6,5,0.8333333333333334,0.5833333333333334
M0201/img000577.jpg,M0201,577,983,F1280,17,37.556499999482185,7,10,0,8,6,5,0.8333333333333334,0.4117647058823529
M0201/img000577.jpg,M0201,577,983,DensK1,20,32.528499999898486,7,13,0,8,6,5,0.8333333333333334,0.35
M0201/img000577.jpg,M0201,577,983,UnifAll,21,55.79190001299139,7,14,0,8,6,5,0.8333333333333334,0.3333333333333333
M0201/img000577.jpg,M0201,577,983,SAHI640,18,195.6886999978451,7,11,0,8,6,5,0.8333333333333334,0.3888888888888889
M0201/img000578.jpg,M0201,578,984,F640,13,17.62050000252202,7,6,0,8,6,5,0.8333333333333334,0.5384615384615384
M0201/img000578.jpg,M0201,578,984,F1280,18,30.89639999961946,7,11,0,8,6,5,0.8333333333333334,0.3888888888888889
M0201/img000578.jpg,M0201,578,984,DensK1,20,42.2297999903094,7,13,0,8,6,5,0.8333333333333334,0.35
M0201/img000578.jpg,M0201,578,984,UnifAll,21,67.79919999826234,7,14,0,8,6,5,0.8333333333333334,0.3333333333333333
M0201/img000578.jpg,M0201,578,984,SAHI640,22,213.83849999983795,6,16,0,8,6,4,0.6666666666666666,0.2727272727272727
M0201/img000579.jpg,M0201,579,985,F640,13,21.0466999997152,7,6,0,8,6,5,0.8333333333333334,0.5384615384615384
M0201/img000579.jpg,M0201,579,985,F1280,16,28.637800001888536,5,11,0,8,6,4,0.6666666666666666,0.3125
M0201/img000579.jpg,M0201,579,985,DensK1,21,43.34910000034142,6,15,0,8,6,4,0.6666666666666666,0.2857142857142857
M0201/img000579.jpg,M0201,579,985,UnifAll,23,59.498300004634075,6,17,0,8,6,4,0.6666666666666666,0.2608695652173913
M0201/img000579.jpg,M0201,579,985,SAHI640,23,246.43949999881443,7,16,0,8,6,5,0.8333333333333334,0.30434782608695654
M0201/img000580.jpg,M0201,580,986,F640,14,21.642099993187003,7,7,0,8,6,5,0.8333333333333334,0.5
M0201/img000580.jpg,M0201,580,986,F1280,15,29.961899999761954,7,8,0,8,6,5,0.8333333333333334,0.4666666666666667
M0201/img000580.jpg,M0201,580,986,DensK1,21,42.31249999429565,7,14,0,8,6,5,0.8333333333333334,0.3333333333333333
M0201/img000580.jpg,M0201,580,986,UnifAll,22,56.510399997932836,7,15,0,8,6,5,0.8333333333333334,0.3181818181818182
M0201/img000580.jpg,M0201,580,986,SAHI640,20,208.44509999733418,7,13,0,8,6,5,0.8333333333333334,0.35
M0201/img000581.jpg,M0201,581,987,F640,10,21.118500008014962,7,3,0,8,6,5,0.8333333333333334,0.7
M0201/img000581.jpg,M0201,581,987,F1280,16,35.789600005955435,7,9,0,8,6,5,0.8333333333333334,0.4375
M0201/img000581.jpg,M0201,581,987,DensK1,20,47.41739999735728,6,14,0,8,6,4,0.6666666666666666,0.3
M0201/img000581.jpg,M0201,581,987,UnifAll,21,63.724700012244284,6,15,0,8,6,4,0.6666666666666666,0.2857142857142857
M0201/img000581.jpg,M0201,581,987,SAHI640,20,260.98300000012387,7,13,0,8,6,5,0.8333333333333334,0.35
M0201/img000582.jpg,M0201,582,988,F640,12,19.165000005159527,7,5,0,7,5,5,1.0,0.5833333333333334
M0201/img000582.jpg,M0201,582,988,F1280,14,34.130400003050454,7,7,0,7,5,5,1.0,0.5
M0201/img000582.jpg,M0201,582,988,DensK1,16,44.90549999172799,7,9,0,7,5,5,1.0,0.4375
M0201/img000582.jpg,M0201,582,988,UnifAll,17,59.0202000021236,7,10,0,7,5,5,1.0,0.4117647058823529
M0201/img000582.jpg,M0201,582,988,SAHI640,18,221.13610000815243,6,12,0,7,5,4,0.8,0.3333333333333333
M0201/img000583.jpg,M0201,583,989,F640,11,18.092499987687916,7,4,0,8,6,5,0.8333333333333334,0.6363636363636364
M0201/img000583.jpg,M0201,583,989,F1280,16,29.17890000389889,7,9,0,8,6,5,0.8333333333333334,0.4375
M0201/img000583.jpg,M0201,583,989,DensK1,18,71.1384000023827,7,11,0,8,6,5,0.8333333333333334,0.3888888888888889
M0201/img000583.jpg,M0201,583,989,UnifAll,19,69.06760000856593,7,12,0,8,6,5,0.8333333333333334,0.3684210526315789
M0201/img000583.jpg,M0201,583,989,SAHI640,18,223.93700000247918,7,11,0,8,6,5,0.8333333333333334,0.3888888888888889
M0201/img000584.jpg,M0201,584,990,F640,12,23.669100002734922,7,5,0,8,6,5,0.8333333333333334,0.5833333333333334
M0201/img000584.jpg,M0201,584,990,F1280,15,27.712199997040443,7,8,0,8,6,5,0.8333333333333334,0.4666666666666667
M0201/img000584.jpg,M0201,584,990,DensK1,19,39.562399993883446,7,12,0,8,6,5,0.8333333333333334,0.3684210526315789
M0201/img000584.jpg,M0201,584,990,UnifAll,20,49.50879998796154,7,13,0,8,6,5,0.8333333333333334,0.35
M0201/img000584.jpg,M0201,584,990,SAHI640,16,233.74650000187103,6,10,0,8,6,4,0.6666666666666666,0.375
M0201/img000585.jpg,M0201,585,991,F640,11,18.96979998855386,6,5,0,7,6,5,0.8333333333333334,0.5454545454545454
M0201/img000585.jpg,M0201,585,991,F1280,20,36.16859999601729,6,14,0,7,6,5,0.8333333333333334,0.3
M0201/img000585.jpg,M0201,585,991,DensK1,18,43.3472000004258,6,12,0,7,6,5,0.8333333333333334,0.3333333333333333
M0201/img000585.jpg,M0201,585,991,UnifAll,19,54.020000010496005,6,13,0,7,6,5,0.8333333333333334,0.3157894736842105
M0201/img000585.jpg,M0201,585,991,SAHI640,23,441.80950000009034,5,18,0,7,6,4,0.6666666666666666,0.21739130434782608
M0201/img000586.jpg,M0201,586,992,F640,12,21.839900000486523,6,6,0,7,6,5,0.8333333333333334,0.5
M0201/img000586.jpg,M0201,586,992,F1280,14,46.88280000118539,6,8,0,7,6,5,0.8333333333333334,0.42857142857142855
M0201/img000586.jpg,M0201,586,992,DensK1,23,44.26340000645723,6,17,0,7,6,5,0.8333333333333334,0.2608695652173913
M0201/img000586.jpg,M0201,586,992,UnifAll,24,58.39869999908842,6,18,0,7,6,5,0.8333333333333334,0.25
M0201/img000586.jpg,M0201,586,992,SAHI640,20,251.0333999962313,6,14,0,7,6,5,0.8333333333333334,0.3
M0201/img000587.jpg,M0201,587,993,F640,14,21.85299999837298,6,8,0,7,6,5,0.8333333333333334,0.42857142857142855
M0201/img000587.jpg,M0201,587,993,F1280,15,27.56430000590626,6,9,0,7,6,5,0.8333333333333334,0.4
M0201/img000587.jpg,M0201,587,993,DensK1,18,38.763799995649606,6,12,0,7,6,5,0.8333333333333334,0.3333333333333333
M0201/img000587.jpg,M0201,587,993,UnifAll,18,62.02589999884367,6,12,0,7,6,5,0.8333333333333334,0.3333333333333333
M0201/img000587.jpg,M0201,587,993,SAHI640,19,260.3108000039356,7,12,0,7,6,6,1.0,0.3684210526315789
M0201/img000588.jpg,M0201,588,994,F640,10,16.328099998645484,6,4,0,7,6,5,0.8333333333333334,0.6
M0201/img000588.jpg,M0201,588,994,F1280,15,27.760099997976795,6,9,0,7,6,5,0.8333333333333334,0.4
M0201/img000588.jpg,M0201,588,994,DensK1,18,42.48540000116918,6,12,0,7,6,5,0.8333333333333334,0.3333333333333333
M0201/img000588.jpg,M0201,588,994,UnifAll,20,59.45260000589769,6,14,0,7,6,5,0.8333333333333334,0.3
M0201/img000588.jpg,M0201,588,994,SAHI640,18,233.8787000044249,6,12,0,7,6,5,0.8333333333333334,0.3333333333333333
M0201/img000589.jpg,M0201,589,995,F640,10,20.32820000022184,6,4,0,7,6,5,0.8333333333333334,0.6
M0201/img000589.jpg,M0201,589,995,F1280,17,28.639800002565607,6,11,0,7,6,5,0.8333333333333334,0.35294117647058826
M0201/img000589.jpg,M0201,589,995,DensK1,15,36.06969999964349,6,9,0,7,6,5,0.8333333333333334,0.4
M0201/img000589.jpg,M0201,589,995,UnifAll,16,64.937999995891,6,10,0,7,6,5,0.8333333333333334,0.375
M0201/img000589.jpg,M0201,589,995,SAHI640,15,248.75120000797324,6,9,0,7,6,5,0.8333333333333334,0.4
M0201/img000590.jpg,M0201,590,996,F640,10,21.558699998422526,6,4,0,7,6,5,0.8333333333333334,0.6
M0201/img000590.jpg,M0201,590,996,F1280,13,27.59289999085013,6,7,0,7,6,5,0.8333333333333334,0.46153846153846156
M0201/img000590.jpg,M0201,590,996,DensK1,18,38.217199995415285,4,14,0,7,6,3,0.5,0.2222222222222222
M0201/img000590.jpg,M0201,590,996,UnifAll,20,61.69019998924341,4,16,0,7,6,3,0.5,0.2
M0201/img000590.jpg,M0201,590,996,SAHI640,15,252.31860000349116,6,9,0,7,6,5,0.8333333333333334,0.4
M0201/img000591.jpg,M0201,591,997,F640,8,19.845999995595776,5,3,0,7,6,4,0.6666666666666666,0.625
M0201/img000591.jpg,M0201,591,997,F1280,15,27.495700007420965,6,9,0,7,6,5,0.8333333333333334,0.4
M0201/img000591.jpg,M0201,591,997,DensK1,18,38.51119999308139,6,12,0,7,6,5,0.8333333333333334,0.3333333333333333
M0201/img000591.jpg,M0201,591,997,UnifAll,18,66.68850001005922,6,12,0,7,6,5,0.8333333333333334,0.3333333333333333
M0201/img000591.jpg,M0201,591,997,SAHI640,18,243.12500000814907,6,12,0,7,6,5,0.8333333333333334,0.3333333333333333
M0201/img000592.jpg,M0201,592,998,F640,11,18.94600001105573,6,5,0,7,6,5,0.8333333333333334,0.5454545454545454
M0201/img000592.jpg,M0201,592,998,F1280,16,30.570999995688908,5,11,0,7,6,4,0.6666666666666666,0.3125
M0201/img000592.jpg,M0201,592,998,DensK1,17,50.15139999159146,6,11,0,7,6,5,0.8333333333333334,0.35294117647058826
M0201/img000592.jpg,M0201,592,998,UnifAll,20,65.1060999953188,6,14,0,7,6,5,0.8333333333333334,0.3
M0201/img000592.jpg,M0201,592,998,SAHI640,19,256.5212000044994,6,13,0,7,6,5,0.8333333333333334,0.3157894736842105
M0201/img000593.jpg,M0201,593,999,F640,8,19.424500002060086,6,2,0,7,6,5,0.8333333333333334,0.75
M0201/img000593.jpg,M0201,593,999,F1280,15,38.5806000122102,6,9,0,7,6,5,0.8333333333333334,0.4
M0201/img000593.jpg,M0201,593,999,DensK1,15,44.28070000722073,6,9,0,7,6,5,0.8333333333333334,0.4
M0201/img000593.jpg,M0201,593,999,UnifAll,15,65.51869999384508,6,9,0,7,6,5,0.8333333333333334,0.4
M0201/img000593.jpg,M0201,593,999,SAHI640,18,241.30159999185707,7,11,0,7,6,6,1.0,0.3888888888888889
M0201/img000594.jpg,M0201,594,1000,F640,9,24.091400002362207,5,4,0,7,6,4,0.6666666666666666,0.5555555555555556
M0201/img000594.jpg,M0201,594,1000,F1280,13,26.82440000353381,6,7,0,7,6,5,0.8333333333333334,0.46153846153846156
M0201/img000594.jpg,M0201,594,1000,DensK1,14,47.58670000592247,6,8,0,7,6,5,0.8333333333333334,0.42857142857142855
M0201/img000594.jpg,M0201,594,1000,UnifAll,16,58.34119999781251,6,10,0,7,6,5,0.8333333333333334,0.375
M0201/img000594.jpg,M0201,594,1000,SAHI640,15,263.45040000160225,6,9,0,7,6,5,0.8333333333333334,0.4
M0201/img000595.jpg,M0201,595,1001,F640,9,20.31229999556672,6,3,0,7,6,5,0.8333333333333334,0.6666666666666666
M0201/img000595.jpg,M0201,595,1001,F1280,17,37.60489998967387,6,11,0,7,6,5,0.8333333333333334,0.35294117647058826
M0201/img000595.jpg,M0201,595,1001,DensK1,17,50.49549999239389,7,10,0,7,6,6,1.0,0.4117647058823529
M0201/img000595.jpg,M0201,595,1001,UnifAll,18,63.97439999273047,7,11,0,7,6,6,1.0,0.3888888888888889
M0201/img000595.jpg,M0201,595,1001,SAHI640,16,259.20500000938773,6,10,0,7,6,5,0.8333333333333334,0.375
M0201/img000596.jpg,M0201,596,1002,F640,12,23.56560000043828,7,5,0,7,6,6,1.0,0.5833333333333334
M0201/img000596.jpg,M0201,596,1002,F1280,12,33.65600001416169,5,7,0,7,6,5,0.8333333333333334,0.4166666666666667
M0201/img000596.jpg,M0201,596,1002,DensK1,16,40.548700009821914,6,10,0,7,6,5,0.8333333333333334,0.375
M0201/img000596.jpg,M0201,596,1002,UnifAll,17,60.154799997690134,6,11,0,7,6,5,0.8333333333333334,0.35294117647058826
M0201/img000596.jpg,M0201,596,1002,SAHI640,20,260.59499999973923,6,14,0,7,6,5,0.8333333333333334,0.3
M0201/img000597.jpg,M0201,597,1003,F640,11,24.144499999238178,7,4,0,7,6,6,1.0,0.6363636363636364
M0201/img000597.jpg,M0201,597,1003,F1280,14,37.93850001238752,6,8,0,7,6,5,0.8333333333333334,0.42857142857142855
M0201/img000597.jpg,M0201,597,1003,DensK1,19,33.888799996930175,6,13,0,7,6,5,0.8333333333333334,0.3157894736842105
M0201/img000597.jpg,M0201,597,1003,UnifAll,20,56.99569999706,6,14,0,7,6,5,0.8333333333333334,0.3
M0201/img000597.jpg,M0201,597,1003,SAHI640,19,259.5036999991862,5,14,0,7,6,5,0.8333333333333334,0.2631578947368421
M0201/img000598.jpg,M0201,598,1004,F640,9,22.625600002356805,5,4,0,7,6,5,0.8333333333333334,0.5555555555555556
M0201/img000598.jpg,M0201,598,1004,F1280,14,37.79210000357125,6,8,0,7,6,5,0.8333333333333334,0.42857142857142855
M0201/img000598.jpg,M0201,598,1004,DensK1,19,38.84490000200458,6,13,0,7,6,6,1.0,0.3157894736842105
M0201/img000598.jpg,M0201,598,1004,UnifAll,21,60.45680001261644,7,14,0,7,6,6,1.0,0.3333333333333333
M0201/img000598.jpg,M0201,598,1004,SAHI640,18,227.31119999662042,6,12,0,7,6,5,0.8333333333333334,0.3333333333333333
M0201/img000599.jpg,M0201,599,1005,F640,11,27.095199999166653,7,4,0,7,6,6,1.0,0.6363636363636364
M0201/img000599.jpg,M0201,599,1005,F1280,14,33.05939999700058,6,8,0,7,6,5,0.8333333333333334,0.42857142857142855
M0201/img000599.jpg,M0201,599,1005,DensK1,15,38.75690000131726,6,9,0,7,6,5,0.8333333333333334,0.4
M0201/img000599.jpg,M0201,599,1005,UnifAll,16,67.7564999932656,6,10,0,7,6,5,0.8333333333333334,0.375
M0201/img000599.jpg,M0201,599,1005,SAHI640,17,246.88520000199787,7,10,0,7,6,6,1.0,0.4117647058823529
M0201/img000600.jpg,M0201,600,1006,F640,10,19.15049999661278,6,4,0,7,6,5,0.8333333333333334,0.6
M0201/img000600.jpg,M0201,600,1006,F1280,12,30.718400012119673,6,6,0,7,6,6,1.0,0.5
M0201/img000600.jpg,M0201,600,1006,DensK1,14,44.59649999625981,7,7,0,7,6,6,1.0,0.5
M0201/img000600.jpg,M0201,600,1006,UnifAll,15,63.28640000720043,7,8,0,7,6,6,1.0,0.4666666666666667
M0201/img000600.jpg,M0201,600,1006,SAHI640,15,247.20680000609718,6,9,0,7,6,5,0.8333333333333334,0.4
M0201/img000601.jpg,M0201,601,1007,F640,12,21.972400005324744,7,5,0,7,6,6,1.0,0.5833333333333334
M0201/img000601.jpg,M0201,601,1007,F1280,14,34.096300005330704,7,7,0,7,6,6,1.0,0.5
M0201/img000601.jpg,M0201,601,1007,DensK1,16,45.44519999762997,7,9,0,7,6,6,1.0,0.4375
M0201/img000601.jpg,M0201,601,1007,UnifAll,16,59.6528999885777,7,9,0,7,6,6,1.0,0.4375
M0201/img000601.jpg,M0201,601,1007,SAHI640,15,251.24820000200998,6,9,0,7,6,5,0.8333333333333334,0.4
M0201/img000602.jpg,M0201,602,1008,F640,12,21.668599991244264,6,6,0,7,6,5,0.8333333333333334,0.5
M0201/img000602.jpg,M0201,602,1008,F1280,17,27.378200000384822,7,10,0,7,6,6,1.0,0.4117647058823529
M0201/img000602.jpg,M0201,602,1008,DensK1,17,46.41049999918323,6,11,0,7,6,5,0.8333333333333334,0.35294117647058826
M0201/img000602.jpg,M0201,602,1008,UnifAll,17,101.07540000171866,6,11,0,7,6,5,0.8333333333333334,0.35294117647058826
M0201/img000602.jpg,M0201,602,1008,SAHI640,18,271.123999991687,5,13,0,7,6,4,0.6666666666666666,0.2777777777777778
M0201/img000603.jpg,M0201,603,1009,F640,11,20.75440000044182,6,5,0,7,6,5,0.8333333333333334,0.5454545454545454
M0201/img000603.jpg,M0201,603,1009,F1280,13,39.12370000034571,7,6,0,7,6,6,1.0,0.5384615384615384
M0201/img000603.jpg,M0201,603,1009,DensK1,15,53.646900007152,7,8,0,7,6,6,1.0,0.4666666666666667
M0201/img000603.jpg,M0201,603,1009,UnifAll,17,89.56900000339374,7,10,0,7,6,6,1.0,0.4117647058823529
M0201/img000603.jpg,M0201,603,1009,SAHI640,15,222.8781000012532,6,9,0,7,6,5,0.8333333333333334,0.4
M0201/img000604.jpg,M0201,604,1010,F640,12,20.15560001018457,5,7,0,7,6,4,0.6666666666666666,0.4166666666666667
M0201/img000604.jpg,M0201,604,1010,F1280,14,39.276600000448525,6,8,0,7,6,5,0.8333333333333334,0.42857142857142855
M0201/img000604.jpg,M0201,604,1010,DensK1,18,43.662000010954216,5,13,0,7,6,4,0.6666666666666666,0.2777777777777778
M0201/img000604.jpg,M0201,604,1010,UnifAll,18,60.127899996587075,5,13,0,7,6,4,0.6666666666666666,0.2777777777777778
M0201/img000604.jpg,M0201,604,1010,SAHI640,18,248.04660001245793,5,13,0,7,6,4,0.6666666666666666,0.2777777777777778
M0201/img000605.jpg,M0201,605,1011,F640,11,24.80939999804832,6,5,0,7,6,5,0.8333333333333334,0.5454545454545454
M0201/img000605.jpg,M0201,605,1011,F1280,16,40.829899997333996,6,10,0,7,6,5,0.8333333333333334,0.375
M0201/img000605.jpg,M0201,605,1011,DensK1,16,64.94260000181384,6,10,0,7,6,5,0.8333333333333334,0.375
M0201/img000605.jpg,M0201,605,1011,UnifAll,17,63.40179999824613,6,11,0,7,6,5,0.8333333333333334,0.35294117647058826
M0201/img000605.jpg,M0201,605,1011,SAHI640,17,260.6439999944996,4,13,0,7,6,3,0.5,0.23529411764705882
M0201/img000606.jpg,M0201,606,1012,F640,12,22.25729999190662,6,6,0,7,7,6,0.8571428571428571,0.5
M0201/img000606.jpg,M0201,606,1012,F1280,16,41.971500002546236,7,9,0,7,7,7,1.0,0.4375
M0201/img000606.jpg,M0201,606,1012,DensK1,18,44.90760000771843,7,11,0,7,7,7,1.0,0.3888888888888889
M0201/img000606.jpg,M0201,606,1012,UnifAll,18,80.04380000056699,7,11,0,7,7,7,1.0,0.3888888888888889
M0201/img000606.jpg,M0201,606,1012,SAHI640,17,293.4642000036547,5,12,0,7,7,5,0.7142857142857143,0.29411764705882354
M0201/img000607.jpg,M0201,607,1013,F640,15,26.1117999907583,7,8,0,7,7,7,1.0,0.4666666666666667
M0201/img000607.jpg,M0201,607,1013,F1280,16,38.68939999665599,7,9,0,7,7,7,1.0,0.4375
M0201/img000607.jpg,M0201,607,1013,DensK1,18,44.80600000533741,7,11,0,7,7,7,1.0,0.3888888888888889
M0201/img000607.jpg,M0201,607,1013,UnifAll,18,72.82149999809917,7,11,0,7,7,7,1.0,0.3888888888888889
M0201/img000607.jpg,M0201,607,1013,SAHI640,15,253.7607999984175,4,11,0,7,7,4,0.5714285714285714,0.26666666666666666
M0201/img000608.jpg,M0201,608,1014,F640,11,19.909499998902902,6,5,0,7,6,5,0.8333333333333334,0.5454545454545454
M0201/img000608.jpg,M0201,608,1014,F1280,16,49.2175999970641,7,9,0,7,6,6,1.0,0.4375
M0201/img000608.jpg,M0201,608,1014,DensK1,15,39.02219999872614,7,8,0,7,6,6,1.0,0.4666666666666667
M0201/img000608.jpg,M0201,608,1014,UnifAll,15,49.51009999786038,7,8,0,7,6,6,1.0,0.4666666666666667
M0201/img000608.jpg,M0201,608,1014,SAHI640,16,219.66570000222418,6,10,0,7,6,5,0.8333333333333334,0.375
M0201/img000609.jpg,M0201,609,1015,F640,10,23.269299999810755,6,4,0,7,7,6,0.8571428571428571,0.6
M0201/img000609.jpg,M0201,609,1015,F1280,14,28.709099991829135,6,8,0,7,7,6,0.8571428571428571,0.42857142857142855
M0201/img000609.jpg,M0201,609,1015,DensK1,16,40.51559999061283,6,10,0,7,7,6,0.8571428571428571,0.375
M0201/img000609.jpg,M0201,609,1015,UnifAll,18,59.93740000121761,6,12,0,7,7,6,0.8571428571428571,0.3333333333333333
M0201/img000609.jpg,M0201,609,1015,SAHI640,17,246.83530000038445,6,11,0,7,7,6,0.8571428571428571,0.35294117647058826
M0201/img000610.jpg,M0201,610,1016,F640,10,21.81459999701474,7,3,0,7,6,6,1.0,0.7
M0201/img000610.jpg,M0201,610,1016,F1280,14,29.26689999003429,6,8,0,7,6,5,0.8333333333333334,0.42857142857142855
M0201/img000610.jpg,M0201,610,1016,DensK1,16,44.006399999489076,7,9,0,7,6,6,1.0,0.4375
M0201/img000610.jpg,M0201,610,1016,UnifAll,17,67.97709999955259,7,10,0,7,6,6,1.0,0.4117647058823529
M0201/img000610.jpg,M0201,610,1016,SAHI640,16,252.32820000383072,6,10,0,7,6,5,0.8333333333333334,0.375
M0201/img000611.jpg,M0201,611,1017,F640,11,25.735800008988008,5,6,0,8,8,5,0.625,0.45454545454545453
M0201/img000611.jpg,M0201,611,1017,F1280,15,40.649399990797974,5,10,0,8,8,5,0.625,0.3333333333333333
M0201/img000611.jpg,M0201,611,1017,DensK1,15,51.25489999772981,6,9,0,8,8,6,0.75,0.4
M0201/img000611.jpg,M0201,611,1017,UnifAll,15,70.2342000004137,6,9,0,8,8,6,0.75,0.4
M0201/img000611.jpg,M0201,611,1017,SAHI640,17,238.89469999994617,6,11,0,8,8,6,0.75,0.35294117647058826
M0201/img000612.jpg,M0201,612,1018,F640,11,22.20859999943059,7,4,0,8,8,7,0.875,0.6363636363636364
M0201/img000612.jpg,M0201,612,1018,F1280,13,41.076100009377114,7,6,0,8,8,7,0.875,0.5384615384615384
M0201/img000612.jpg,M0201,612,1018,DensK1,16,52.15789999056142,6,10,0,8,8,6,0.75,0.375
M0201/img000612.jpg,M0201,612,1018,UnifAll,16,76.04040000296663,6,10,0,8,8,6,0.75,0.375
M0201/img000612.jpg,M0201,612,1018,SAHI640,18,288.8775000028545,6,12,0,8,8,6,0.75,0.3333333333333333
M0201/img000613.jpg,M0201,613,1019,F640,12,22.82710000872612,5,7,0,8,8,5,0.625,0.4166666666666667
M0201/img000613.jpg,M0201,613,1019,F1280,15,30.08570001111366,5,10,0,8,8,5,0.625,0.3333333333333333
M0201/img000613.jpg,M0201,613,1019,DensK1,17,39.27310000290163,6,11,0,8,8,6,0.75,0.35294117647058826
M0201/img000613.jpg,M0201,613,1019,UnifAll,17,64.3631999992067,6,11,0,8,8,6,0.75,0.35294117647058826
M0201/img000613.jpg,M0201,613,1019,SAHI640,16,324.3520999967586,6,10,0,8,8,6,0.75,0.375
M0201/img000614.jpg,M0201,614,1020,F640,11,19.50110000325367,7,4,0,8,8,7,0.875,0.6363636363636364
M0201/img000614.jpg,M0201,614,1020,F1280,14,37.084499999764375,6,8,0,8,8,6,0.75,0.42857142857142855
M0201/img000614.jpg,M0201,614,1020,DensK1,15,74.39930000691675,6,9,0,8,8,6,0.75,0.4
M0201/img000614.jpg,M0201,614,1020,UnifAll,15,55.36660000507254,6,9,0,8,8,6,0.75,0.4
M0201/img000614.jpg,M0201,614,1020,SAHI640,14,264.502200006973,6,8,0,8,8,6,0.75,0.42857142857142855
M0201/img000615.jpg,M0201,615,1021,F640,12,19.886399997631088,7,5,0,8,8,7,0.875,0.5833333333333334
M0201/img000615.jpg,M0201,615,1021,F1280,15,30.341399993631057,6,9,0,8,8,6,0.75,0.4
M0201/img000615.jpg,M0201,615,1021,DensK1,17,43.68619999149814,7,10,0,8,8,7,0.875,0.4117647058823529
M0201/img000615.jpg,M0201,615,1021,UnifAll,17,72.11540000571404,7,10,0,8,8,7,0.875,0.4117647058823529
M0201/img000615.jpg,M0201,615,1021,SAHI640,16,257.8529000020353,6,10,0,8,8,6,0.75,0.375
M0201/img000616.jpg,M0201,616,1022,F640,8,24.149500008206815,5,3,0,8,8,5,0.625,0.625
M0201/img000616.jpg,M0201,616,1022,F1280,13,29.063499998301268,6,7,0,8,8,6,0.75,0.46153846153846156
M0201/img000616.jpg,M0201,616,1022,DensK1,14,57.22649999370333,5,9,0,8,8,5,0.625,0.35714285714285715
M0201/img000616.jpg,M0201,616,1022,UnifAll,15,75.31440000457224,6,9,0,8,8,6,0.75,0.4
M0201/img000616.jpg,M0201,616,1022,SAHI640,16,238.47740000928752,7,9,0,8,8,7,0.875,0.4375
M0201/img000617.jpg,M0201,617,1023,F640,13,18.81429999775719,6,7,0,8,8,6,0.75,0.46153846153846156
M0201/img000617.jpg,M0201,617,1023,F1280,14,40.19169999810401,6,8,0,8,8,6,0.75,0.42857142857142855
M0201/img000617.jpg,M0201,617,1023,DensK1,17,69.36970000970177,6,11,0,8,8,6,0.75,0.35294117647058826
M0201/img000617.jpg,M0201,617,1023,UnifAll,18,66.68219999119174,6,12,0,8,8,6,0.75,0.3333333333333333
M0201/img000617.jpg,M0201,617,1023,SAHI640,16,239.1116999933729,6,10,0,8,8,6,0.75,0.375
M0201/img000618.jpg,M0201,618,1024,F640,9,20.026500002131797,5,4,0,8,8,5,0.625,0.5555555555555556
M0201/img000618.jpg,M0201,618,1024,F1280,16,43.007300002500415,7,9,0,8,8,7,0.875,0.4375
M0201/img000618.jpg,M0201,618,1024,DensK1,15,73.49939999403432,7,8,0,8,8,7,0.875,0.4666666666666667
M0201/img000618.jpg,M0201,618,1024,UnifAll,15,71.89579999248963,7,8,0,8,8,7,0.875,0.4666666666666667
M0201/img000618.jpg,M0201,618,1024,SAHI640,17,235.64309999346733,6,11,0,8,8,6,0.75,0.35294117647058826
M0201/img000619.jpg,M0201,619,1025,F640,11,21.39889998943545,7,4,0,8,8,7,0.875,0.6363636363636364
M0201/img000619.jpg,M0201,619,1025,F1280,17,54.37070000334643,7,10,0,8,8,7,0.875,0.4117647058823529
M0201/img000619.jpg,M0201,619,1025,DensK1,14,65.24369999533519,7,7,0,8,8,7,0.875,0.5
M0201/img000619.jpg,M0201,619,1025,UnifAll,15,63.71820000640582,7,8,0,8,8,7,0.875,0.4666666666666667
M0201/img000619.jpg,M0201,619,1025,SAHI640,14,223.0235999886645,6,8,0,8,8,6,0.75,0.42857142857142855
M0201/img000620.jpg,M0201,620,1026,F640,8,19.812400001683272,5,3,0,8,8,5,0.625,0.625
M0201/img000620.jpg,M0201,620,1026,F1280,16,53.15970000810921,6,10,0,8,8,6,0.75,0.375
M0201/img000620.jpg,M0201,620,1026,DensK1,16,56.855700007872656,6,10,0,8,8,6,0.75,0.375
M0201/img000620.jpg,M0201,620,1026,UnifAll,17,59.5541999937268,6,11,0,8,8,6,0.75,0.35294117647058826
M0201/img000620.jpg,M0201,620,1026,SAHI640,17,267.18940000864677,5,12,0,8,8,5,0.625,0.29411764705882354
M0201/img000621.jpg,M0201,621,1027,F640,10,24.58650000335183,5,5,0,8,8,5,0.625,0.5
M0201/img000621.jpg,M0201,621,1027,F1280,16,51.68499999854248,6,10,0,8,8,6,0.75,0.375
M0201/img000621.jpg,M0201,621,1027,DensK1,18,45.05529999732971,6,12,0,8,8,6,0.75,0.3333333333333333
M0201/img000621.jpg,M0201,621,1027,UnifAll,20,74.15970000147354,6,14,0,8,8,6,0.75,0.3
M0201/img000621.jpg,M0201,621,1027,SAHI640,17,235.3931000106968,6,11,0,8,8,6,0.75,0.35294117647058826
M0201/img000622.jpg,M0201,622,1028,F640,7,19.13050000439398,6,1,0,8,8,6,0.75,0.8571428571428571
M0201/img000622.jpg,M0201,622,1028,F1280,16,46.40030000882689,7,9,0,8,8,7,0.875,0.4375
M0201/img000622.jpg,M0201,622,1028,DensK1,18,44.5495000021765,7,11,0,8,8,7,0.875,0.3888888888888889
M0201/img000622.jpg,M0201,622,1028,UnifAll,20,68.24590000906028,7,13,0,8,8,7,0.875,0.35
M0201/img000622.jpg,M0201,622,1028,SAHI640,15,250.49520000175107,6,9,0,8,8,6,0.75,0.4
M0201/img000623.jpg,M0201,623,1029,F640,12,55.073299998184666,5,7,0,6,6,5,0.8333333333333334,0.4166666666666667
M0201/img000623.jpg,M0201,623,1029,F1280,15,50.44320000160951,5,10,0,6,6,5,0.8333333333333334,0.3333333333333333
M0201/img000623.jpg,M0201,623,1029,DensK1,18,44.8337999987416,5,13,0,6,6,5,0.8333333333333334,0.2777777777777778
M0201/img000623.jpg,M0201,623,1029,UnifAll,19,61.02330000430811,5,14,0,6,6,5,0.8333333333333334,0.2631578947368421
M0201/img000623.jpg,M0201,623,1029,SAHI640,18,255.576800002018,6,12,0,6,6,6,1.0,0.3333333333333333
M0201/img000624.jpg,M0201,624,1030,F640,11,17.414599991752766,5,6,0,6,6,5,0.8333333333333334,0.45454545454545453
M0201/img000624.jpg,M0201,624,1030,F1280,16,44.480700002168305,5,11,0,6,6,5,0.8333333333333334,0.3125
M0201/img000624.jpg,M0201,624,1030,DensK1,16,40.19079999125097,5,11,0,6,6,5,0.8333333333333334,0.3125
M0201/img000624.jpg,M0201,624,1030,UnifAll,18,60.69509999360889,5,13,0,6,6,5,0.8333333333333334,0.2777777777777778
M0201/img000624.jpg,M0201,624,1030,SAHI640,15,468.960900005186,6,9,0,6,6,6,1.0,0.4
M0201/img000625.jpg,M0201,625,1031,F640,9,20.185900008073077,5,4,0,6,6,5,0.8333333333333334,0.5555555555555556
M0201/img000625.jpg,M0201,625,1031,F1280,14,41.821100006927736,5,9,0,6,6,5,0.8333333333333334,0.35714285714285715
M0201/img000625.jpg,M0201,625,1031,DensK1,18,40.15369999979157,5,13,0,6,6,5,0.8333333333333334,0.2777777777777778
M0201/img000625.jpg,M0201,625,1031,UnifAll,18,63.49230000341777,5,13,0,6,6,5,0.8333333333333334,0.2777777777777778
M0201/img000625.jpg,M0201,625,1031,SAHI640,14,246.35739999939688,6,8,0,6,6,6,1.0,0.42857142857142855
M0201/img000626.jpg,M0201,626,1032,F640,10,21.21939999051392,5,5,0,6,6,5,0.8333333333333334,0.5
M0201/img000626.jpg,M0201,626,1032,F1280,18,42.74169998825528,5,13,0,6,6,5,0.8333333333333334,0.2777777777777778
M0201/img000626.jpg,M0201,626,1032,DensK1,16,45.63079999934416,5,11,0,6,6,5,0.8333333333333334,0.3125
M0201/img000626.jpg,M0201,626,1032,UnifAll,17,63.597699991078116,5,12,0,6,6,5,0.8333333333333334,0.29411764705882354
M0201/img000626.jpg,M0201,626,1032,SAHI640,19,250.34649998997338,6,13,0,6,6,6,1.0,0.3157894736842105
M0201/img000627.jpg,M0201,627,1033,F640,9,18.288599996594712,5,4,0,6,6,5,0.8333333333333334,0.5555555555555556
M0201/img000627.jpg,M0201,627,1033,F1280,16,36.32119999383576,5,11,0,6,6,5,0.8333333333333334,0.3125
M0201/img000627.jpg,M0201,627,1033,DensK1,16,33.7227999989409,5,11,0,6,6,5,0.8333333333333334,0.3125
M0201/img000627.jpg,M0201,627,1033,UnifAll,17,62.27630001376383,5,12,0,6,6,5,0.8333333333333334,0.29411764705882354
M0201/img000627.jpg,M0201,627,1033,SAHI640,17,256.3668999937363,4,13,0,6,6,4,0.6666666666666666,0.23529411764705882
M0201/img000628.jpg,M0201,628,1034,F640,12,25.902899986249395,5,7,0,6,6,5,0.8333333333333334,0.4166666666666667
M0201/img000628.jpg,M0201,628,1034,F1280,14,35.717000006115995,5,9,0,6,6,5,0.8333333333333334,0.35714285714285715
M0201/img000628.jpg,M0201,628,1034,DensK1,17,42.07799999858253,5,12,0,6,6,5,0.8333333333333334,0.29411764705882354
M0201/img000628.jpg,M0201,628,1034,UnifAll,18,56.29990001034457,5,13,0,6,6,5,0.8333333333333334,0.2777777777777778
M0201/img000628.jpg,M0201,628,1034,SAHI640,17,242.60380001214799,6,11,0,6,6,6,1.0,0.35294117647058826
M0201/img000629.jpg,M0201,629,1035,F640,8,17.743899996276014,5,3,0,6,6,5,0.8333333333333334,0.625
M0201/img000629.jpg,M0201,629,1035,F1280,14,40.29420000733808,5,9,0,6,6,5,0.8333333333333334,0.35714285714285715
M0201/img000629.jpg,M0201,629,1035,DensK1,15,41.033799992874265,5,10,0,6,6,5,0.8333333333333334,0.3333333333333333
M0201/img000629.jpg,M0201,629,1035,UnifAll,17,59.959099991829135,5,12,0,6,6,5,0.8333333333333334,0.29411764705882354
M0201/img000629.jpg,M0201,629,1035,SAHI640,13,246.63389999477658,6,7,0,6,6,6,1.0,0.46153846153846156
M0201/img000630.jpg,M0201,630,1036,F640,10,22.288899999693967,5,5,0,6,6,5,0.8333333333333334,0.5
M0201/img000630.jpg,M0201,630,1036,F1280,13,41.76999999617692,4,9,0,6,6,4,0.6666666666666666,0.3076923076923077
M0201/img000630.jpg,M0201,630,1036,DensK1,16,42.661500003305264,5,11,0,6,6,5,0.8333333333333334,0.3125
M0201/img000630.jpg,M0201,630,1036,UnifAll,16,63.476199997239746,5,11,0,6,6,5,0.8333333333333334,0.3125
M0201/img000630.jpg,M0201,630,1036,SAHI640,13,251.55139999696985,5,8,0,6,6,5,0.8333333333333334,0.38461538461538464
M0201/img000631.jpg,M0201,631,1037,F640,10,22.650899991276674,4,6,0,5,5,4,0.8,0.4
M0201/img000631.jpg,M0201,631,1037,F1280,14,38.93389999575447,4,10,0,5,5,4,0.8,0.2857142857142857
M0201/img000631.jpg,M0201,631,1037,DensK1,15,91.18909999961033,4,11,0,5,5,4,0.8,0.26666666666666666
M0201/img000631.jpg,M0201,631,1037,UnifAll,15,85.15769999939948,4,11,0,5,5,4,0.8,0.26666666666666666
M0201/img000631.jpg,M0201,631,1037,SAHI640,14,277.7373999997508,4,10,0,5,5,4,0.8,0.2857142857142857
M0201/img000632.jpg,M0201,632,1038,F640,9,17.403400008333847,4,5,0,5,4,3,0.75,0.4444444444444444
M0201/img000632.jpg,M0201,632,1038,F1280,15,38.358800011337735,4,11,0,5,4,3,0.75,0.26666666666666666
M0201/img000632.jpg,M0201,632,1038,DensK1,14,62.33509999583475,4,10,0,5,4,3,0.75,0.2857142857142857
M0201/img000632.jpg,M0201,632,1038,UnifAll,15,63.810599996941164,4,11,0,5,4,3,0.75,0.26666666666666666
M0201/img000632.jpg,M0201,632,1038,SAHI640,16,274.1980999999214,5,11,0,5,4,4,1.0,0.3125
M0201/img000633.jpg,M0201,633,1039,F640,13,20.46300000802148,5,8,0,5,4,4,1.0,0.38461538461538464
M0201/img000633.jpg,M0201,633,1039,F1280,15,35.81960000155959,5,10,0,5,4,4,1.0,0.3333333333333333
M0201/img000633.jpg,M0201,633,1039,DensK1,17,48.295299988240004,5,12,0,5,4,4,1.0,0.29411764705882354
M0201/img000633.jpg,M0201,633,1039,UnifAll,19,62.08180000248831,5,14,0,5,4,4,1.0,0.2631578947368421
M0201/img000633.jpg,M0201,633,1039,SAHI640,15,255.49209999735467,5,10,0,5,4,4,1.0,0.3333333333333333
M0201/img000634.jpg,M0201,634,1040,F640,14,20.391600002767518,5,9,0,5,4,4,1.0,0.35714285714285715
M0201/img000634.jpg,M0201,634,1040,F1280,9,54.00190000364091,5,4,0,5,4,4,1.0,0.5555555555555556
M0201/img000634.jpg,M0201,634,1040,DensK1,16,43.3268000051612,5,11,0,5,4,4,1.0,0.3125
M0201/img000634.jpg,M0201,634,1040,UnifAll,18,66.11830000474583,5,13,0,5,4,4,1.0,0.2777777777777778
M0201/img000634.jpg,M0201,634,1040,SAHI640,17,242.22469999222085,4,13,0,5,4,3,0.75,0.23529411764705882
M0201/img000635.jpg,M0201,635,1041,F640,9,18.93019999261014,4,5,0,5,4,3,0.75,0.4444444444444444
M0201/img000635.jpg,M0201,635,1041,F1280,11,44.97589998936746,4,7,0,5,4,3,0.75,0.36363636363636365
M0201/img000635.jpg,M0201,635,1041,DensK1,14,51.09870000160299,5,9,0,5,4,4,1.0,0.35714285714285715
M0201/img000635.jpg,M0201,635,1041,UnifAll,15,64.0653000009479,5,10,0,5,4,4,1.0,0.3333333333333333
M0201/img000635.jpg,M0201,635,1041,SAHI640,17,266.3620999956038,5,12,0,5,4,4,1.0,0.29411764705882354
M0201/img000636.jpg,M0201,636,1042,F640,9,22.13789999950677,4,5,0,5,4,3,0.75,0.4444444444444444
M0201/img000636.jpg,M0201,636,1042,F1280,11,35.332400002516806,5,6,0,5,4,4,1.0,0.45454545454545453
M0201/img000636.jpg,M0201,636,1042,DensK1,13,56.25179999333341,5,8,0,5,4,4,1.0,0.38461538461538464
M0201/img000636.jpg,M0201,636,1042,UnifAll,13,65.54850000247825,5,8,0,5,4,4,1.0,0.38461538461538464
M0201/img000636.jpg,M0201,636,1042,SAHI640,14,262.8931999934139,5,9,0,5,4,4,1.0,0.35714285714285715
M0201/img000637.jpg,M0201,637,1043,F640,8,21.254399995086715,4,4,0,5,4,3,0.75,0.5
M0201/img000637.jpg,M0201,637,1043,F1280,13,38.0221000086749,4,9,0,5,4,3,0.75,0.3076923076923077
M0201/img000637.jpg,M0201,637,1043,DensK1,14,44.48119999142364,4,10,0,5,4,3,0.75,0.2857142857142857
M0201/img000637.jpg,M0201,637,1043,UnifAll,15,61.90929999866057,4,11,0,5,4,3,0.75,0.26666666666666666
M0201/img000637.jpg,M0201,637,1043,SAHI640,14,234.8550000024261,5,9,0,5,4,4,1.0,0.35714285714285715
M0201/img000638.jpg,M0201,638,1044,F640,8,18.887700003688224,4,4,0,5,5,4,0.8,0.5
M0201/img000638.jpg,M0201,638,1044,F1280,12,28.45280000474304,4,8,0,5,5,4,0.8,0.3333333333333333
M0201/img000638.jpg,M0201,638,1044,DensK1,14,44.70529999525752,5,9,0,5,5,5,1.0,0.35714285714285715
M0201/img000638.jpg,M0201,638,1044,UnifAll,14,67.98170000547543,5,9,0,5,5,5,1.0,0.35714285714285715
M0201/img000638.jpg,M0201,638,1044,SAHI640,16,245.97380000341218,5,11,0,5,5,5,1.0,0.3125
M0201/img000639.jpg,M0201,639,1045,F640,8,20.79039999807719,4,4,0,5,5,4,0.8,0.5
M0201/img000639.jpg,M0201,639,1045,F1280,14,28.260300008696504,4,10,0,5,5,4,0.8,0.2857142857142857
M0201/img000639.jpg,M0201,639,1045,DensK1,14,39.423300011549145,4,10,0,5,5,4,0.8,0.2857142857142857
M0201/img000639.jpg,M0201,639,1045,UnifAll,17,56.93469999823719,4,13,0,5,5,4,0.8,0.23529411764705882
M0201/img000639.jpg,M0201,639,1045,SAHI640,13,252.42380000418052,5,8,0,5,5,5,1.0,0.38461538461538464
M0201/img000640.jpg,M0201,640,1046,F640,11,20.413999998709187,5,6,0,5,5,5,1.0,0.45454545454545453
M0201/img000640.jpg,M0201,640,1046,F1280,15,29.427000001305714,5,10,0,5,5,5,1.0,0.3333333333333333
M0201/img000640.jpg,M0201,640,1046,DensK1,16,42.92680000071414,5,11,0,5,5,5,1.0,0.3125
M0201/img000640.jpg,M0201,640,1046,UnifAll,18,53.49219999334309,5,13,0,5,5,5,1.0,0.2777777777777778
M0201/img000640.jpg,M0201,640,1046,SAHI640,15,255.8426000032341,4,11,0,5,5,4,0.8,0.26666666666666666
M0201/img000641.jpg,M0201,641,1047,F640,11,22.423799993703142,4,7,0,5,5,4,0.8,0.36363636363636365
M0201/img000641.jpg,M0201,641,1047,F1280,12,27.28939999360591,5,7,0,5,5,5,1.0,0.4166666666666667
M0201/img000641.jpg,M0201,641,1047,DensK1,14,45.39300000760704,5,9,0,5,5,5,1.0,0.35714285714285715
M0201/img000641.jpg,M0201,641,1047,UnifAll,14,59.19660000654403,5,9,0,5,5,5,1.0,0.35714285714285715
M0201/img000641.jpg,M0201,641,1047,SAHI640,15,255.67399999999907,5,10,0,5,5,5,1.0,0.3333333333333333
M0201/img000642.jpg,M0201,642,1048,F640,8,25.6775000016205,4,4,0,5,5,4,0.8,0.5
M0201/img000642.jpg,M0201,642,1048,F1280,14,27.17050000501331,5,9,0,5,5,5,1.0,0.35714285714285715
M0201/img000642.jpg,M0201,642,1048,DensK1,12,46.87450001074467,5,7,0,5,5,5,1.0,0.4166666666666667
M0201/img000642.jpg,M0201,642,1048,UnifAll,13,58.0789000086952,5,8,0,5,5,5,1.0,0.38461538461538464
M0201/img000642.jpg,M0201,642,1048,SAHI640,11,256.11029998981394,5,6,0,5,5,5,1.0,0.45454545454545453
M0201/img000643.jpg,M0201,643,1049,F640,9,19.69739999913145,5,4,0,5,5,5,1.0,0.5555555555555556
M0201/img000643.jpg,M0201,643,1049,F1280,11,32.7982000017073,5,6,0,5,5,5,1.0,0.45454545454545453
M0201/img000643.jpg,M0201,643,1049,DensK1,14,33.218299999134615,5,9,0,5,5,5,1.0,0.35714285714285715
M0201/img000643.jpg,M0201,643,1049,UnifAll,15,54.50189999828581,5,10,0,5,5,5,1.0,0.3333333333333333
M0201/img000643.jpg,M0201,643,1049,SAHI640,14,232.4393000017153,5,9,0,5,5,5,1.0,0.35714285714285715
M0201/img000644.jpg,M0201,644,1050,F640,8,20.59709999593906,5,3,0,5,5,5,1.0,0.625
M0201/img000644.jpg,M0201,644,1050,F1280,15,28.74760000850074,5,10,0,5,5,5,1.0,0.3333333333333333
M0201/img000644.jpg,M0201,644,1050,DensK1,15,41.270599991548806,5,10,0,5,5,5,1.0,0.3333333333333333
M0201/img000644.jpg,M0201,644,1050,UnifAll,16,72.30800000252202,5,11,0,5,5,5,1.0,0.3125
M0201/img000644.jpg,M0201,644,1050,SAHI640,13,223.121800008812,5,8,0,5,5,5,1.0,0.38461538461538464
M0201/img000645.jpg,M0201,645,1051,F640,7,20.68469999358058,5,2,0,5,5,5,1.0,0.7142857142857143
M0201/img000645.jpg,M0201,645,1051,F1280,15,35.357699991436675,5,10,0,5,5,5,1.0,0.3333333333333333
M0201/img000645.jpg,M0201,645,1051,DensK1,13,40.26449999946635,5,8,0,5,5,5,1.0,0.38461538461538464
M0201/img000645.jpg,M0201,645,1051,UnifAll,14,77.0565999991959,5,9,0,5,5,5,1.0,0.35714285714285715
M0201/img000645.jpg,M0201,645,1051,SAHI640,11,232.2241999936523,5,6,0,5,5,5,1.0,0.45454545454545453
M0201/img000646.jpg,M0201,646,1052,F640,9,17.36299999174662,4,5,0,5,5,4,0.8,0.4444444444444444
M0201/img000646.jpg,M0201,646,1052,F1280,17,34.85769999679178,5,12,0,5,5,5,1.0,0.29411764705882354
M0201/img000646.jpg,M0201,646,1052,DensK1,15,38.43300000880845,5,10,0,5,5,5,1.0,0.3333333333333333
M0201/img000646.jpg,M0201,646,1052,UnifAll,15,92.06710000580642,5,10,0,5,5,5,1.0,0.3333333333333333
M0201/img000646.jpg,M0201,646,1052,SAHI640,12,225.1856999937445,5,7,0,5,5,5,1.0,0.4166666666666667
M0201/img000647.jpg,M0201,647,1053,F640,8,18.411199998809025,4,4,0,5,5,4,0.8,0.5
M0201/img000647.jpg,M0201,647,1053,F1280,13,29.50260000943672,5,8,0,5,5,5,1.0,0.38461538461538464
M0201/img000647.jpg,M0201,647,1053,DensK1,15,36.4899999985937,5,10,0,5,5,5,1.0,0.3333333333333333
M0201/img000647.jpg,M0201,647,1053,UnifAll,16,59.273599996231496,5,11,0,5,5,5,1.0,0.3125
M0201/img000647.jpg,M0201,647,1053,SAHI640,16,238.56290000549052,5,11,0,5,5,5,1.0,0.3125
M0201/img000648.jpg,M0201,648,1054,F640,8,17.902899999171495,3,5,0,3,3,3,1.0,0.375
M0201/img000648.jpg,M0201,648,1054,F1280,14,37.57239998958539,2,12,0,3,3,2,0.6666666666666666,0.14285714285714285
M0201/img000648.jpg,M0201,648,1054,DensK1,13,38.55909999401774,3,10,0,3,3,3,1.0,0.23076923076923078
M0201/img000648.jpg,M0201,648,1054,UnifAll,15,60.63569999241736,3,12,0,3,3,3,1.0,0.2
M0201/img000648.jpg,M0201,648,1054,SAHI640,10,250.97290000121575,3,7,0,3,3,3,1.0,0.3
M0201/img000649.jpg,M0201,649,1055,F640,10,21.003800007747486,2,8,0,3,3,2,0.6666666666666666,0.2
M0201/img000649.jpg,M0201,649,1055,F1280,15,36.02610000234563,2,13,0,3,3,2,0.6666666666666666,0.13333333333333333
M0201/img000649.jpg,M0201,649,1055,DensK1,17,43.344499994418584,2,15,0,3,3,2,0.6666666666666666,0.11764705882352941
M0201/img000649.jpg,M0201,649,1055,UnifAll,18,83.93860000069253,2,16,0,3,3,2,0.6666666666666666,0.1111111111111111
M0201/img000649.jpg,M0201,649,1055,SAHI640,16,234.7208999999566,3,13,0,3,3,3,1.0,0.1875
M0201/img000650.jpg,M0201,650,1056,F640,10,18.998900006408803,4,6,0,4,4,4,1.0,0.4
M0201/img000650.jpg,M0201,650,1056,F1280,13,37.68490000220481,4,9,0,4,4,4,1.0,0.3076923076923077
M0201/img000650.jpg,M0201,650,1056,DensK1,15,43.29190000134986,4,11,0,4,4,4,1.0,0.26666666666666666
M0201/img000650.jpg,M0201,650,1056,UnifAll,16,73.64229999075178,4,12,0,4,4,4,1.0,0.25
M0201/img000650.jpg,M0201,650,1056,SAHI640,13,274.9894000007771,4,9,0,4,4,4,1.0,0.3076923076923077
M0201/img000651.jpg,M0201,651,1057,F640,7,20.09780000662431,4,3,0,4,4,4,1.0,0.5714285714285714
M0201/img000651.jpg,M0201,651,1057,F1280,11,39.72839999187272,4,7,0,4,4,4,1.0,0.36363636363636365
M0201/img000651.jpg,M0201,651,1057,DensK1,11,40.118999997503124,4,7,0,4,4,4,1.0,0.36363636363636365
M0201/img000651.jpg,M0201,651,1057,UnifAll,12,59.89170000248123,4,8,0,4,4,4,1.0,0.3333333333333333
M0201/img000651.jpg,M0201,651,1057,SAHI640,12,229.0159000112908,4,8,0,4,4,4,1.0,0.3333333333333333
M0201/img000652.jpg,M0201,652,1058,F640,8,25.376100005814806,4,4,0,4,4,4,1.0,0.5
M0201/img000652.jpg,M0201,652,1058,F1280,10,39.43629999412224,3,7,0,4,4,3,0.75,0.3
M0201/img000652.jpg,M0201,652,1058,DensK1,11,43.05799999565352,4,7,0,4,4,4,1.0,0.36363636363636365
M0201/img000652.jpg,M0201,652,1058,UnifAll,13,69.3885000073351,4,9,0,4,4,4,1.0,0.3076923076923077
M0201/img000652.jpg,M0201,652,1058,SAHI640,14,257.27819999156054,4,10,0,4,4,4,1.0,0.2857142857142857
M0201/img000653.jpg,M0201,653,1059,F640,12,20.385600000736304,4,8,0,4,4,4,1.0,0.3333333333333333
M0201/img000653.jpg,M0201,653,1059,F1280,12,46.460300000035204,3,9,0,4,4,3,0.75,0.25
M0201/img000653.jpg,M0201,653,1059,DensK1,14,42.19530000409577,3,11,0,4,4,3,0.75,0.21428571428571427
M0201/img000653.jpg,M0201,653,1059,UnifAll,15,59.551500002271496,3,12,0,4,4,3,0.75,0.2
M0201/img000653.jpg,M0201,653,1059,SAHI640,15,234.26179999660235,4,11,0,4,4,4,1.0,0.26666666666666666
M0201/img000654.jpg,M0201,654,1060,F640,7,21.82409999659285,3,4,0,4,3,2,0.6666666666666666,0.42857142857142855
M0201/img000654.jpg,M0201,654,1060,F1280,12,26.935100002447143,3,9,0,4,3,2,0.6666666666666666,0.25
M0201/img000654.jpg,M0201,654,1060,DensK1,12,39.99140000087209,4,8,0,4,3,3,1.0,0.3333333333333333
M0201/img000654.jpg,M0201,654,1060,UnifAll,14,60.425000003306195,4,10,0,4,3,3,1.0,0.2857142857142857
M0201/img000654.jpg,M0201,654,1060,SAHI640,13,282.8866000054404,4,9,0,4,3,3,1.0,0.3076923076923077
M0201/img000655.jpg,M0201,655,1061,F640,7,21.072400006232783,3,4,0,4,3,2,0.6666666666666666,0.42857142857142855
M0201/img000655.jpg,M0201,655,1061,F1280,13,27.6033000118332,3,10,0,4,3,2,0.6666666666666666,0.23076923076923078
M0201/img000655.jpg,M0201,655,1061,DensK1,13,36.2468999956036,4,9,0,4,3,3,1.0,0.3076923076923077
M0201/img000655.jpg,M0201,655,1061,UnifAll,15,59.55309999990277,4,11,0,4,3,3,1.0,0.26666666666666666
M0201/img000655.jpg,M0201,655,1061,SAHI640,14,242.58849999750964,4,10,0,4,3,3,1.0,0.2857142857142857
M0201/img000656.jpg,M0201,656,1062,F640,9,19.376099997316487,4,5,0,4,3,3,1.0,0.4444444444444444
M0201/img000656.jpg,M0201,656,1062,F1280,12,25.09559999452904,3,9,0,4,3,2,0.6666666666666666,0.25
M0201/img000656.jpg,M0201,656,1062,DensK1,14,37.86139999283478,3,11,0,4,3,2,0.6666666666666666,0.21428571428571427
M0201/img000656.jpg,M0201,656,1062,UnifAll,15,57.246399999712594,3,12,0,4,3,2,0.6666666666666666,0.2
M0201/img000656.jpg,M0201,656,1062,SAHI640,13,246.91219998931047,4,9,0,4,3,3,1.0,0.3076923076923077
M0201/img000657.jpg,M0201,657,1063,F640,11,18.091200006892905,4,7,0,4,3,3,1.0,0.36363636363636365
M0201/img000657.jpg,M0201,657,1063,F1280,14,32.93950000079349,3,11,0,4,3,2,0.6666666666666666,0.21428571428571427
M0201/img000657.jpg,M0201,657,1063,DensK1,15,52.42780000844505,3,12,0,4,3,2,0.6666666666666666,0.2
M0201/img000657.jpg,M0201,657,1063,UnifAll,15,55.90130000200588,3,12,0,4,3,2,0.6666666666666666,0.2
M0201/img000657.jpg,M0201,657,1063,SAHI640,13,230.86110000440385,4,9,0,4,3,3,1.0,0.3076923076923077
M0201/img000658.jpg,M0201,658,1064,F640,10,17.903200001455843,4,6,0,4,3,3,1.0,0.4
M0201/img000658.jpg,M0201,658,1064,F1280,12,32.170300008147024,3,9,0,4,3,2,0.6666666666666666,0.25
M0201/img000658.jpg,M0201,658,1064,DensK1,14,44.27929999656044,3,11,0,4,3,2,0.6666666666666666,0.21428571428571427
M0201/img000658.jpg,M0201,658,1064,UnifAll,14,63.7568999954965,3,11,0,4,3,2,0.6666666666666666,0.21428571428571427
M0201/img000658.jpg,M0201,658,1064,SAHI640,14,235.18200000398792,4,10,0,4,3,3,1.0,0.2857142857142857
M0201/img000659.jpg,M0201,659,1065,F640,11,19.98559999628924,4,7,0,4,3,3,1.0,0.36363636363636365
M0201/img000659.jpg,M0201,659,1065,F1280,15,39.16939999908209,3,12,0,4,3,2,0.6666666666666666,0.2
M0201/img000659.jpg,M0201,659,1065,DensK1,14,38.7163999985205,3,11,0,4,3,2,0.6666666666666666,0.21428571428571427
M0201/img000659.jpg,M0201,659,1065,UnifAll,14,67.63249999494292,3,11,0,4,3,2,0.6666666666666666,0.21428571428571427
M0201/img000659.jpg,M0201,659,1065,SAHI640,12,244.0086999995401,4,8,0,4,3,3,1.0,0.3333333333333333
M0201/img000660.jpg,M0201,660,1066,F640,12,20.777700003236532,4,8,0,4,3,3,1.0,0.3333333333333333
M0201/img000660.jpg,M0201,660,1066,F1280,14,36.506000004010275,4,10,0,4,3,3,1.0,0.2857142857142857
M0201/img000660.jpg,M0201,660,1066,DensK1,18,42.23479999927804,4,14,0,4,3,3,1.0,0.2222222222222222
M0201/img000660.jpg,M0201,660,1066,UnifAll,19,58.560799996485,4,15,0,4,3,3,1.0,0.21052631578947367
M0201/img000660.jpg,M0201,660,1066,SAHI640,17,231.97199999412987,4,13,0,4,3,3,1.0,0.23529411764705882
M0201/img000661.jpg,M0201,661,1067,F640,8,17.043900006683543,3,5,0,4,4,3,0.75,0.375
M0201/img000661.jpg,M0201,661,1067,F1280,12,37.00199999730103,3,9,0,4,4,3,0.75,0.25
M0201/img000661.jpg,M0201,661,1067,DensK1,12,41.59760000766255,3,9,0,4,4,3,0.75,0.25
M0201/img000661.jpg,M0201,661,1067,UnifAll,13,72.64100000611506,3,10,0,4,4,3,0.75,0.23076923076923078
M0201/img000661.jpg,M0201,661,1067,SAHI640,16,396.6204000025755,3,13,0,4,4,3,0.75,0.1875
M0201/img000662.jpg,M0201,662,1068,F640,6,18.671900004846975,3,3,0,4,4,3,0.75,0.5
M0201/img000662.jpg,M0201,662,1068,F1280,16,35.45369999483228,3,13,0,4,4,3,0.75,0.1875
M0201/img000662.jpg,M0201,662,1068,DensK1,14,41.98930000711698,2,12,0,4,4,2,0.5,0.14285714285714285
M0201/img000662.jpg,M0201,662,1068,UnifAll,14,66.62840000353754,2,12,0,4,4,2,0.5,0.14285714285714285
M0201/img000662.jpg,M0201,662,1068,SAHI640,14,255.608100007521,3,11,0,4,4,3,0.75,0.21428571428571427
M0201/img000663.jpg,M0201,663,1069,F640,7,16.107899995404296,3,4,0,4,4,3,0.75,0.42857142857142855
M0201/img000663.jpg,M0201,663,1069,F1280,13,32.50109999498818,3,10,0,4,4,3,0.75,0.23076923076923078
M0201/img000663.jpg,M0201,663,1069,DensK1,15,38.0215000041062,4,11,0,4,4,4,1.0,0.26666666666666666
M0201/img000663.jpg,M0201,663,1069,UnifAll,16,65.47590000263881,4,12,0,4,4,4,1.0,0.25
M0201/img000663.jpg,M0201,663,1069,SAHI640,12,265.41019999422133,3,9,0,4,4,3,0.75,0.25
M0201/img000664.jpg,M0201,664,1070,F640,6,19.047999987378716,3,3,0,4,4,3,0.75,0.5
M0201/img000664.jpg,M0201,664,1070,F1280,14,37.4292000051355,3,11,0,4,4,3,0.75,0.21428571428571427
M0201/img000664.jpg,M0201,664,1070,DensK1,11,44.85559999011457,3,8,0,4,4,3,0.75,0.2727272727272727
M0201/img000664.jpg,M0201,664,1070,UnifAll,13,60.44990000373218,3,10,0,4,4,3,0.75,0.23076923076923078
M0201/img000664.jpg,M0201,664,1070,SAHI640,13,248.59670001023915,3,10,0,4,4,3,0.75,0.23076923076923078
M0201/img000665.jpg,M0201,665,1071,F640,10,20.83639999909792,4,6,0,4,4,4,1.0,0.4
M0201/img000665.jpg,M0201,665,1071,F1280,14,38.15239999676123,4,10,0,4,4,4,1.0,0.2857142857142857
M0201/img000665.jpg,M0201,665,1071,DensK1,13,60.57370000053197,4,9,0,4,4,4,1.0,0.3076923076923077
M0201/img000665.jpg,M0201,665,1071,UnifAll,17,60.36229999153875,4,13,0,4,4,4,1.0,0.23529411764705882
M0201/img000665.jpg,M0201,665,1071,SAHI640,13,233.49949999828823,4,9,0,4,4,4,1.0,0.3076923076923077
M0201/img000666.jpg,M0201,666,1072,F640,9,20.573899993905798,4,5,0,4,3,3,1.0,0.4444444444444444
M0201/img000666.jpg,M0201,666,1072,F1280,14,39.20749999815598,4,10,0,4,3,3,1.0,0.2857142857142857
M0201/img000666.jpg,M0201,666,1072,DensK1,11,72.04929999716114,4,7,0,4,3,3,1.0,0.36363636363636365
M0201/img000666.jpg,M0201,666,1072,UnifAll,13,62.363100005313754,4,9,0,4,3,3,1.0,0.3076923076923077
M0201/img000666.jpg,M0201,666,1072,SAHI640,15,263.19599999987986,3,12,0,4,3,2,0.6666666666666666,0.2
M0201/img000667.jpg,M0201,667,1073,F640,7,21.363499996368773,4,3,0,4,3,3,1.0,0.5714285714285714
M0201/img000667.jpg,M0201,667,1073,F1280,12,36.143000004813075,4,8,0,4,3,3,1.0,0.3333333333333333
M0201/img000667.jpg,M0201,667,1073,DensK1,11,59.96430000232067,3,8,0,4,3,2,0.6666666666666666,0.2727272727272727
M0201/img000667.jpg,M0201,667,1073,UnifAll,13,57.99499999557156,3,10,0,4,3,2,0.6666666666666666,0.23076923076923078
M0201/img000667.jpg,M0201,667,1073,SAHI640,14,241.2707000039518,3,11,0,4,3,2,0.6666666666666666,0.21428571428571427
M0201/img000668.jpg,M0201,668,1074,F640,7,40.53559999738354,4,3,0,4,3,3,1.0,0.5714285714285714
M0201/img000668.jpg,M0201,668,1074,F1280,13,26.878999997279607,4,9,0,4,3,3,1.0,0.3076923076923077
M0201/img000668.jpg,M0201,668,1074,DensK1,15,35.501999998814426,4,11,0,4,3,3,1.0,0.26666666666666666
M0201/img000668.jpg,M0201,668,1074,UnifAll,16,76.92479999968782,4,12,0,4,3,3,1.0,0.25
M0201/img000668.jpg,M0201,668,1074,SAHI640,15,221.0122000105912,3,12,0,4,3,2,0.6666666666666666,0.2
M0201/img000669.jpg,M0201,669,1075,F640,7,19.819000008283183,4,3,0,4,3,3,1.0,0.5714285714285714
M0201/img000669.jpg,M0201,669,1075,F1280,12,30.753400002140552,4,8,0,4,3,3,1.0,0.3333333333333333
M0201/img000669.jpg,M0201,669,1075,DensK1,9,40.24219998973422,4,5,0,4,3,3,1.0,0.4444444444444444
M0201/img000669.jpg,M0201,669,1075,UnifAll,14,59.513300002436154,4,10,0,4,3,3,1.0,0.2857142857142857
M0201/img000669.jpg,M0201,669,1075,SAHI640,15,251.08020000334363,4,11,0,4,3,3,1.0,0.26666666666666666
M0201/img000670.jpg,M0201,670,1076,F640,8,19.429899999522604,4,4,0,4,3,3,1.0,0.5
M0201/img000670.jpg,M0201,670,1076,F1280,12,36.811899990425445,4,8,0,4,3,3,1.0,0.3333333333333333
M0201/img000670.jpg,M0201,670,1076,DensK1,14,41.40929999994114,4,10,0,4,3,3,1.0,0.2857142857142857
M0201/img000670.jpg,M0201,670,1076,UnifAll,15,64.59759999415837,4,11,0,4,3,3,1.0,0.26666666666666666
M0201/img000670.jpg,M0201,670,1076,SAHI640,14,239.36189999221824,4,10,0,4,3,3,1.0,0.2857142857142857
M0201/img000671.jpg,M0201,671,1077,F640,10,19.566500006476417,5,5,0,5,4,4,1.0,0.5
M0201/img000671.jpg,M0201,671,1077,F1280,14,38.98209999897517,5,9,0,5,4,4,1.0,0.35714285714285715
M0201/img000671.jpg,M0201,671,1077,DensK1,14,55.37689999619033,5,9,0,5,4,4,1.0,0.35714285714285715
M0201/img000671.jpg,M0201,671,1077,UnifAll,16,63.56979999691248,5,11,0,5,4,4,1.0,0.3125
M0201/img000671.jpg,M0201,671,1077,SAHI640,13,229.46149999916088,4,9,0,5,4,3,0.75,0.3076923076923077
M0201/img000672.jpg,M0201,672,1078,F640,6,18.007199993007816,3,3,0,5,3,2,0.6666666666666666,0.5
M0201/img000672.jpg,M0201,672,1078,F1280,13,38.81259998888709,5,8,0,5,3,3,1.0,0.38461538461538464
M0201/img000672.jpg,M0201,672,1078,DensK1,13,41.01289999380242,5,8,0,5,3,3,1.0,0.38461538461538464
M0201/img000672.jpg,M0201,672,1078,UnifAll,13,60.77089998871088,5,8,0,5,3,3,1.0,0.38461538461538464
M0201/img000672.jpg,M0201,672,1078,SAHI640,15,231.03769999579526,5,10,0,5,3,3,1.0,0.3333333333333333
M0201/img000673.jpg,M0201,673,1079,F640,6,25.51829999720212,3,3,0,5,3,1,0.3333333333333333,0.5
M0201/img000673.jpg,M0201,673,1079,F1280,12,39.422000001650304,5,7,0,5,3,3,1.0,0.4166666666666667
M0201/img000673.jpg,M0201,673,1079,DensK1,8,45.63690000213683,5,3,0,5,3,3,1.0,0.625
M0201/img000673.jpg,M0201,673,1079,UnifAll,14,61.99209998885635,5,9,0,5,3,3,1.0,0.35714285714285715
M0201/img000673.jpg,M0201,673,1079,SAHI640,13,241.2579999945592,3,10,0,5,3,2,0.6666666666666666,0.23076923076923078
M0201/img000674.jpg,M0201,674,1080,F640,8,19.34590000018943,4,4,0,5,2,1,0.5,0.5
M0201/img000674.jpg,M0201,674,1080,F1280,15,29.64110000175424,5,10,0,5,2,2,1.0,0.3333333333333333
M0201/img000674.jpg,M0201,674,1080,DensK1,15,55.38170000363607,5,10,0,5,2,2,1.0,0.3333333333333333
M0201/img000674.jpg,M0201,674,1080,UnifAll,16,55.7760999945458,5,11,0,5,2,2,1.0,0.3125
M0201/img000674.jpg,M0201,674,1080,SAHI640,15,233.6823999939952,4,11,0,5,2,1,0.5,0.26666666666666666
M0201/img000675.jpg,M0201,675,1081,F640,5,20.260099990991876,2,3,0,5,2,1,0.5,0.4
M0201/img000675.jpg,M0201,675,1081,F1280,12,38.53979999257717,4,8,0,5,2,2,1.0,0.3333333333333333
M0201/img000675.jpg,M0201,675,1081,DensK1,13,39.56140000082087,2,11,0,5,2,1,0.5,0.15384615384615385
M0201/img000675.jpg,M0201,675,1081,UnifAll,17,50.49419999704696,4,13,0,5,2,2,1.0,0.23529411764705882
M0201/img000675.jpg,M0201,675,1081,SAHI640,14,225.33080000721384,4,10,0,5,2,2,1.0,0.2857142857142857
M0201/img000676.jpg,M0201,676,1082,F640,10,21.396899988758378,3,7,0,5,2,1,0.5,0.3
M0201/img000676.jpg,M0201,676,1082,F1280,14,50.80079998879228,4,10,0,5,2,2,1.0,0.2857142857142857
M0201/img000676.jpg,M0201,676,1082,DensK1,16,40.176499998779036,4,12,0,5,2,2,1.0,0.25
M0201/img000676.jpg,M0201,676,1082,UnifAll,18,57.072799987508915,4,14,0,5,2,2,1.0,0.2222222222222222
M0201/img000676.jpg,M0201,676,1082,SAHI640,14,246.09879999479745,3,11,0,5,2,1,0.5,0.21428571428571427
M0201/img000677.jpg,M0201,677,1083,F640,5,19.47269999072887,1,4,0,5,2,1,0.5,0.2
M0201/img000677.jpg,M0201,677,1083,F1280,14,38.46069998689927,4,10,0,5,2,2,1.0,0.2857142857142857
M0201/img000677.jpg,M0201,677,1083,DensK1,11,53.12160000903532,2,9,0,5,2,2,1.0,0.18181818181818182
M0201/img000677.jpg,M0201,677,1083,UnifAll,14,68.51620000088587,4,10,0,5,2,2,1.0,0.2857142857142857
M0201/img000677.jpg,M0201,677,1083,SAHI640,15,258.69309999688994,3,12,0,5,2,1,0.5,0.2
M0201/img000678.jpg,M0201,678,1084,F640,8,23.26790000370238,2,6,0,5,2,1,0.5,0.25
M0201/img000678.jpg,M0201,678,1084,F1280,13,28.483699992648326,5,8,0,5,2,2,1.0,0.38461538461538464
M0201/img000678.jpg,M0201,678,1084,DensK1,14,50.73370000172872,3,11,0,5,2,2,1.0,0.21428571428571427
M0201/img000678.jpg,M0201,678,1084,UnifAll,16,62.45510000735521,4,12,0,5,2,2,1.0,0.25
M0201/img000678.jpg,M0201,678,1084,SAHI640,12,252.46019999030977,4,8,0,5,2,2,1.0,0.3333333333333333
M0201/img000679.jpg,M0201,679,1085,F640,7,17.497299995739013,4,3,0,5,2,2,1.0,0.5714285714285714
M0201/img000679.jpg,M0201,679,1085,F1280,14,28.38519999932032,4,10,0,5,2,2,1.0,0.2857142857142857
M0201/img000679.jpg,M0201,679,1085,DensK1,8,39.871500004664995,4,4,0,5,2,2,1.0,0.5
M0201/img000679.jpg,M0201,679,1085,UnifAll,13,73.26639999519102,4,9,0,5,2,2,1.0,0.3076923076923077
M0201/img000679.jpg,M0201,679,1085,SAHI640,14,295.31560000032187,4,10,0,5,2,1,0.5,0.2857142857142857
M0201/img000680.jpg,M0201,680,1086,F640,10,19.54299998760689,5,5,0,5,2,2,1.0,0.5
M0201/img000680.jpg,M0201,680,1086,F1280,14,33.50089999730699,5,9,0,5,2,2,1.0,0.35714285714285715
M0201/img000680.jpg,M0201,680,1086,DensK1,15,48.82009999710135,5,10,0,5,2,2,1.0,0.3333333333333333
M0201/img000680.jpg,M0201,680,1086,UnifAll,16,64.45320000057109,4,12,0,5,2,2,1.0,0.25
M0201/img000680.jpg,M0201,680,1086,SAHI640,15,207.17089998652227,4,11,0,5,2,2,1.0,0.26666666666666666
M0201/img000681.jpg,M0201,681,1087,F640,9,17.619799997191876,4,5,0,5,2,2,1.0,0.4444444444444444
M0201/img000681.jpg,M0201,681,1087,F1280,14,32.260299994959496,4,10,0,5,2,2,1.0,0.2857142857142857
M0201/img000681.jpg,M0201,681,1087,DensK1,15,34.26190000027418,2,13,0,5,2,1,0.5,0.13333333333333333
M0201/img000681.jpg,M0201,681,1087,UnifAll,16,47.028200002387166,3,13,0,5,2,1,0.5,0.1875
M0201/img000681.jpg,M0201,681,1087,SAHI640,13,200.17080000252463,5,8,0,5,2,2,1.0,0.38461538461538464
M0201/img000682.jpg,M0201,682,1088,F640,7,20.548599990434013,5,2,0,5,2,2,1.0,0.7142857142857143
M0201/img000682.jpg,M0201,682,1088,F1280,15,41.662799994810484,4,11,0,5,2,2,1.0,0.26666666666666666
M0201/img000682.jpg,M0201,682,1088,DensK1,13,45.84549998980947,5,8,0,5,2,2,1.0,0.38461538461538464
M0201/img000682.jpg,M0201,682,1088,UnifAll,14,70.55609999224544,5,9,0,5,2,2,1.0,0.35714285714285715
M0201/img000682.jpg,M0201,682,1088,SAHI640,14,246.4278999977978,4,10,0,5,2,2,1.0,0.2857142857142857
M0201/img000683.jpg,M0201,683,1089,F640,10,18.09030000003986,5,5,0,5,2,2,1.0,0.5
M0201/img000683.jpg,M0201,683,1089,F1280,14,31.63880000647623,5,9,0,5,2,2,1.0,0.35714285714285715
M0201/img000683.jpg,M0201,683,1089,DensK1,11,39.293100009672344,5,6,0,5,2,2,1.0,0.45454545454545453
M0201/img000683.jpg,M0201,683,1089,UnifAll,16,70.51740000315476,5,11,0,5,2,2,1.0,0.3125
M0201/img000683.jpg,M0201,683,1089,SAHI640,17,228.32650000054855,5,12,0,5,2,2,1.0,0.29411764705882354
M0201/img000684.jpg,M0201,684,1090,F640,11,17.167800004244782,5,6,0,5,2,2,1.0,0.45454545454545453
M0201/img000684.jpg,M0201,684,1090,F1280,15,31.180799996946007,5,10,0,5,2,2,1.0,0.3333333333333333
M0201/img000684.jpg,M0201,684,1090,DensK1,17,30.10639999411069,5,12,0,5,2,2,1.0,0.29411764705882354
M0201/img000684.jpg,M0201,684,1090,UnifAll,17,51.725099998293445,5,12,0,5,2,2,1.0,0.29411764705882354
M0201/img000684.jpg,M0201,684,1090,SAHI640,15,240.70280000159983,5,10,0,5,2,2,1.0,0.3333333333333333
M0201/img000685.jpg,M0201,685,1091,F640,12,19.51109999208711,5,7,0,5,2,2,1.0,0.4166666666666667
M0201/img000685.jpg,M0201,685,1091,F1280,15,37.41730000183452,4,11,0,5,2,1,0.5,0.26666666666666666
M0201/img000685.jpg,M0201,685,1091,DensK1,13,36.64500000013504,5,8,0,5,2,2,1.0,0.38461538461538464
M0201/img000685.jpg,M0201,685,1091,UnifAll,17,54.35189999116119,5,12,0,5,2,2,1.0,0.29411764705882354
M0201/img000685.jpg,M0201,685,1091,SAHI640,17,238.28160000266507,5,12,0,5,2,2,1.0,0.29411764705882354
M0201/img000686.jpg,M0201,686,1092,F640,12,18.61539999663364,5,7,0,5,2,2,1.0,0.4166666666666667
M0201/img000686.jpg,M0201,686,1092,F1280,15,34.70849999575876,4,11,0,5,2,1,0.5,0.26666666666666666
M0201/img000686.jpg,M0201,686,1092,DensK1,17,32.64050000871066,5,12,0,5,2,2,1.0,0.29411764705882354
M0201/img000686.jpg,M0201,686,1092,UnifAll,18,51.659200005815364,5,13,0,5,2,2,1.0,0.2777777777777778
M0201/img000686.jpg,M0201,686,1092,SAHI640,17,217.3285000026226,5,12,0,5,2,2,1.0,0.29411764705882354
M0201/img000687.jpg,M0201,687,1093,F640,10,17.468099991674535,5,5,0,5,2,2,1.0,0.5
M0201/img000687.jpg,M0201,687,1093,F1280,13,37.17070000129752,5,8,0,5,2,2,1.0,0.38461538461538464
M0201/img000687.jpg,M0201,687,1093,DensK1,11,50.12540001189336,4,7,0,5,2,1,0.5,0.36363636363636365
M0201/img000687.jpg,M0201,687,1093,UnifAll,13,50.463600011426024,4,9,0,5,2,1,0.5,0.3076923076923077
M0201/img000687.jpg,M0201,687,1093,SAHI640,15,211.84689999790862,5,10,0,5,2,2,1.0,0.3333333333333333
M0201/img000688.jpg,M0201,688,1094,F640,13,19.69620000454597,5,8,0,5,2,2,1.0,0.38461538461538464
M0201/img000688.jpg,M0201,688,1094,F1280,14,30.62089999730233,5,9,0,5,2,2,1.0,0.35714285714285715
M0201/img000688.jpg,M0201,688,1094,DensK1,16,38.25640000286512,5,11,0,5,2,2,1.0,0.3125
M0201/img000688.jpg,M0201,688,1094,UnifAll,17,54.55509999592323,5,12,0,5,2,2,1.0,0.29411764705882354
M0201/img000688.jpg,M0201,688,1094,SAHI640,16,198.36929999291897,5,11,0,5,2,2,1.0,0.3125
M0201/img000689.jpg,M0201,689,1095,F640,10,19.75999999558553,5,5,0,5,2,2,1.0,0.5
M0201/img000689.jpg,M0201,689,1095,F1280,13,34.41600000951439,5,8,0,5,2,2,1.0,0.38461538461538464
M0201/img000689.jpg,M0201,689,1095,DensK1,17,35.486099994159304,5,12,0,5,2,2,1.0,0.29411764705882354
M0201/img000689.jpg,M0201,689,1095,UnifAll,19,49.297999998088926,5,14,0,5,2,2,1.0,0.2631578947368421
M0201/img000689.jpg,M0201,689,1095,SAHI640,16,225.36320000654086,5,11,0,5,2,2,1.0,0.3125
M0201/img000690.jpg,M0201,690,1096,F640,11,19.99220000288915,5,6,0,5,2,2,1.0,0.45454545454545453
M0201/img000690.jpg,M0201,690,1096,F1280,14,30.077600007643923,4,10,0,5,2,1,0.5,0.2857142857142857
M0201/img000690.jpg,M0201,690,1096,DensK1,17,33.32380000210833,4,13,0,5,2,1,0.5,0.23529411764705882
M0201/img000690.jpg,M0201,690,1096,UnifAll,18,48.80600000615232,4,14,0,5,2,1,0.5,0.2222222222222222
M0201/img000690.jpg,M0201,690,1096,SAHI640,15,216.52159999939613,5,10,0,5,2,2,1.0,0.3333333333333333
M0201/img000691.jpg,M0201,691,1097,F640,12,17.895099997986108,5,7,0,5,2,2,1.0,0.4166666666666667
M0201/img000691.jpg,M0201,691,1097,F1280,13,38.52119999646675,5,8,0,5,2,2,1.0,0.38461538461538464
M0201/img000691.jpg,M0201,691,1097,DensK1,15,34.16819999984,5,10,0,5,2,2,1.0,0.3333333333333333
M0201/img000691.jpg,M0201,691,1097,UnifAll,16,55.33390000346117,5,11,0,5,2,2,1.0,0.3125
M0201/img000691.jpg,M0201,691,1097,SAHI640,14,233.55660001107026,5,9,0,5,2,2,1.0,0.35714285714285715
M0201/img000692.jpg,M0201,692,1098,F640,10,21.925300010479987,5,5,0,5,2,2,1.0,0.5
M0201/img000692.jpg,M0201,692,1098,F1280,12,39.051600004313514,5,7,0,5,2,2,1.0,0.4166666666666667
M0201/img000692.jpg,M0201,692,1098,DensK1,16,32.27119999064598,5,11,0,5,2,2,1.0,0.3125
M0201/img000692.jpg,M0201,692,1098,UnifAll,17,44.70189999847207,5,12,0,5,2,2,1.0,0.29411764705882354
M0201/img000692.jpg,M0201,692,1098,SAHI640,15,179.6061000059126,5,10,0,5,2,2,1.0,0.3333333333333333
M0201/img000693.jpg,M0201,693,1099,F640,10,20.31880000140518,4,6,0,5,2,2,1.0,0.4
M0201/img000693.jpg,M0201,693,1099,F1280,16,27.85470000526402,5,11,0,5,2,2,1.0,0.3125
M0201/img000693.jpg,M0201,693,1099,DensK1,16,38.10150000208523,4,12,0,5,2,2,1.0,0.25
M0201/img000693.jpg,M0201,693,1099,UnifAll,17,51.6502000100445,5,12,0,5,2,2,1.0,0.29411764705882354
M0201/img000693.jpg,M0201,693,1099,SAHI640,16,213.51819999108557,5,11,0,5,2,2,1.0,0.3125
M0201/img000694.jpg,M0201,694,1100,F640,11,19.50609999767039,5,6,0,5,2,2,1.0,0.45454545454545453
M0201/img000694.jpg,M0201,694,1100,F1280,14,28.911100002005696,5,9,0,5,2,2,1.0,0.35714285714285715
M0201/img000694.jpg,M0201,694,1100,DensK1,15,57.47519999567885,5,10,0,5,2,2,1.0,0.3333333333333333
M0201/img000694.jpg,M0201,694,1100,UnifAll,15,69.84209999791346,5,10,0,5,2,2,1.0,0.3333333333333333
M0201/img000694.jpg,M0201,694,1100,SAHI640,16,255.09819999570027,5,11,0,5,2,2,1.0,0.3125
M0201/img000695.jpg,M0201,695,1101,F640,12,17.83169999544043,4,8,0,5,2,1,0.5,0.3333333333333333
M0201/img000695.jpg,M0201,695,1101,F1280,13,32.46200000285171,5,8,0,5,2,2,1.0,0.38461538461538464
M0201/img000695.jpg,M0201,695,1101,DensK1,17,45.816300000296906,4,13,0,5,2,1,0.5,0.23529411764705882
M0201/img000695.jpg,M0201,695,1101,UnifAll,18,64.61899999703746,4,14,0,5,2,1,0.5,0.2222222222222222
M0201/img000695.jpg,M0201,695,1101,SAHI640,14,241.16450001019984,5,9,0,5,2,2,1.0,0.35714285714285715
M0201/img000696.jpg,M0201,696,1102,F640,11,19.36980000755284,5,6,0,5,2,2,1.0,0.45454545454545453
M0201/img000696.jpg,M0201,696,1102,F1280,13,28.92289998999331,4,9,0,5,2,1,0.5,0.3076923076923077
M0201/img000696.jpg,M0201,696,1102,DensK1,14,50.975499994819984,4,10,0,5,2,1,0.5,0.2857142857142857
M0201/img000696.jpg,M0201,696,1102,UnifAll,17,77.59480000822805,4,13,0,5,2,1,0.5,0.23529411764705882
M0201/img000696.jpg,M0201,696,1102,SAHI640,14,249.42350000492297,5,9,0,5,2,2,1.0,0.35714285714285715
M0201/img000697.jpg,M0201,697,1103,F640,11,19.85120000608731,5,6,0,6,3,2,0.6666666666666666,0.45454545454545453
M0201/img000697.jpg,M0201,697,1103,F1280,13,31.77309999591671,5,8,0,6,3,2,0.6666666666666666,0.38461538461538464
M0201/img000697.jpg,M0201,697,1103,DensK1,16,36.3117999950191,4,12,0,6,3,1,0.3333333333333333,0.25
M0201/img000697.jpg,M0201,697,1103,UnifAll,17,71.99779999791645,4,13,0,6,3,1,0.3333333333333333,0.23529411764705882
M0201/img000697.jpg,M0201,697,1103,SAHI640,15,426.09590000938624,6,9,0,6,3,3,1.0,0.4
M0201/img000698.jpg,M0201,698,1104,F640,9,19.836499996017665,5,4,0,6,3,2,0.6666666666666666,0.5555555555555556
M0201/img000698.jpg,M0201,698,1104,F1280,14,28.48380000796169,5,9,0,6,3,2,0.6666666666666666,0.35714285714285715
M0201/img000698.jpg,M0201,698,1104,DensK1,16,45.5021000088891,4,12,0,6,3,1,0.3333333333333333,0.25
M0201/img000698.jpg,M0201,698,1104,UnifAll,17,68.49969999166206,4,13,0,6,3,1,0.3333333333333333,0.23529411764705882
M0201/img000698.jpg,M0201,698,1104,SAHI640,15,267.3219999996945,6,9,0,6,3,3,1.0,0.4
M0201/img000699.jpg,M0201,699,1105,F640,12,23.03589999792166,5,7,0,6,3,2,0.6666666666666666,0.4166666666666667
M0201/img000699.jpg,M0201,699,1105,F1280,13,28.26659999846015,5,8,0,6,3,2,0.6666666666666666,0.38461538461538464
M0201/img000699.jpg,M0201,699,1105,DensK1,18,42.973999996320345,4,14,0,6,3,1,0.3333333333333333,0.2222222222222222
M0201/img000699.jpg,M0201,699,1105,UnifAll,18,91.41750000708271,4,14,0,6,3,1,0.3333333333333333,0.2222222222222222
M0201/img000699.jpg,M0201,699,1105,SAHI640,16,240.9248000039952,6,10,0,6,3,3,1.0,0.375
M0201/img000700.jpg,M0201,700,1106,F640,8,21.43140000407584,5,3,0,6,3,2,0.6666666666666666,0.625
M0201/img000700.jpg,M0201,700,1106,F1280,15,32.059499993920326,5,10,0,6,3,2,0.6666666666666666,0.3333333333333333
M0201/img000700.jpg,M0201,700,1106,DensK1,14,51.667399995494634,5,9,0,6,3,2,0.6666666666666666,0.35714285714285715
M0201/img000700.jpg,M0201,700,1106,UnifAll,16,50.94829999143258,5,11,0,6,3,2,0.6666666666666666,0.3125
M0201/img000700.jpg,M0201,700,1106,SAHI640,17,215.23410000372678,6,11,0,6,3,3,1.0,0.35294117647058826
M0201/img000701.jpg,M0201,701,1107,F640,10,20.83580000908114,5,5,0,6,3,2,0.6666666666666666,0.5
M0201/img000701.jpg,M0201,701,1107,F1280,15,29.782199999317527,4,11,0,6,3,1,0.3333333333333333,0.26666666666666666
M0201/img000701.jpg,M0201,701,1107,DensK1,17,51.14379999577068,4,13,0,6,3,1,0.3333333333333333,0.23529411764705882
M0201/img000701.jpg,M0201,701,1107,UnifAll,19,67.79289999394678,4,15,0,6,3,1,0.3333333333333333,0.21052631578947367
M0201/img000701.jpg,M0201,701,1107,SAHI640,17,231.55810000025667,4,13,0,6,3,1,0.3333333333333333,0.23529411764705882
M0201/img000702.jpg,M0201,702,1108,F640,12,18.558899988420308,5,7,0,6,3,2,0.6666666666666666,0.4166666666666667
M0201/img000702.jpg,M0201,702,1108,F1280,14,27.8558999998495,6,8,0,6,3,3,1.0,0.42857142857142855
M0201/img000702.jpg,M0201,702,1108,DensK1,17,40.94520000217017,5,12,0,6,3,2,0.6666666666666666,0.29411764705882354
M0201/img000702.jpg,M0201,702,1108,UnifAll,17,56.01770000066608,5,12,0,6,3,2,0.6666666666666666,0.29411764705882354
M0201/img000702.jpg,M0201,702,1108,SAHI640,16,198.43850001052488,6,10,0,6,3,3,1.0,0.375
M0201/img000703.jpg,M0201,703,1109,F640,9,17.988599996897392,5,4,0,6,3,2,0.6666666666666666,0.5555555555555556
M0201/img000703.jpg,M0201,703,1109,F1280,15,25.45519999694079,5,10,0,6,3,2,0.6666666666666666,0.3333333333333333
M0201/img000703.jpg,M0201,703,1109,DensK1,10,30.68640000128653,5,5,0,6,3,2,0.6666666666666666,0.5
M0201/img000703.jpg,M0201,703,1109,UnifAll,17,58.28890000702813,5,12,0,6,3,2,0.6666666666666666,0.29411764705882354
M0201/img000703.jpg,M0201,703,1109,SAHI640,16,221.46049998991657,6,10,0,6,3,3,1.0,0.375
M0201/img000704.jpg,M0201,704,1110,F640,8,16.42500000889413,4,4,0,6,3,1,0.3333333333333333,0.5
M0201/img000704.jpg,M0201,704,1110,F1280,13,25.70350001042243,5,8,0,6,3,3,1.0,0.38461538461538464
M0201/img000704.jpg,M0201,704,1110,DensK1,16,40.338699996937066,5,11,0,6,3,2,0.6666666666666666,0.3125
M0201/img000704.jpg,M0201,704,1110,UnifAll,17,56.818199998815544,5,12,0,6,3,2,0.6666666666666666,0.29411764705882354
M0201/img000704.jpg,M0201,704,1110,SAHI640,16,194.55569999990985,6,10,0,6,3,3,1.0,0.375
M0201/img000705.jpg,M0201,705,1111,F640,9,22.3995999986073,4,5,0,6,3,1,0.3333333333333333,0.4444444444444444
M0201/img000705.jpg,M0201,705,1111,F1280,13,34.20670000195969,5,8,0,6,3,2,0.6666666666666666,0.38461538461538464
M0201/img000705.jpg,M0201,705,1111,DensK1,14,33.8560999953188,5,9,0,6,3,2,0.6666666666666666,0.35714285714285715
M0201/img000705.jpg,M0201,705,1111,UnifAll,15,47.61450001387857,5,10,0,6,3,2,0.6666666666666666,0.3333333333333333
M0201/img000705.jpg,M0201,705,1111,SAHI640,15,213.3385999914026,5,10,0,6,3,2,0.6666666666666666,0.3333333333333333
M0201/img000706.jpg,M0201,706,1112,F640,15,17.869599992991425,5,10,0,6,3,2,0.6666666666666666,0.3333333333333333
M0201/img000706.jpg,M0201,706,1112,F1280,13,33.7120999902254,5,8,0,6,3,2,0.6666666666666666,0.38461538461538464
M0201/img000706.jpg,M0201,706,1112,DensK1,18,35.02670000307262,5,13,0,6,3,2,0.6666666666666666,0.2777777777777778
M0201/img000706.jpg,M0201,706,1112,UnifAll,19,60.637700007646345,5,14,0,6,3,2,0.6666666666666666,0.2631578947368421
M0201/img000706.jpg,M0201,706,1112,SAHI640,17,218.0196999979671,6,11,0,6,3,3,1.0,0.35294117647058826
M0201/img000707.jpg,M0201,707,1113,F640,13,32.49279998999555,5,8,0,6,2,1,0.5,0.38461538461538464
M0201/img000707.jpg,M0201,707,1113,F1280,17,32.97359999851324,5,12,0,6,2,1,0.5,0.29411764705882354
M0201/img000707.jpg,M0201,707,1113,DensK1,18,37.29179999209009,6,12,0,6,2,2,1.0,0.3333333333333333
M0201/img000707.jpg,M0201,707,1113,UnifAll,19,60.21510000573471,6,13,0,6,2,2,1.0,0.3157894736842105
M0201/img000707.jpg,M0201,707,1113,SAHI640,17,231.2346999970032,6,11,0,6,2,2,1.0,0.35294117647058826
M0201/img000708.jpg,M0201,708,1114,F640,12,20.06680000340566,5,7,0,6,2,1,0.5,0.4166666666666667
M0201/img000708.jpg,M0201,708,1114,F1280,16,29.903500006184913,5,11,0,6,2,1,0.5,0.3125
M0201/img000708.jpg,M0201,708,1114,DensK1,16,37.85569999308791,6,10,0,6,2,2,1.0,0.375
M0201/img000708.jpg,M0201,708,1114,UnifAll,18,43.90760000387672,6,12,0,6,2,2,1.0,0.3333333333333333
M0201/img000708.jpg,M0201,708,1114,SAHI640,15,233.62040000210982,5,10,0,6,2,2,1.0,0.3333333333333333
M0201/img000709.jpg,M0201,709,1115,F640,10,17.0429999998305,7,3,0,7,3,3,1.0,0.7
M0201/img000709.jpg,M0201,709,1115,F1280,16,38.47179999866057,7,9,0,7,3,3,1.0,0.4375
M0201/img000709.jpg,M0201,709,1115,DensK1,16,35.8661999925971,7,9,0,7,3,3,1.0,0.4375
M0201/img000709.jpg,M0201,709,1115,UnifAll,17,52.39830000209622,7,10,0,7,3,3,1.0,0.4117647058823529
M0201/img000709.jpg,M0201,709,1115,SAHI640,14,185.9204999927897,7,7,0,7,3,3,1.0,0.5
M0201/img000710.jpg,M0201,710,1116,F640,14,19.45500000147149,6,8,0,7,3,2,0.6666666666666666,0.42857142857142855
M0201/img000710.jpg,M0201,710,1116,F1280,17,39.25099999469239,6,11,0,7,3,2,0.6666666666666666,0.35294117647058826
M0201/img000710.jpg,M0201,710,1116,DensK1,19,36.81089999736287,6,13,0,7,3,2,0.6666666666666666,0.3157894736842105
M0201/img000710.jpg,M0201,710,1116,UnifAll,20,50.5161000037333,6,14,0,7,3,2,0.6666666666666666,0.3
M0201/img000710.jpg,M0201,710,1116,SAHI640,20,211.83639999071602,7,13,0,7,3,3,1.0,0.35
M0201/img000711.jpg,M0201,711,1117,F640,14,24.428399992757477,6,8,0,7,3,2,0.6666666666666666,0.42857142857142855
M0201/img000711.jpg,M0201,711,1117,F1280,16,37.27789998811204,7,9,0,7,3,3,1.0,0.4375
M0201/img000711.jpg,M0201,711,1117,DensK1,18,43.4808999998495,6,12,0,7,3,2,0.6666666666666666,0.3333333333333333
M0201/img000711.jpg,M0201,711,1117,UnifAll,18,55.7227000099374,6,12,0,7,3,2,0.6666666666666666,0.3333333333333333
M0201/img000711.jpg,M0201,711,1117,SAHI640,18,198.90879999729805,6,12,0,7,3,2,0.6666666666666666,0.3333333333333333
M0201/img000712.jpg,M0201,712,1118,F640,12,21.86690000235103,6,6,0,7,3,2,0.6666666666666666,0.5
M0201/img000712.jpg,M0201,712,1118,F1280,16,38.89030001300853,7,9,0,7,3,3,1.0,0.4375
M0201/img000712.jpg,M0201,712,1118,DensK1,17,73.04409999051131,6,11,0,7,3,2,0.6666666666666666,0.35294117647058826
M0201/img000712.jpg,M0201,712,1118,UnifAll,17,91.52640000684187,6,11,0,7,3,2,0.6666666666666666,0.35294117647058826
M0201/img000712.jpg,M0201,712,1118,SAHI640,15,190.33840000338387,7,8,0,7,3,3,1.0,0.4666666666666667
M0201/img000713.jpg,M0201,713,1119,F640,11,15.897200006293133,6,5,0,7,3,2,0.6666666666666666,0.5454545454545454
M0201/img000713.jpg,M0201,713,1119,F1280,15,37.33740000461694,6,9,0,7,3,2,0.6666666666666666,0.4
M0201/img000713.jpg,M0201,713,1119,DensK1,18,66.18350000644568,6,12,0,7,3,2,0.6666666666666666,0.3333333333333333
M0201/img000713.jpg,M0201,713,1119,UnifAll,18,71.8501999945147,6,12,0,7,3,2,0.6666666666666666,0.3333333333333333
M0201/img000713.jpg,M0201,713,1119,SAHI640,17,224.09600000537466,7,10,0,7,3,3,1.0,0.4117647058823529
M0201/img000714.jpg,M0201,714,1120,F640,15,23.960799997439608,7,8,0,7,2,2,1.0,0.4666666666666667
M0201/img000714.jpg,M0201,714,1120,F1280,15,44.56940000818577,7,8,0,7,2,2,1.0,0.4666666666666667
M0201/img000714.jpg,M0201,714,1120,DensK1,20,61.41740000748541,7,13,0,7,2,2,1.0,0.35
M0201/img000714.jpg,M0201,714,1120,UnifAll,20,85.4583000036655,7,13,0,7,2,2,1.0,0.35
M0201/img000714.jpg,M0201,714,1120,SAHI640,19,246.2809999997262,6,13,0,7,2,1,0.5,0.3157894736842105
M0201/img000715.jpg,M0201,715,1121,F640,11,20.063000003574416,7,4,0,7,2,2,1.0,0.6363636363636364
M0201/img000715.jpg,M0201,715,1121,F1280,15,32.19270000408869,7,8,0,7,2,2,1.0,0.4666666666666667
M0201/img000715.jpg,M0201,715,1121,DensK1,16,59.123200000613,6,10,0,7,2,1,0.5,0.375
M0201/img000715.jpg,M0201,715,1121,UnifAll,17,83.90539999527391,6,11,0,7,2,1,0.5,0.35294117647058826
M0201/img000715.jpg,M0201,715,1121,SAHI640,15,230.14970000076573,7,8,0,7,2,2,1.0,0.4666666666666667
M0201/img000716.jpg,M0201,716,1122,F640,12,35.14940000604838,6,6,0,7,2,1,0.5,0.5
M0201/img000716.jpg,M0201,716,1122,F1280,14,35.291899999720044,7,7,0,7,2,2,1.0,0.5
M0201/img000716.jpg,M0201,716,1122,DensK1,17,29.059899999992922,7,10,0,7,2,2,1.0,0.4117647058823529
M0201/img000716.jpg,M0201,716,1122,UnifAll,19,60.3421999985585,7,12,0,7,2,2,1.0,0.3684210526315789
M0201/img000716.jpg,M0201,716,1122,SAHI640,20,337.147800004459,6,14,0,7,2,1,0.5,0.3
M0201/img000717.jpg,M0201,717,1123,F640,16,21.776800000225194,6,10,0,8,3,1,0.3333333333333333,0.375
M0201/img000717.jpg,M0201,717,1123,F1280,15,27.712099996278994,8,7,0,8,3,3,1.0,0.5333333333333333
M0201/img000717.jpg,M0201,717,1123,DensK1,22,35.577899994677864,7,15,0,8,3,2,0.6666666666666666,0.3181818181818182
M0201/img000717.jpg,M0201,717,1123,UnifAll,23,65.31079999695066,7,16,0,8,3,2,0.6666666666666666,0.30434782608695654
M0201/img000717.jpg,M0201,717,1123,SAHI640,22,207.01790000020992,8,14,0,8,3,3,1.0,0.36363636363636365
M0201/img000718.jpg,M0201,718,1124,F640,15,18.651600010343827,7,8,0,8,3,2,0.6666666666666666,0.4666666666666667
M0201/img000718.jpg,M0201,718,1124,F1280,17,31.95879999839235,7,10,0,8,3,2,0.6666666666666666,0.4117647058823529
M0201/img000718.jpg,M0201,718,1124,DensK1,19,40.40579999855254,7,12,0,8,3,2,0.6666666666666666,0.3684210526315789
M0201/img000718.jpg,M0201,718,1124,UnifAll,21,66.04219999280758,7,14,0,8,3,2,0.6666666666666666,0.3333333333333333
M0201/img000718.jpg,M0201,718,1124,SAHI640,18,188.73270000040065,7,11,0,8,3,2,0.6666666666666666,0.3888888888888889
M0201/img000719.jpg,M0201,719,1125,F640,12,20.373999999719672,6,6,0,8,3,1,0.3333333333333333,0.5
M0201/img000719.jpg,M0201,719,1125,F1280,17,32.96909999335185,8,9,0,8,3,3,1.0,0.47058823529411764
M0201/img000719.jpg,M0201,719,1125,DensK1,15,36.28640000533778,7,8,0,8,3,2,0.6666666666666666,0.4666666666666667
M0201/img000719.jpg,M0201,719,1125,UnifAll,16,61.00709999736864,7,9,0,8,3,2,0.6666666666666666,0.4375
M0201/img000719.jpg,M0201,719,1125,SAHI640,17,246.55019999772776,7,10,0,8,3,2,0.6666666666666666,0.4117647058823529
M0201/img000720.jpg,M0201,720,1126,F640,11,17.529899996588938,6,5,0,8,3,1,0.3333333333333333,0.5454545454545454
M0201/img000720.jpg,M0201,720,1126,F1280,15,36.94089999771677,7,8,0,8,3,2,0.6666666666666666,0.4666666666666667
M0201/img000720.jpg,M0201,720,1126,DensK1,16,36.458599992329255,8,8,0,8,3,3,1.0,0.5
M0201/img000720.jpg,M0201,720,1126,UnifAll,16,49.36970000562724,8,8,0,8,3,3,1.0,0.5
M0201/img000720.jpg,M0201,720,1126,SAHI640,15,215.51499998895451,8,7,0,8,3,3,1.0,0.5333333333333333
M0201/img000721.jpg,M0201,721,1127,F640,10,39.049200000590645,5,5,0,7,3,1,0.3333333333333333,0.5
M0201/img000721.jpg,M0201,721,1127,F1280,15,36.67630000563804,6,9,0,7,3,2,0.6666666666666666,0.4
M0201/img000721.jpg,M0201,721,1127,DensK1,15,38.54800001136027,6,9,0,7,3,2,0.6666666666666666,0.4
M0201/img000721.jpg,M0201,721,1127,UnifAll,17,49.25619999994524,6,11,0,7,3,2,0.6666666666666666,0.35294117647058826
M0201/img000721.jpg,M0201,721,1127,SAHI640,16,193.38559999596328,6,10,0,7,3,2,0.6666666666666666,0.375
M0201/img000722.jpg,M0201,722,1128,F640,12,20.295499998610467,5,7,0,7,3,1,0.3333333333333333,0.4166666666666667
M0201/img000722.jpg,M0201,722,1128,F1280,17,35.28980001283344,7,10,0,7,3,3,1.0,0.4117647058823529
M0201/img000722.jpg,M0201,722,1128,DensK1,19,36.1927000049036,6,13,0,7,3,2,0.6666666666666666,0.3157894736842105
M0201/img000722.jpg,M0201,722,1128,UnifAll,20,52.27430000377353,6,14,0,7,3,2,0.6666666666666666,0.3
M0201/img000722.jpg,M0201,722,1128,SAHI640,18,198.4664000046905,7,11,0,7,3,3,1.0,0.3888888888888889
M0201/img000723.jpg,M0201,723,1129,F640,11,18.299899995326996,6,5,0,7,3,2,0.6666666666666666,0.5454545454545454
M0201/img000723.jpg,M0201,723,1129,F1280,15,40.0350999989314,6,9,0,7,3,2,0.6666666666666666,0.4
M0201/img000723.jpg,M0201,723,1129,DensK1,17,46.15909999120049,6,11,0,7,3,2,0.6666666666666666,0.35294117647058826
M0201/img000723.jpg,M0201,723,1129,UnifAll,17,55.80529999861028,6,11,0,7,3,2,0.6666666666666666,0.35294117647058826
M0201/img000723.jpg,M0201,723,1129,SAHI640,17,207.52060000086203,7,10,0,7,3,3,1.0,0.4117647058823529
M0201/img000724.jpg,M0201,724,1130,F640,9,18.53869999467861,6,3,0,7,3,2,0.6666666666666666,0.6666666666666666
M0201/img000724.jpg,M0201,724,1130,F1280,17,23.774600005708635,7,10,0,7,3,3,1.0,0.4117647058823529
M0201/img000724.jpg,M0201,724,1130,DensK1,17,29.998099998920225,6,11,0,7,3,2,0.6666666666666666,0.35294117647058826
M0201/img000724.jpg,M0201,724,1130,UnifAll,17,44.37210000469349,6,11,0,7,3,2,0.6666666666666666,0.35294117647058826
M0201/img000724.jpg,M0201,724,1130,SAHI640,19,197.0755999936955,7,12,0,7,3,3,1.0,0.3684210526315789
M0201/img000725.jpg,M0201,725,1131,F640,11,19.238199995015748,5,6,0,7,3,1,0.3333333333333333,0.45454545454545453
M0201/img000725.jpg,M0201,725,1131,F1280,14,31.72540001105517,5,9,0,7,3,1,0.3333333333333333,0.35714285714285715
M0201/img000725.jpg,M0201,725,1131,DensK1,16,34.99780000129249,6,10,0,7,3,2,0.6666666666666666,0.375
M0201/img000725.jpg,M0201,725,1131,UnifAll,16,55.41760000050999,6,10,0,7,3,2,0.6666666666666666,0.375
M0201/img000725.jpg,M0201,725,1131,SAHI640,17,222.7439999987837,7,10,0,7,3,3,1.0,0.4117647058823529
M0201/img000726.jpg,M0201,726,1132,F640,11,17.687800005660392,6,5,0,7,3,2,0.6666666666666666,0.5454545454545454
M0201/img000726.jpg,M0201,726,1132,F1280,16,25.092200012295507,6,10,0,7,3,2,0.6666666666666666,0.375
M0201/img000726.jpg,M0201,726,1132,DensK1,14,34.64870000607334,7,7,0,7,3,3,1.0,0.5
M0201/img000726.jpg,M0201,726,1132,UnifAll,15,43.636200003675185,7,8,0,7,3,3,1.0,0.4666666666666667
M0201/img000726.jpg,M0201,726,1132,SAHI640,15,204.18829999107402,5,10,0,7,3,1,0.3333333333333333,0.3333333333333333
M0201/img000727.jpg,M0201,727,1133,F640,12,15.250699987518601,4,8,0,7,3,0,0.0,0.3333333333333333
M0201/img000727.jpg,M0201,727,1133,F1280,14,30.513999998220243,5,9,0,7,3,1,0.3333333333333333,0.35714285714285715
M0201/img000727.jpg,M0201,727,1133,DensK1,18,45.757700005196966,5,13,0,7,3,1,0.3333333333333333,0.2777777777777778
M0201/img000727.jpg,M0201,727,1133,UnifAll,19,56.70939999981783,5,14,0,7,3,1,0.3333333333333333,0.2631578947368421
M0201/img000727.jpg,M0201,727,1133,SAHI640,17,218.2164000114426,6,11,0,7,3,2,0.6666666666666666,0.35294117647058826
M0201/img000728.jpg,M0201,728,1134,F640,10,16.284299999824725,4,6,0,7,3,0,0.0,0.4
M0201/img000728.jpg,M0201,728,1134,F1280,17,26.563299994450063,5,12,0,7,3,1,0.3333333333333333,0.29411764705882354
M0201/img000728.jpg,M0201,728,1134,DensK1,16,35.16870000748895,6,10,0,7,3,2,0.6666666666666666,0.375
M0201/img000728.jpg,M0201,728,1134,UnifAll,16,45.68410001229495,6,10,0,7,3,2,0.6666666666666666,0.375
M0201/img000728.jpg,M0201,728,1134,SAHI640,18,190.79649999912363,5,13,0,7,3,1,0.3333333333333333,0.2777777777777778
M0201/img000729.jpg,M0201,729,1135,F640,12,16.995700003462844,6,6,0,7,4,3,0.75,0.5
M0201/img000729.jpg,M0201,729,1135,F1280,14,36.86819999711588,6,8,0,7,4,3,0.75,0.42857142857142855
M0201/img000729.jpg,M0201,729,1135,DensK1,18,44.45690001011826,7,11,0,7,4,4,1.0,0.3888888888888889
M0201/img000729.jpg,M0201,729,1135,UnifAll,18,75.2385000087088,7,11,0,7,4,4,1.0,0.3888888888888889
M0201/img000729.jpg,M0201,729,1135,SAHI640,16,235.1665000023786,6,10,0,7,4,3,0.75,0.375
M0201/img000730.jpg,M0201,730,1136,F640,15,15.890800001216121,6,9,0,7,4,3,0.75,0.4
M0201/img000730.jpg,M0201,730,1136,F1280,16,25.681700004497543,6,10,0,7,4,3,0.75,0.375
M0201/img000730.jpg,M0201,730,1136,DensK1,18,34.181399998487905,6,12,0,7,4,3,0.75,0.3333333333333333
M0201/img000730.jpg,M0201,730,1136,UnifAll,19,78.38999999512453,6,13,0,7,4,3,0.75,0.3157894736842105
M0201/img000730.jpg,M0201,730,1136,SAHI640,16,170.32200000539888,7,9,0,7,4,4,1.0,0.4375
M0201/img000731.jpg,M0201,731,1137,F640,11,14.8849999968661,5,6,0,6,3,2,0.6666666666666666,0.45454545454545453
M0201/img000731.jpg,M0201,731,1137,F1280,15,32.402000011643395,6,9,0,6,3,3,1.0,0.4
M0201/img000731.jpg,M0201,731,1137,DensK1,18,44.21100000035949,6,12,0,6,3,3,1.0,0.3333333333333333
M0201/img000731.jpg,M0201,731,1137,UnifAll,19,73.67889999295585,6,13,0,6,3,3,1.0,0.3157894736842105
M0201/img000731.jpg,M0201,731,1137,SAHI640,16,262.61680001334753,6,10,0,6,3,3,1.0,0.375
M0201/img000732.jpg,M0201,732,1138,F640,12,15.655399998649955,6,6,0,6,3,3,1.0,0.5
M0201/img000732.jpg,M0201,732,1138,F1280,16,26.81319999101106,6,10,0,6,3,3,1.0,0.375
M0201/img000732.jpg,M0201,732,1138,DensK1,15,38.186700010555796,6,9,0,6,3,3,1.0,0.4
M0201/img000732.jpg,M0201,732,1138,UnifAll,16,61.96859999909066,6,10,0,6,3,3,1.0,0.375
M0201/img000732.jpg,M0201,732,1138,SAHI640,17,237.57310000655707,6,11,0,6,3,3,1.0,0.35294117647058826
M0201/img000733.jpg,M0201,733,1139,F640,12,17.7632000122685,5,7,0,6,3,2,0.6666666666666666,0.4166666666666667
M0201/img000733.jpg,M0201,733,1139,F1280,18,30.565199995180592,6,12,0,6,3,3,1.0,0.3333333333333333
M0201/img000733.jpg,M0201,733,1139,DensK1,18,39.17309999815188,6,12,0,6,3,3,1.0,0.3333333333333333
M0201/img000733.jpg,M0201,733,1139,UnifAll,18,53.30119999416638,6,12,0,6,3,3,1.0,0.3333333333333333
M0201/img000733.jpg,M0201,733,1139,SAHI640,15,208.84779999323655,6,9,0,6,3,3,1.0,0.4
M0201/img000734.jpg,M0201,734,1140,F640,11,14.998800004832447,5,6,0,6,3,2,0.6666666666666666,0.45454545454545453
M0201/img000734.jpg,M0201,734,1140,F1280,14,26.985700009390712,5,9,0,6,3,2,0.6666666666666666,0.35714285714285715
M0201/img000734.jpg,M0201,734,1140,DensK1,15,62.527300004148856,6,9,0,6,3,3,1.0,0.4
M0201/img000734.jpg,M0201,734,1140,UnifAll,17,45.422299997881055,6,11,0,6,3,3,1.0,0.35294117647058826
M0201/img000734.jpg,M0201,734,1140,SAHI640,17,207.38980000896845,6,11,0,6,3,3,1.0,0.35294117647058826
M0201/img000735.jpg,M0201,735,1141,F640,13,28.114499989897013,5,8,0,6,3,2,0.6666666666666666,0.38461538461538464
M0201/img000735.jpg,M0201,735,1141,F1280,14,27.709299989510328,6,8,0,6,3,3,1.0,0.42857142857142855
M0201/img000735.jpg,M0201,735,1141,DensK1,19,32.79050000128336,6,13,0,6,3,3,1.0,0.3157894736842105
M0201/img000735.jpg,M0201,735,1141,UnifAll,20,72.69380000070669,6,14,0,6,3,3,1.0,0.3
M0201/img000735.jpg,M0201,735,1141,SAHI640,18,357.3307000042405,6,12,0,6,3,3,1.0,0.3333333333333333
M0201/img000736.jpg,M0201,736,1142,F640,12,17.57180001004599,5,7,0,6,3,2,0.6666666666666666,0.4166666666666667
M0201/img000736.jpg,M0201,736,1142,F1280,15,27.782599994679913,6,9,0,6,3,3,1.0,0.4
M0201/img000736.jpg,M0201,736,1142,DensK1,17,44.6856999915326,6,11,0,6,3,3,1.0,0.35294117647058826
M0201/img000736.jpg,M0201,736,1142,UnifAll,17,71.67770000523888,6,11,0,6,3,3,1.0,0.35294117647058826
M0201/img000736.jpg,M0201,736,1142,SAHI640,14,217.95599999313708,6,8,0,6,3,3,1.0,0.42857142857142855
M0201/img000737.jpg,M0201,737,1143,F640,12,16.71860000351444,5,7,0,6,4,3,0.75,0.4166666666666667
M0201/img000737.jpg,M0201,737,1143,F1280,14,28.361999997287057,6,8,0,6,4,4,1.0,0.42857142857142855
M0201/img000737.jpg,M0201,737,1143,DensK1,17,31.78390000539366,6,11,0,6,4,4,1.0,0.35294117647058826
M0201/img000737.jpg,M0201,737,1143,UnifAll,17,44.8469999973895,6,11,0,6,4,4,1.0,0.35294117647058826
M0201/img000737.jpg,M0201,737,1143,SAHI640,17,195.39110000187065,6,11,0,6,4,4,1.0,0.35294117647058826
M0201/img000738.jpg,M0201,738,1144,F640,12,33.98860000015702,6,6,0,6,4,4,1.0,0.5
M0201/img000738.jpg,M0201,738,1144,F1280,17,28.079399999114685,6,11,0,6,4,4,1.0,0.35294117647058826
M0201/img000738.jpg,M0201,738,1144,DensK1,16,32.5005000049714,6,10,0,6,4,4,1.0,0.375
M0201/img000738.jpg,M0201,738,1144,UnifAll,17,79.1287000029115,6,11,0,6,4,4,1.0,0.35294117647058826
M0201/img000738.jpg,M0201,738,1144,SAHI640,18,248.12040000688285,6,12,0,6,4,4,1.0,0.3333333333333333
M0201/img000739.jpg,M0201,739,1145,F640,11,16.994399993564002,5,6,0,6,3,2,0.6666666666666666,0.45454545454545453
M0201/img000739.jpg,M0201,739,1145,F1280,14,24.65680000022985,6,8,0,6,3,3,1.0,0.42857142857142855
M0201/img000739.jpg,M0201,739,1145,DensK1,16,35.55450000567362,6,10,0,6,3,3,1.0,0.375
M0201/img000739.jpg,M0201,739,1145,UnifAll,17,82.4916999990819,6,11,0,6,3,3,1.0,0.35294117647058826
M0201/img000739.jpg,M0201,739,1145,SAHI640,17,212.3633000010159,6,11,0,6,3,3,1.0,0.35294117647058826
M0201/img000740.jpg,M0201,740,1146,F640,11,16.566199992666952,5,6,0,6,4,3,0.75,0.45454545454545453
M0201/img000740.jpg,M0201,740,1146,F1280,13,34.93150000576861,6,7,0,6,4,4,1.0,0.46153846153846156
M0201/img000740.jpg,M0201,740,1146,DensK1,14,40.830899990396574,6,8,0,6,4,4,1.0,0.42857142857142855
M0201/img000740.jpg,M0201,740,1146,UnifAll,14,48.27540001133457,6,8,0,6,4,4,1.0,0.42857142857142855
M0201/img000740.jpg,M0201,740,1146,SAHI640,13,205.9092999988934,6,7,0,6,4,4,1.0,0.46153846153846156
M0201/img000741.jpg,M0201,741,1147,F640,13,18.99769999727141,6,7,0,6,4,4,1.0,0.46153846153846156
M0201/img000741.jpg,M0201,741,1147,F1280,15,27.31649999623187,5,10,0,6,4,3,0.75,0.3333333333333333
M0201/img000741.jpg,M0201,741,1147,DensK1,15,39.03250000439584,5,10,0,6,4,3,0.75,0.3333333333333333
M0201/img000741.jpg,M0201,741,1147,UnifAll,15,63.28199998824857,5,10,0,6,4,3,0.75,0.3333333333333333
M0201/img000741.jpg,M0201,741,1147,SAHI640,17,199.9538000090979,6,11,0,6,4,4,1.0,0.35294117647058826
M0201/img000742.jpg,M0201,742,1148,F640,12,18.999299994902685,5,7,0,6,4,3,0.75,0.4166666666666667
M0201/img000742.jpg,M0201,742,1148,F1280,13,32.768799996119924,6,7,0,6,4,4,1.0,0.46153846153846156
M0201/img000742.jpg,M0201,742,1148,DensK1,17,42.39180000149645,6,11,0,6,4,4,1.0,0.35294117647058826
M0201/img000742.jpg,M0201,742,1148,UnifAll,17,55.67010000231676,6,11,0,6,4,4,1.0,0.35294117647058826
M0201/img000742.jpg,M0201,742,1148,SAHI640,14,194.8912000079872,6,8,0,6,4,4,1.0,0.42857142857142855
M0201/img000743.jpg,M0201,743,1149,F640,11,17.408400002750568,6,5,0,6,4,4,1.0,0.5454545454545454
M0201/img000743.jpg,M0201,743,1149,F1280,16,26.50599999469705,6,10,0,6,4,4,1.0,0.375
M0201/img000743.jpg,M0201,743,1149,DensK1,16,38.12129999278113,6,10,0,6,4,4,1.0,0.375
M0201/img000743.jpg,M0201,743,1149,UnifAll,17,55.92140000953805,6,11,0,6,4,4,1.0,0.35294117647058826
M0201/img000743.jpg,M0201,743,1149,SAHI640,15,200.88730000134092,5,10,0,6,4,3,0.75,0.3333333333333333
M0201/img000744.jpg,M0201,744,1150,F640,12,15.520999993896112,6,6,0,6,4,4,1.0,0.5
M0201/img000744.jpg,M0201,744,1150,F1280,13,26.510900002904236,6,7,0,6,4,4,1.0,0.46153846153846156
M0201/img000744.jpg,M0201,744,1150,DensK1,14,40.96889999345876,6,8,0,6,4,4,1.0,0.42857142857142855
M0201/img000744.jpg,M0201,744,1150,UnifAll,15,50.38800000329502,6,9,0,6,4,4,1.0,0.4
M0201/img000744.jpg,M0201,744,1150,SAHI640,15,233.8271999906283,6,9,0,6,4,4,1.0,0.4
M0201/img000745.jpg,M0201,745,1151,F640,12,23.053900004015304,6,6,0,6,4,4,1.0,0.5
M0201/img000745.jpg,M0201,745,1151,F1280,14,24.02029999939259,6,8,0,6,4,4,1.0,0.42857142857142855
M0201/img000745.jpg,M0201,745,1151,DensK1,13,33.82860000419896,6,7,0,6,4,4,1.0,0.46153846153846156
M0201/img000745.jpg,M0201,745,1151,UnifAll,13,45.204299996839836,6,7,0,6,4,4,1.0,0.46153846153846156
M0201/img000745.jpg,M0201,745,1151,SAHI640,12,178.73910001071636,6,6,0,6,4,4,1.0,0.5
M0201/img000746.jpg,M0201,746,1152,F640,11,14.555500005371869,5,6,0,6,4,3,0.75,0.45454545454545453
M0201/img000746.jpg,M0201,746,1152,F1280,13,25.927400012733415,6,7,0,6,4,4,1.0,0.46153846153846156
M0201/img000746.jpg,M0201,746,1152,DensK1,12,39.491999996243976,5,7,0,6,4,3,0.75,0.4166666666666667
M0201/img000746.jpg,M0201,746,1152,UnifAll,12,56.22179999772925,5,7,0,6,4,3,0.75,0.4166666666666667
M0201/img000746.jpg,M0201,746,1152,SAHI640,13,199.3637999985367,5,8,0,6,4,3,0.75,0.38461538461538464
M0201/img000747.jpg,M0201,747,1153,F640,9,19.48170000105165,5,4,0,6,4,3,0.75,0.5555555555555556
M0201/img000747.jpg,M0201,747,1153,F1280,13,30.4529000131879,6,7,0,6,4,4,1.0,0.46153846153846156
M0201/img000747.jpg,M0201,747,1153,DensK1,15,34.7238000103971,5,10,0,6,4,3,0.75,0.3333333333333333
M0201/img000747.jpg,M0201,747,1153,UnifAll,15,56.95250000280794,5,10,0,6,4,3,0.75,0.3333333333333333
M0201/img000747.jpg,M0201,747,1153,SAHI640,13,225.17750000406522,5,8,0,6,4,3,0.75,0.38461538461538464
M0201/img000748.jpg,M0201,748,1154,F640,13,15.30579999962356,6,7,0,6,4,4,1.0,0.46153846153846156
M0201/img000748.jpg,M0201,748,1154,F1280,15,32.44300000369549,5,10,0,6,4,3,0.75,0.3333333333333333
M0201/img000748.jpg,M0201,748,1154,DensK1,16,44.16289999790024,6,10,0,6,4,4,1.0,0.375
M0201/img000748.jpg,M0201,748,1154,UnifAll,16,54.56910000066273,6,10,0,6,4,4,1.0,0.375
M0201/img000748.jpg,M0201,748,1154,SAHI640,14,209.01999999477994,6,8,0,6,4,4,1.0,0.42857142857142855
M0201/img000749.jpg,M0201,749,1155,F640,12,22.647799996775575,5,7,0,6,4,3,0.75,0.4166666666666667
M0201/img000749.jpg,M0201,749,1155,F1280,16,41.132899990770966,5,11,0,6,4,3,0.75,0.3125
M0201/img000749.jpg,M0201,749,1155,DensK1,16,34.585999994305894,6,10,0,6,4,4,1.0,0.375
M0201/img000749.jpg,M0201,749,1155,UnifAll,17,77.74680000147782,6,11,0,6,4,4,1.0,0.35294117647058826
M0201/img000749.jpg,M0201,749,1155,SAHI640,17,253.8215999957174,5,12,0,6,4,3,0.75,0.29411764705882354
M0201/img000750.jpg,M0201,750,1156,F640,7,15.770800004247576,5,2,0,6,4,3,0.75,0.7142857142857143
M0201/img000750.jpg,M0201,750,1156,F1280,14,27.33690000604838,6,8,0,6,4,4,1.0,0.42857142857142855
M0201/img000750.jpg,M0201,750,1156,DensK1,13,31.69299999717623,5,8,0,6,4,3,0.75,0.38461538461538464
M0201/img000750.jpg,M0201,750,1156,UnifAll,14,51.52179999276996,5,9,0,6,4,3,0.75,0.35714285714285715
M0201/img000750.jpg,M0201,750,1156,SAHI640,14,255.75030001346022,6,8,0,6,4,4,1.0,0.42857142857142855
M0201/img000751.jpg,M0201,751,1157,F640,10,13.924600003520027,4,6,0,5,3,2,0.6666666666666666,0.4
M0201/img000751.jpg,M0201,751,1157,F1280,16,24.61829999811016,5,11,0,5,3,3,1.0,0.3125
M0201/img000751.jpg,M0201,751,1157,DensK1,13,29.89799999340903,4,9,0,5,3,2,0.6666666666666666,0.3076923076923077
M0201/img000751.jpg,M0201,751,1157,UnifAll,14,50.55200000060722,4,10,0,5,3,2,0.6666666666666666,0.2857142857142857
M0201/img000751.jpg,M0201,751,1157,SAHI640,12,198.51200000266545,4,8,0,5,3,2,0.6666666666666666,0.3333333333333333
M0201/img000752.jpg,M0201,752,1158,F640,12,39.57409999566153,4,8,0,5,3,2,0.6666666666666666,0.3333333333333333
M0201/img000752.jpg,M0201,752,1158,F1280,12,25.108599991654046,5,7,0,5,3,3,1.0,0.4166666666666667
M0201/img000752.jpg,M0201,752,1158,DensK1,15,55.35229999804869,5,10,0,5,3,3,1.0,0.3333333333333333
M0201/img000752.jpg,M0201,752,1158,UnifAll,15,81.67119999416173,5,10,0,5,3,3,1.0,0.3333333333333333
M0201/img000752.jpg,M0201,752,1158,SAHI640,16,237.30770000838675,5,11,0,5,3,3,1.0,0.3125
M0201/img000753.jpg,M0201,753,1159,F640,13,15.449899990926497,4,9,0,4,2,2,1.0,0.3076923076923077
M0201/img000753.jpg,M0201,753,1159,F1280,13,24.750500000664033,4,9,0,4,2,2,1.0,0.3076923076923077
M0201/img000753.jpg,M0201,753,1159,DensK1,15,38.273499987553805,4,11,0,4,2,2,1.0,0.26666666666666666
M0201/img000753.jpg,M0201,753,1159,UnifAll,15,61.58839999989141,4,11,0,4,2,2,1.0,0.26666666666666666
M0201/img000753.jpg,M0201,753,1159,SAHI640,14,165.59109999798238,4,10,0,4,2,2,1.0,0.2857142857142857
M0201/img000754.jpg,M0201,754,1160,F640,12,14.643599992268719,4,8,0,4,2,2,1.0,0.3333333333333333
M0201/img000754.jpg,M0201,754,1160,F1280,14,29.340499997488223,4,10,0,4,2,2,1.0,0.2857142857142857
M0201/img000754.jpg,M0201,754,1160,DensK1,16,43.53649998665787,4,12,0,4,2,2,1.0,0.25
M0201/img000754.jpg,M0201,754,1160,UnifAll,16,88.14600000914652,4,12,0,4,2,2,1.0,0.25
M0201/img000754.jpg,M0201,754,1160,SAHI640,15,242.43990000104532,4,11,0,4,2,2,1.0,0.26666666666666666
M0201/img000755.jpg,M0201,755,1161,F640,11,17.026400004397146,4,7,0,4,2,2,1.0,0.36363636363636365
M0201/img000755.jpg,M0201,755,1161,F1280,12,39.9838000012096,4,8,0,4,2,2,1.0,0.3333333333333333
M0201/img000755.jpg,M0201,755,1161,DensK1,14,44.71599998942111,4,10,0,4,2,2,1.0,0.2857142857142857
M0201/img000755.jpg,M0201,755,1161,UnifAll,14,44.935700003406964,4,10,0,4,2,2,1.0,0.2857142857142857
M0201/img000755.jpg,M0201,755,1161,SAHI640,12,198.66329999058507,4,8,0,4,2,2,1.0,0.3333333333333333
M0201/img000756.jpg,M0201,756,1162,F640,9,18.1661999959033,4,5,0,4,2,2,1.0,0.4444444444444444
M0201/img000756.jpg,M0201,756,1162,F1280,13,24.836500000674278,4,9,0,4,2,2,1.0,0.3076923076923077
M0201/img000756.jpg,M0201,756,1162,DensK1,13,33.304300013696775,4,9,0,4,2,2,1.0,0.3076923076923077
M0201/img000756.jpg,M0201,756,1162,UnifAll,13,45.07239999657031,4,9,0,4,2,2,1.0,0.3076923076923077
M0201/img000756.jpg,M0201,756,1162,SAHI640,13,228.05700000026263,4,9,0,4,2,2,1.0,0.3076923076923077
M0201/img000757.jpg,M0201,757,1163,F640,8,25.728199994773604,4,4,0,4,2,2,1.0,0.5
M0201/img000757.jpg,M0201,757,1163,F1280,11,27.14800000831019,4,7,0,4,2,2,1.0,0.36363636363636365
M0201/img000757.jpg,M0201,757,1163,DensK1,11,48.057199994218536,4,7,0,4,2,2,1.0,0.36363636363636365
M0201/img000757.jpg,M0201,757,1163,UnifAll,11,44.81740000483114,4,7,0,4,2,2,1.0,0.36363636363636365
M0201/img000757.jpg,M0201,757,1163,SAHI640,10,186.85440000263043,4,6,0,4,2,2,1.0,0.4
M0201/img000758.jpg,M0201,758,1164,F640,9,17.09540000592824,4,5,0,4,2,2,1.0,0.4444444444444444
M0201/img000758.jpg,M0201,758,1164,F1280,10,25.964100001147017,4,6,0,4,2,2,1.0,0.4
M0201/img000758.jpg,M0201,758,1164,DensK1,11,49.36579999048263,4,7,0,4,2,2,1.0,0.36363636363636365
M0201/img000758.jpg,M0201,758,1164,UnifAll,11,50.81559999962337,4,7,0,4,2,2,1.0,0.36363636363636365
M0201/img000758.jpg,M0201,758,1164,SAHI640,9,185.0369000021601,4,5,0,4,2,2,1.0,0.4444444444444444
M0201/img000759.jpg,M0201,759,1165,F640,9,18.327800004044548,4,5,0,4,2,2,1.0,0.4444444444444444
M0201/img000759.jpg,M0201,759,1165,F1280,10,26.870700006838888,4,6,0,4,2,2,1.0,0.4
M0201/img000759.jpg,M0201,759,1165,DensK1,12,36.23669999069534,4,8,0,4,2,2,1.0,0.3333333333333333
M0201/img000759.jpg,M0201,759,1165,UnifAll,12,54.16129999503028,4,8,0,4,2,2,1.0,0.3333333333333333
M0201/img000759.jpg,M0201,759,1165,SAHI640,11,202.176300008432,4,7,0,4,2,2,1.0,0.36363636363636365
M0201/img000760.jpg,M0201,760,1166,F640,6,19.429299994953908,3,3,0,3,1,1,1.0,0.5
M0201/img000760.jpg,M0201,760,1166,F1280,11,24.888699990697205,3,8,0,3,1,1,1.0,0.2727272727272727
M0201/img000760.jpg,M0201,760,1166,DensK1,11,37.881099997321144,3,8,0,3,1,1,1.0,0.2727272727272727
M0201/img000760.jpg,M0201,760,1166,UnifAll,11,52.10240000451449,3,8,0,3,1,1,1.0,0.2727272727272727
M0201/img000760.jpg,M0201,760,1166,SAHI640,9,173.41519999899901,3,6,0,3,1,1,1.0,0.3333333333333333
M0201/img000761.jpg,M0201,761,1167,F640,8,16.947399999480695,3,5,0,3,1,1,1.0,0.375
M0201/img000761.jpg,M0201,761,1167,F1280,10,34.88479999941774,3,7,0,3,1,1,1.0,0.3
M0201/img000761.jpg,M0201,761,1167,DensK1,9,38.95180000108667,3,6,0,3,1,1,1.0,0.3333333333333333
M0201/img000761.jpg,M0201,761,1167,UnifAll,9,59.17789999512024,3,6,0,3,1,1,1.0,0.3333333333333333
M0201/img000761.jpg,M0201,761,1167,SAHI640,9,174.29480000282638,3,6,0,3,1,1,1.0,0.3333333333333333
M0201/img000762.jpg,M0201,762,1168,F640,5,15.257299994118512,3,2,0,3,1,1,1.0,0.6
M0201/img000762.jpg,M0201,762,1168,F1280,8,28.111599996918812,3,5,0,3,1,1,1.0,0.375
M0201/img000762.jpg,M0201,762,1168,DensK1,7,30.857000005198643,3,4,0,3,1,1,1.0,0.42857142857142855
M0201/img000762.jpg,M0201,762,1168,UnifAll,7,44.979999991483055,3,4,0,3,1,1,1.0,0.42857142857142855
M0201/img000762.jpg,M0201,762,1168,SAHI640,6,162.12920000543818,3,3,0,3,1,1,1.0,0.5
M0201/img000763.jpg,M0201,763,1169,F640,6,14.156899997033179,3,3,0,3,1,1,1.0,0.5
M0201/img000763.jpg,M0201,763,1169,F1280,7,34.68300000531599,3,4,0,3,1,1,1.0,0.42857142857142855
M0201/img000763.jpg,M0201,763,1169,DensK1,6,35.72999998868909,3,3,0,3,1,1,1.0,0.5
M0201/img000763.jpg,M0201,763,1169,UnifAll,6,57.94600000081118,3,3,0,3,1,1,1.0,0.5
M0201/img000763.jpg,M0201,763,1169,SAHI640,6,183.76549999811687,3,3,0,3,1,1,1.0,0.5
M0201/img000764.jpg,M0201,764,1170,F640,5,15.924399995128624,3,2,0,3,1,1,1.0,0.6
M0201/img000764.jpg,M0201,764,1170,F1280,6,36.81970000616275,3,3,0,3,1,1,1.0,0.5
M0201/img000764.jpg,M0201,764,1170,DensK1,5,51.69069999828935,3,2,0,3,1,1,1.0,0.6
M0201/img000764.jpg,M0201,764,1170,UnifAll,5,113.40639999252744,3,2,0,3,1,1,1.0,0.6
M0201/img000764.jpg,M0201,764,1170,SAHI640,5,180.91730000742245,3,2,0,3,1,1,1.0,0.6
M0201/img000765.jpg,M0201,765,1171,F640,5,14.760300007765181,3,2,0,3,1,1,1.0,0.6
M0201/img000765.jpg,M0201,765,1171,F1280,6,36.43749999173451,3,3,0,3,1,1,1.0,0.5
M0201/img000765.jpg,M0201,765,1171,DensK1,5,41.761400003451854,3,2,0,3,1,1,1.0,0.6
M0201/img000765.jpg,M0201,765,1171,UnifAll,5,80.88520000455901,3,2,0,3,1,1,1.0,0.6
M0201/img000765.jpg,M0201,765,1171,SAHI640,5,182.7878000040073,3,2,0,3,1,1,1.0,0.6
M0201/img000766.jpg,M0201,766,1172,F640,5,22.095000007539056,3,2,0,3,1,1,1.0,0.6
M0201/img000766.jpg,M0201,766,1172,F1280,5,32.441899995319545,3,2,0,3,1,1,1.0,0.6
M0201/img000766.jpg,M0201,766,1172,DensK1,6,43.38460000872146,3,3,0,3,1,1,1.0,0.5
M0201/img000766.jpg,M0201,766,1172,UnifAll,6,45.71900000155438,3,3,0,3,1,1,1.0,0.5
M0201/img000766.jpg,M0201,766,1172,SAHI640,6,180.94689999998081,3,3,0,3,1,1,1.0,0.5
M0201/img000767.jpg,M0201,767,1173,F640,4,16.658500011544675,3,1,0,3,1,1,1.0,0.75
M0201/img000767.jpg,M0201,767,1173,F1280,5,25.035500002559274,3,2,0,3,1,1,1.0,0.6
M0201/img000767.jpg,M0201,767,1173,DensK1,5,42.08069999003783,3,2,0,3,1,1,1.0,0.6
M0201/img000767.jpg,M0201,767,1173,UnifAll,5,48.199600001680665,3,2,0,3,1,1,1.0,0.6
M0201/img000767.jpg,M0201,767,1173,SAHI640,5,167.25969999970403,3,2,0,3,1,1,1.0,0.6
M0201/img000768.jpg,M0201,768,1174,F640,5,14.116200007265434,3,2,0,3,1,1,1.0,0.6
M0201/img000768.jpg,M0201,768,1174,F1280,5,23.620100007974543,3,2,0,3,1,1,1.0,0.6
M0201/img000768.jpg,M0201,768,1174,DensK1,5,29.385999994701706,3,2,0,3,1,1,1.0,0.6
M0201/img000768.jpg,M0201,768,1174,UnifAll,5,43.59570000087842,3,2,0,3,1,1,1.0,0.6
M0201/img000768.jpg,M0201,768,1174,SAHI640,5,239.88290000124834,3,2,0,3,1,1,1.0,0.6
M0201/img000769.jpg,M0201,769,1175,F640,5,16.633800012641586,3,2,0,3,1,1,1.0,0.6
M0201/img000769.jpg,M0201,769,1175,F1280,4,32.535899998038076,3,1,0,3,1,1,1.0,0.75
M0201/img000769.jpg,M0201,769,1175,DensK1,5,37.1346000029007,3,2,0,3,1,1,1.0,0.6
M0201/img000769.jpg,M0201,769,1175,UnifAll,6,72.08820000232663,3,3,0,3,1,1,1.0,0.5
M0201/img000769.jpg,M0201,769,1175,SAHI640,5,165.56979999586474,3,2,0,3,1,1,1.0,0.6
M0201/img000770.jpg,M0201,770,1176,F640,4,14.741600010893308,3,1,0,3,1,1,1.0,0.75
M0201/img000770.jpg,M0201,770,1176,F1280,4,33.748699992429465,3,1,0,3,1,1,1.0,0.75
M0201/img000770.jpg,M0201,770,1176,DensK1,4,61.55589999980293,3,1,0,3,1,1,1.0,0.75
M0201/img000770.jpg,M0201,770,1176,UnifAll,6,70.14349999371916,3,3,0,3,1,1,1.0,0.5
M0201/img000770.jpg,M0201,770,1176,SAHI640,5,182.6885000045877,2,3,0,3,1,0,0.0,0.4
M0201/img000771.jpg,M0201,771,1177,F640,6,15.495899991947226,3,3,0,3,1,1,1.0,0.5
M0201/img000771.jpg,M0201,771,1177,F1280,5,32.71359999780543,3,2,0,3,1,1,1.0,0.6
M0201/img000771.jpg,M0201,771,1177,DensK1,6,53.757599991513416,3,3,0,3,1,1,1.0,0.5
M0201/img000771.jpg,M0201,771,1177,UnifAll,7,65.76979999954347,3,4,0,3,1,1,1.0,0.42857142857142855
M0201/img000771.jpg,M0201,771,1177,SAHI640,5,189.0074000111781,2,3,0,3,1,0,0.0,0.4
M0201/img000772.jpg,M0201,772,1178,F640,6,14.959400010411628,3,3,0,3,1,1,1.0,0.5
M0201/img000772.jpg,M0201,772,1178,F1280,6,36.317999998573214,3,3,0,3,1,1,1.0,0.5
M0201/img000772.jpg,M0201,772,1178,DensK1,6,31.02690000378061,3,3,0,3,1,1,1.0,0.5
M0201/img000772.jpg,M0201,772,1178,UnifAll,6,48.88600000413135,3,3,0,3,1,1,1.0,0.5
M0201/img000772.jpg,M0201,772,1178,SAHI640,5,175.83279999962542,3,2,0,3,1,1,1.0,0.6
M0201/img000773.jpg,M0201,773,1179,F640,6,16.03379999869503,3,3,0,3,1,1,1.0,0.5
M0201/img000773.jpg,M0201,773,1179,F1280,5,24.070499988738447,3,2,0,3,1,1,1.0,0.6
M0201/img000773.jpg,M0201,773,1179,DensK1,6,59.172399996896274,3,3,0,3,1,1,1.0,0.5
M0201/img000773.jpg,M0201,773,1179,UnifAll,6,82.26890000514686,3,3,0,3,1,1,1.0,0.5
M0201/img000773.jpg,M0201,773,1179,SAHI640,5,191.1093999951845,3,2,0,3,1,1,1.0,0.6
M0201/img000774.jpg,M0201,774,1180,F640,6,19.478700007312,3,3,0,3,1,1,1.0,0.5
M0201/img000774.jpg,M0201,774,1180,F1280,5,29.64639999845531,3,2,0,3,1,1,1.0,0.6
M0201/img000774.jpg,M0201,774,1180,DensK1,6,42.47220000252128,3,3,0,3,1,1,1.0,0.5
M0201/img000774.jpg,M0201,774,1180,UnifAll,6,95.63559999514837,3,3,0,3,1,1,1.0,0.5
M0201/img000774.jpg,M0201,774,1180,SAHI640,6,191.05979999585543,3,3,0,3,1,1,1.0,0.5
M0201/img000775.jpg,M0201,775,1181,F640,4,27.094500008388422,3,1,0,3,1,1,1.0,0.75
M0201/img000775.jpg,M0201,775,1181,F1280,5,40.98030000750441,3,2,0,3,1,1,1.0,0.6
M0201/img000775.jpg,M0201,775,1181,DensK1,5,47.367000006488524,3,2,0,3,1,1,1.0,0.6
M0201/img000775.jpg,M0201,775,1181,UnifAll,6,59.00199999450706,3,3,0,3,1,1,1.0,0.5
M0201/img000775.jpg,M0201,775,1181,SAHI640,6,186.58330000471324,2,4,0,3,1,0,0.0,0.3333333333333333
M0201/img000776.jpg,M0201,776,1182,F640,5,31.214200003887527,3,2,0,3,1,1,1.0,0.6
M0201/img000776.jpg,M0201,776,1182,F1280,5,49.34740001044702,3,2,0,3,1,1,1.0,0.6
M0201/img000776.jpg,M0201,776,1182,DensK1,5,51.39890000282321,3,2,0,3,1,1,1.0,0.6
M0201/img000776.jpg,M0201,776,1182,UnifAll,5,82.87440000276547,3,2,0,3,1,1,1.0,0.6
M0201/img000776.jpg,M0201,776,1182,SAHI640,5,359.14129999582656,3,2,0,3,1,1,1.0,0.6
M0201/img000777.jpg,M0201,777,1183,F640,5,33.67200000502635,3,2,0,3,1,1,1.0,0.6
M0201/img000777.jpg,M0201,777,1183,F1280,6,40.36579999956302,3,3,0,3,1,1,1.0,0.5
M0201/img000777.jpg,M0201,777,1183,DensK1,5,62.368300001253374,3,2,0,3,1,1,1.0,0.6
M0201/img000777.jpg,M0201,777,1183,UnifAll,6,74.68770000559743,3,3,0,3,1,1,1.0,0.5
M0201/img000777.jpg,M0201,777,1183,SAHI640,6,208.369700005278,3,3,0,3,1,1,1.0,0.5
M0201/img000778.jpg,M0201,778,1184,F640,6,14.005799996084534,3,3,0,3,1,1,1.0,0.5
M0201/img000778.jpg,M0201,778,1184,F1280,6,32.381400000303984,3,3,0,3,1,1,1.0,0.5
M0201/img000778.jpg,M0201,778,1184,DensK1,6,38.407800006098114,3,3,0,3,1,1,1.0,0.5
M0201/img000778.jpg,M0201,778,1184,UnifAll,7,52.479799996945076,3,4,0,3,1,1,1.0,0.42857142857142855
M0201/img000778.jpg,M0201,778,1184,SAHI640,6,213.1264000054216,3,3,0,3,1,1,1.0,0.5
M0201/img000779.jpg,M0201,779,1185,F640,6,14.101799999480136,2,4,0,2,1,1,1.0,0.3333333333333333
M0201/img000779.jpg,M0201,779,1185,F1280,5,28.866999986348674,2,3,0,2,1,1,1.0,0.4
M0201/img000779.jpg,M0201,779,1185,DensK1,6,30.61790000356268,2,4,0,2,1,1,1.0,0.3333333333333333
M0201/img000779.jpg,M0201,779,1185,UnifAll,6,43.65190000680741,2,4,0,2,1,1,1.0,0.3333333333333333
M0201/img000779.jpg,M0201,779,1185,SAHI640,6,167.41530000581406,1,5,0,2,1,0,0.0,0.16666666666666666
M0201/img000780.jpg,M0201,780,1186,F640,5,22.209400005522184,2,3,0,2,1,1,1.0,0.4
M0201/img000780.jpg,M0201,780,1186,F1280,5,35.60740000102669,2,3,0,2,1,1,1.0,0.4
M0201/img000780.jpg,M0201,780,1186,DensK1,5,32.61580000980757,2,3,0,2,1,1,1.0,0.4
M0201/img000780.jpg,M0201,780,1186,UnifAll,5,58.66220001189504,2,3,0,2,1,1,1.0,0.4
M0201/img000780.jpg,M0201,780,1186,SAHI640,5,180.1885000022594,2,3,0,2,1,1,1.0,0.4
M0201/img000781.jpg,M0201,781,1187,F640,3,14.74410000082571,2,1,0,3,2,1,0.5,0.6666666666666666
M0201/img000781.jpg,M0201,781,1187,F1280,5,36.34809999493882,3,2,0,3,2,2,1.0,0.6
M0201/img000781.jpg,M0201,781,1187,DensK1,3,36.411799999768846,2,1,0,3,2,1,0.5,0.6666666666666666
M0201/img000781.jpg,M0201,781,1187,UnifAll,4,47.85430000629276,3,1,0,3,2,2,1.0,0.75
M0201/img000781.jpg,M0201,781,1187,SAHI640,5,215.72039999591652,2,3,0,3,2,1,0.5,0.4
M0201/img000782.jpg,M0201,782,1188,F640,5,19.856099999742582,3,2,0,3,1,1,1.0,0.6
M0201/img000782.jpg,M0201,782,1188,F1280,4,36.45789998699911,3,1,0,3,1,1,1.0,0.75
M0201/img000782.jpg,M0201,782,1188,DensK1,5,39.661100003286265,3,2,0,3,1,1,1.0,0.6
M0201/img000782.jpg,M0201,782,1188,UnifAll,6,56.21189999510534,3,3,0,3,1,1,1.0,0.5
M0201/img000782.jpg,M0201,782,1188,SAHI640,6,178.5377000051085,3,3,0,3,1,1,1.0,0.5
M0201/img000783.jpg,M0201,783,1189,F640,3,16.718900005798787,2,1,0,3,1,0,0.0,0.6666666666666666
M0201/img000783.jpg,M0201,783,1189,F1280,5,36.58900001028087,3,2,0,3,1,1,1.0,0.6
M0201/img000783.jpg,M0201,783,1189,DensK1,3,43.01899998972658,2,1,0,3,1,0,0.0,0.6666666666666666
M0201/img000783.jpg,M0201,783,1189,UnifAll,5,54.751899995608255,3,2,0,3,1,1,1.0,0.6
M0201/img000783.jpg,M0201,783,1189,SAHI640,5,205.1323999912711,2,3,0,3,1,0,0.0,0.4
M0201/img000784.jpg,M0201,784,1190,F640,4,21.550999997998588,2,2,0,3,1,0,0.0,0.5
M0201/img000784.jpg,M0201,784,1190,F1280,4,26.976599998306483,3,1,0,3,1,1,1.0,0.75
M0201/img000784.jpg,M0201,784,1190,DensK1,4,31.745300002512522,2,2,0,3,1,0,0.0,0.5
M0201/img000784.jpg,M0201,784,1190,UnifAll,5,44.857700006105006,3,2,0,3,1,1,1.0,0.6
M0201/img000784.jpg,M0201,784,1190,SAHI640,5,221.4620000013383,3,2,0,3,1,1,1.0,0.6
M0201/img000785.jpg,M0201,785,1191,F640,3,15.422600001329556,3,0,0,3,1,1,1.0,1.0
M0201/img000785.jpg,M0201,785,1191,F1280,5,35.98790000251029,3,2,0,3,1,1,1.0,0.6
M0201/img000785.jpg,M0201,785,1191,DensK1,4,32.46150001359638,3,1,0,3,1,1,1.0,0.75
M0201/img000785.jpg,M0201,785,1191,UnifAll,5,46.818000002531335,3,2,0,3,1,1,1.0,0.6
M0201/img000785.jpg,M0201,785,1191,SAHI640,5,189.83360000129323,3,2,0,3,1,1,1.0,0.6
M0201/img000786.jpg,M0201,786,1192,F640,4,17.331900002318434,3,1,0,3,1,1,1.0,0.75
M0201/img000786.jpg,M0201,786,1192,F1280,4,42.42840000370052,3,1,0,3,1,1,1.0,0.75
M0201/img000786.jpg,M0201,786,1192,DensK1,4,34.54779999447055,3,1,0,3,1,1,1.0,0.75
M0201/img000786.jpg,M0201,786,1192,UnifAll,5,46.014300009119324,3,2,0,3,1,1,1.0,0.6
M0201/img000786.jpg,M0201,786,1192,SAHI640,5,167.7077000058489,3,2,0,3,1,1,1.0,0.6
M0201/img000787.jpg,M0201,787,1193,F640,4,20.697100000688806,3,1,0,3,1,1,1.0,0.75
M0201/img000787.jpg,M0201,787,1193,F1280,5,48.37489999772515,3,2,0,3,1,1,1.0,0.6
M0201/img000787.jpg,M0201,787,1193,DensK1,4,38.098100005299784,3,1,0,3,1,1,1.0,0.75
M0201/img000787.jpg,M0201,787,1193,UnifAll,5,54.02860000322107,3,2,0,3,1,1,1.0,0.6
M0201/img000787.jpg,M0201,787,1193,SAHI640,5,213.01899998798035,3,2,0,3,1,1,1.0,0.6
M0201/img000788.jpg,M0201,788,1194,F640,5,21.960400001262315,3,2,0,3,1,1,1.0,0.6
M0201/img000788.jpg,M0201,788,1194,F1280,4,36.98580000491347,3,1,0,3,1,1,1.0,0.75
M0201/img000788.jpg,M0201,788,1194,DensK1,7,35.616499997559,3,4,0,3,1,1,1.0,0.42857142857142855
M0201/img000788.jpg,M0201,788,1194,UnifAll,7,49.91639999207109,3,4,0,3,1,1,1.0,0.42857142857142855
M0201/img000788.jpg,M0201,788,1194,SAHI640,6,243.03310000686906,2,4,0,3,1,0,0.0,0.3333333333333333
M0201/img000789.jpg,M0201,789,1195,F640,5,24.149999997462146,3,2,0,3,1,1,1.0,0.6
M0201/img000789.jpg,M0201,789,1195,F1280,4,37.8805999935139,3,1,0,3,1,1,1.0,0.75
M0201/img000789.jpg,M0201,789,1195,DensK1,5,56.34969999664463,3,2,0,3,1,1,1.0,0.6
M0201/img000789.jpg,M0201,789,1195,UnifAll,5,105.56250000081491,3,2,0,3,1,1,1.0,0.6
M0201/img000789.jpg,M0201,789,1195,SAHI640,5,209.22999999311287,3,2,0,3,1,1,1.0,0.6
M0201/img000790.jpg,M0201,790,1196,F640,5,19.819900000584312,3,2,0,3,1,1,1.0,0.6
M0201/img000790.jpg,M0201,790,1196,F1280,4,49.649099993985146,3,1,0,3,1,1,1.0,0.75
M0201/img000790.jpg,M0201,790,1196,DensK1,6,32.73399999307003,3,3,0,3,1,1,1.0,0.5
M0201/img000790.jpg,M0201,790,1196,UnifAll,6,66.85490001109429,3,3,0,3,1,1,1.0,0.5
M0201/img000790.jpg,M0201,790,1196,SAHI640,5,218.7870999914594,3,2,0,3,1,1,1.0,0.6
M0201/img000791.jpg,M0201,791,1197,F640,4,16.875499990419485,2,2,0,2,0,0,nan,0.5
M0201/img000791.jpg,M0201,791,1197,F1280,4,25.301799993030727,2,2,0,2,0,0,nan,0.5
M0201/img000791.jpg,M0201,791,1197,DensK1,4,59.33779999031685,2,2,0,2,0,0,nan,0.5
M0201/img000791.jpg,M0201,791,1197,UnifAll,5,100.83060000033583,2,3,0,2,0,0,nan,0.4
M0201/img000791.jpg,M0201,791,1197,SAHI640,5,213.0092000006698,2,3,0,2,0,0,nan,0.4
M0201/img000792.jpg,M0201,792,1198,F640,5,13.820200008922257,2,3,0,2,0,0,nan,0.4
M0201/img000792.jpg,M0201,792,1198,F1280,4,29.356500002904795,2,2,0,2,0,0,nan,0.5
M0201/img000792.jpg,M0201,792,1198,DensK1,5,31.480699995881878,2,3,0,2,0,0,nan,0.4
M0201/img000792.jpg,M0201,792,1198,UnifAll,5,57.23700000089593,2,3,0,2,0,0,nan,0.4
M0201/img000792.jpg,M0201,792,1198,SAHI640,5,194.028600002639,2,3,0,2,0,0,nan,0.4
M0201/img000793.jpg,M0201,793,1199,F640,4,18.322000003536232,2,2,0,2,0,0,nan,0.5
M0201/img000793.jpg,M0201,793,1199,F1280,5,27.295799998682924,2,3,0,2,0,0,nan,0.4
M0201/img000793.jpg,M0201,793,1199,DensK1,4,30.338900003698654,2,2,0,2,0,0,nan,0.5
M0201/img000793.jpg,M0201,793,1199,UnifAll,5,51.07299999508541,2,3,0,2,0,0,nan,0.4
M0201/img000793.jpg,M0201,793,1199,SAHI640,6,201.66279999830294,2,4,0,2,0,0,nan,0.3333333333333333
M0201/img000794.jpg,M0201,794,1200,F640,4,14.952799989259802,2,2,0,2,0,0,nan,0.5
M0201/img000794.jpg,M0201,794,1200,F1280,5,25.997900011134334,2,3,0,2,0,0,nan,0.4
M0201/img000794.jpg,M0201,794,1200,DensK1,4,37.58620000735391,2,2,0,2,0,0,nan,0.5
M0201/img000794.jpg,M0201,794,1200,UnifAll,5,44.13059999933466,2,3,0,2,0,0,nan,0.4
M0201/img000794.jpg,M0201,794,1200,SAHI640,5,175.05869999877177,2,3,0,2,0,0,nan,0.4
M0201/img000795.jpg,M0201,795,1201,F640,3,17.80870000948198,2,1,0,2,0,0,nan,0.6666666666666666
M0201/img000795.jpg,M0201,795,1201,F1280,3,26.189600001089275,2,1,0,2,0,0,nan,0.6666666666666666
M0201/img000795.jpg,M0201,795,1201,DensK1,4,32.61660000134725,2,2,0,2,0,0,nan,0.5
M0201/img000795.jpg,M0201,795,1201,UnifAll,4,48.06129999633413,2,2,0,2,0,0,nan,0.5
M0201/img000795.jpg,M0201,795,1201,SAHI640,4,186.5226999943843,2,2,0,2,0,0,nan,0.5
M0201/img000796.jpg,M0201,796,1202,F640,3,23.640699990210123,2,1,0,2,0,0,nan,0.6666666666666666
M0201/img000796.jpg,M0201,796,1202,F1280,4,29.82979999796953,2,2,0,2,0,0,nan,0.5
M0201/img000796.jpg,M0201,796,1202,DensK1,3,45.36709999956656,2,1,0,2,0,0,nan,0.6666666666666666
M0201/img000796.jpg,M0201,796,1202,UnifAll,3,57.474499990348704,2,1,0,2,0,0,nan,0.6666666666666666
M0201/img000796.jpg,M0201,796,1202,SAHI640,3,174.3036999978358,1,2,0,2,0,0,nan,0.3333333333333333
M0201/img000797.jpg,M0201,797,1203,F640,4,16.069399993284605,2,2,0,2,0,0,nan,0.5
M0201/img000797.jpg,M0201,797,1203,F1280,3,38.492699997732416,2,1,0,2,0,0,nan,0.6666666666666666
M0201/img000797.jpg,M0201,797,1203,DensK1,4,63.87680000625551,2,2,0,2,0,0,nan,0.5
M0201/img000797.jpg,M0201,797,1203,UnifAll,4,55.289199997787364,2,2,0,2,0,0,nan,0.5
M0201/img000797.jpg,M0201,797,1203,SAHI640,4,195.3821000060998,2,2,0,2,0,0,nan,0.5
M0201/img000798.jpg,M0201,798,1204,F640,3,15.423800010466948,2,1,0,2,0,0,nan,0.6666666666666666
M0201/img000798.jpg,M0201,798,1204,F1280,3,38.0931999970926,2,1,0,2,0,0,nan,0.6666666666666666
M0201/img000798.jpg,M0201,798,1204,DensK1,3,33.77970001020003,2,1,0,2,0,0,nan,0.6666666666666666
M0201/img000798.jpg,M0201,798,1204,UnifAll,3,52.56090000330005,2,1,0,2,0,0,nan,0.6666666666666666
M0201/img000798.jpg,M0201,798,1204,SAHI640,5,221.88949999690522,2,3,0,2,0,0,nan,0.4
M0201/img000799.jpg,M0201,799,1205,F640,3,16.136400008690543,2,1,0,2,0,0,nan,0.6666666666666666
M0201/img000799.jpg,M0201,799,1205,F1280,3,37.38149999117013,2,1,0,2,0,0,nan,0.6666666666666666
M0201/img000799.jpg,M0201,799,1205,DensK1,4,33.767300003091805,2,2,0,2,0,0,nan,0.5
M0201/img000799.jpg,M0201,799,1205,UnifAll,5,52.23370000021532,2,3,0,2,0,0,nan,0.4
M0201/img000799.jpg,M0201,799,1205,SAHI640,4,170.4304000013508,2,2,0,2,0,0,nan,0.5
M0201/img000800.jpg,M0201,800,1206,F640,3,20.314800000051036,2,1,0,2,1,1,1.0,0.6666666666666666
M0201/img000800.jpg,M0201,800,1206,F1280,5,40.156600007321686,2,3,0,2,1,1,1.0,0.4
M0201/img000800.jpg,M0201,800,1206,DensK1,4,51.2730000045849,2,2,0,2,1,1,1.0,0.5
M0201/img000800.jpg,M0201,800,1206,UnifAll,4,60.89150000480004,2,2,0,2,1,1,1.0,0.5
M0201/img000800.jpg,M0201,800,1206,SAHI640,3,202.1532000071602,2,1,0,2,1,1,1.0,0.6666666666666666
M0201/img000801.jpg,M0201,801,1207,F640,3,14.880000002449378,2,1,0,2,1,1,1.0,0.6666666666666666
M0201/img000801.jpg,M0201,801,1207,F1280,3,34.71730000455864,2,1,0,2,1,1,1.0,0.6666666666666666
M0201/img000801.jpg,M0201,801,1207,DensK1,4,35.695400001714006,2,2,0,2,1,1,1.0,0.5
M0201/img000801.jpg,M0201,801,1207,UnifAll,4,48.82949999591801,2,2,0,2,1,1,1.0,0.5
M0201/img000801.jpg,M0201,801,1207,SAHI640,4,203.02350001293235,2,2,0,2,1,1,1.0,0.5
M0201/img000802.jpg,M0201,802,1208,F640,4,19.930299997213297,2,2,0,2,1,1,1.0,0.5
M0201/img000802.jpg,M0201,802,1208,F1280,3,29.759099998045713,2,1,0,2,1,1,1.0,0.6666666666666666
M0201/img000802.jpg,M0201,802,1208,DensK1,4,40.158199990401044,2,2,0,2,1,1,1.0,0.5
M0201/img000802.jpg,M0201,802,1208,UnifAll,5,60.91309999465011,2,3,0,2,1,1,1.0,0.4
M0201/img000802.jpg,M0201,802,1208,SAHI640,4,196.87509999494068,2,2,0,2,1,1,1.0,0.5
M0201/img000803.jpg,M0201,803,1209,F640,3,16.117999999551103,2,1,0,2,1,1,1.0,0.6666666666666666
M0201/img000803.jpg,M0201,803,1209,F1280,3,38.164599987794645,2,1,0,2,1,1,1.0,0.6666666666666666
M0201/img000803.jpg,M0201,803,1209,DensK1,3,39.94220000458881,2,1,0,2,1,1,1.0,0.6666666666666666
M0201/img000803.jpg,M0201,803,1209,UnifAll,3,46.354399994015694,2,1,0,2,1,1,1.0,0.6666666666666666
M0201/img000803.jpg,M0201,803,1209,SAHI640,4,182.17170001298655,2,2,0,2,1,1,1.0,0.5
M0201/img000804.jpg,M0201,804,1210,F640,3,18.550100008724257,2,1,0,2,1,1,1.0,0.6666666666666666
M0201/img000804.jpg,M0201,804,1210,F1280,3,37.07759999088012,2,1,0,2,1,1,1.0,0.6666666666666666
M0201/img000804.jpg,M0201,804,1210,DensK1,4,41.52820000308566,2,2,0,2,1,1,1.0,0.5
M0201/img000804.jpg,M0201,804,1210,UnifAll,4,52.65470000449568,2,2,0,2,1,1,1.0,0.5
M0201/img000804.jpg,M0201,804,1210,SAHI640,5,210.68730000115465,2,3,0,2,1,1,1.0,0.4
M0201/img000805.jpg,M0201,805,1211,F640,4,18.58620000712108,2,2,0,2,1,1,1.0,0.5
M0201/img000805.jpg,M0201,805,1211,F1280,4,34.62399999261834,2,2,0,2,1,1,1.0,0.5
M0201/img000805.jpg,M0201,805,1211,DensK1,6,33.14829998998903,2,4,0,2,1,1,1.0,0.3333333333333333
M0201/img000805.jpg,M0201,805,1211,UnifAll,6,47.58269999001641,2,4,0,2,1,1,1.0,0.3333333333333333
M0201/img000805.jpg,M0201,805,1211,SAHI640,6,165.30900000361726,2,4,0,2,1,1,1.0,0.3333333333333333
M0201/img000806.jpg,M0201,806,1212,F640,4,19.258200001786463,2,2,0,2,1,1,1.0,0.5
M0201/img000806.jpg,M0201,806,1212,F1280,4,31.12189999956172,2,2,0,2,1,1,1.0,0.5
M0201/img000806.jpg,M0201,806,1212,DensK1,5,41.858099997625686,2,3,0,2,1,1,1.0,0.4
M0201/img000806.jpg,M0201,806,1212,UnifAll,5,60.71270001120865,2,3,0,2,1,1,1.0,0.4
M0201/img000806.jpg,M0201,806,1212,SAHI640,5,176.3243000023067,2,3,0,2,1,1,1.0,0.4
M0201/img000807.jpg,M0201,807,1213,F640,4,15.609599999152124,2,2,0,2,1,1,1.0,0.5
M0201/img000807.jpg,M0201,807,1213,F1280,3,31.999599988921545,2,1,0,2,1,1,1.0,0.6666666666666666
M0201/img000807.jpg,M0201,807,1213,DensK1,5,29.76620000845287,2,3,0,2,1,1,1.0,0.4
M0201/img000807.jpg,M0201,807,1213,UnifAll,5,46.019600005820394,2,3,0,2,1,1,1.0,0.4
M0201/img000807.jpg,M0201,807,1213,SAHI640,3,233.9712000102736,2,1,0,2,1,1,1.0,0.6666666666666666
M0201/img000808.jpg,M0201,808,1214,F640,6,15.20130000426434,2,4,0,2,1,1,1.0,0.3333333333333333
M0201/img000808.jpg,M0201,808,1214,F1280,3,27.8670000116108,2,1,0,2,1,1,1.0,0.6666666666666666
M0201/img000808.jpg,M0201,808,1214,DensK1,6,42.649299997719936,2,4,0,2,1,1,1.0,0.3333333333333333
M0201/img000808.jpg,M0201,808,1214,UnifAll,6,49.38229999970645,2,4,0,2,1,1,1.0,0.3333333333333333
M0201/img000808.jpg,M0201,808,1214,SAHI640,6,193.52149999758694,2,4,0,2,1,1,1.0,0.3333333333333333
M0201/img000809.jpg,M0201,809,1215,F640,6,16.536199997062795,2,4,0,2,1,1,1.0,0.3333333333333333
M0201/img000809.jpg,M0201,809,1215,F1280,4,24.728299991693348,2,2,0,2,1,1,1.0,0.5
M0201/img000809.jpg,M0201,809,1215,DensK1,7,47.846999994362704,2,5,0,2,1,1,1.0,0.2857142857142857
M0201/img000809.jpg,M0201,809,1215,UnifAll,7,83.89829999941867,2,5,0,2,1,1,1.0,0.2857142857142857
M0201/img000809.jpg,M0201,809,1215,SAHI640,6,196.9159000000218,2,4,0,2,1,1,1.0,0.3333333333333333
M0201/img000810.jpg,M0201,810,1216,F640,4,30.292900002677925,2,2,0,2,1,1,1.0,0.5
M0201/img000810.jpg,M0201,810,1216,F1280,5,27.874499995959923,2,3,0,2,1,1,1.0,0.4
M0201/img000810.jpg,M0201,810,1216,DensK1,5,53.19730000337586,2,3,0,2,1,1,1.0,0.4
M0201/img000810.jpg,M0201,810,1216,UnifAll,5,76.99210000282619,2,3,0,2,1,1,1.0,0.4
M0201/img000810.jpg,M0201,810,1216,SAHI640,6,179.29529999673832,2,4,0,2,1,1,1.0,0.3333333333333333
M0201/img000811.jpg,M0201,811,1217,F640,6,14.627099997596815,3,3,0,3,2,2,1.0,0.5
M0201/img000811.jpg,M0201,811,1217,F1280,4,32.87290000298526,3,1,0,3,2,2,1.0,0.75
M0201/img000811.jpg,M0201,811,1217,DensK1,6,30.72900000552181,3,3,0,3,2,2,1.0,0.5
M0201/img000811.jpg,M0201,811,1217,UnifAll,6,45.26500000793021,3,3,0,3,2,2,1.0,0.5
M0201/img000811.jpg,M0201,811,1217,SAHI640,7,220.83210000710096,2,5,0,3,2,1,0.5,0.2857142857142857
M0201/img000812.jpg,M0201,812,1218,F640,5,39.699600005405955,3,2,0,3,2,2,1.0,0.6
M0201/img000812.jpg,M0201,812,1218,F1280,4,34.74630000710022,3,1,0,3,2,2,1.0,0.75
M0201/img000812.jpg,M0201,812,1218,DensK1,6,37.98520000418648,3,3,0,3,2,2,1.0,0.5
M0201/img000812.jpg,M0201,812,1218,UnifAll,6,43.859299999894574,3,3,0,3,2,2,1.0,0.5
M0201/img000812.jpg,M0201,812,1218,SAHI640,8,175.86659999506082,2,6,0,3,2,1,0.5,0.25
M0201/img000813.jpg,M0201,813,1219,F640,4,14.732499999809079,3,1,0,3,2,2,1.0,0.75
M0201/img000813.jpg,M0201,813,1219,F1280,4,34.56220000225585,3,1,0,3,2,2,1.0,0.75
M0201/img000813.jpg,M0201,813,1219,DensK1,5,36.94220000761561,3,2,0,3,2,2,1.0,0.6
M0201/img000813.jpg,M0201,813,1219,UnifAll,5,47.726099990541115,3,2,0,3,2,2,1.0,0.6
M0201/img000813.jpg,M0201,813,1219,SAHI640,6,197.1651999920141,2,4,0,3,2,1,0.5,0.3333333333333333
M0201/img000814.jpg,M0201,814,1220,F640,3,15.767800010507926,3,0,0,3,2,2,1.0,1.0
M0201/img000814.jpg,M0201,814,1220,F1280,5,46.11039999872446,3,2,0,3,2,2,1.0,0.6
M0201/img000814.jpg,M0201,814,1220,DensK1,4,31.864800010225736,3,1,0,3,2,2,1.0,0.75
M0201/img000814.jpg,M0201,814,1220,UnifAll,5,61.24760000966489,3,2,0,3,2,2,1.0,0.6
M0201/img000814.jpg,M0201,814,1220,SAHI640,4,219.39040000142995,3,1,0,3,2,2,1.0,0.75
M0201/img000815.jpg,M0201,815,1221,F640,4,25.470000007771887,3,1,0,3,2,2,1.0,0.75
M0201/img000815.jpg,M0201,815,1221,F1280,4,28.289399997447617,3,1,0,3,2,2,1.0,0.75
M0201/img000815.jpg,M0201,815,1221,DensK1,4,65.24579999677371,3,1,0,3,2,2,1.0,0.75
M0201/img000815.jpg,M0201,815,1221,UnifAll,4,96.96009999606758,3,1,0,3,2,2,1.0,0.75
M0201/img000815.jpg,M0201,815,1221,SAHI640,4,200.37869999941904,3,1,0,3,2,2,1.0,0.75
M0201/img000816.jpg,M0201,816,1222,F640,4,14.796600007684901,2,2,0,3,2,1,0.5,0.5
M0201/img000816.jpg,M0201,816,1222,F1280,5,49.18659999384545,3,2,0,3,2,2,1.0,0.6
M0201/img000816.jpg,M0201,816,1222,DensK1,6,66.3531000027433,3,3,0,3,2,2,1.0,0.5
M0201/img000816.jpg,M0201,816,1222,UnifAll,6,84.93470000394154,3,3,0,3,2,2,1.0,0.5
M0201/img000816.jpg,M0201,816,1222,SAHI640,5,383.3643999969354,3,2,0,3,2,2,1.0,0.6
M0201/img000817.jpg,M0201,817,1223,F640,5,14.818799987551756,3,2,0,3,2,2,1.0,0.6
M0201/img000817.jpg,M0201,817,1223,F1280,4,24.742599998717196,3,1,0,3,2,2,1.0,0.75
M0201/img000817.jpg,M0201,817,1223,DensK1,6,36.20200000295881,3,3,0,3,2,2,1.0,0.5
M0201/img000817.jpg,M0201,817,1223,UnifAll,6,78.30829999875277,3,3,0,3,2,2,1.0,0.5
M0201/img000817.jpg,M0201,817,1223,SAHI640,6,197.25559999642428,3,3,0,3,2,2,1.0,0.5
M0201/img000818.jpg,M0201,818,1224,F640,5,18.33200000692159,3,2,0,3,2,2,1.0,0.6
M0201/img000818.jpg,M0201,818,1224,F1280,4,34.06759999052156,3,1,0,3,2,2,1.0,0.75
M0201/img000818.jpg,M0201,818,1224,DensK1,6,45.9850000042934,3,3,0,3,2,2,1.0,0.5
M0201/img000818.jpg,M0201,818,1224,UnifAll,6,62.57380000897683,3,3,0,3,2,2,1.0,0.5
M0201/img000818.jpg,M0201,818,1224,SAHI640,5,189.82550001237541,3,2,0,3,2,2,1.0,0.6
M0201/img000819.jpg,M0201,819,1225,F640,7,15.310400005546398,3,4,0,3,1,1,1.0,0.42857142857142855
M0201/img000819.jpg,M0201,819,1225,F1280,7,35.63410000060685,3,4,0,3,1,1,1.0,0.42857142857142855
M0201/img000819.jpg,M0201,819,1225,DensK1,9,42.05059999367222,3,6,0,3,1,1,1.0,0.3333333333333333
M0201/img000819.jpg,M0201,819,1225,UnifAll,9,60.474099998828024,3,6,0,3,1,1,1.0,0.3333333333333333
M0201/img000819.jpg,M0201,819,1225,SAHI640,6,177.18199999944773,3,3,0,3,1,1,1.0,0.5
M0201/img000820.jpg,M0201,820,1226,F640,5,19.14230000693351,3,2,0,3,1,1,1.0,0.6
M0201/img000820.jpg,M0201,820,1226,F1280,7,25.378699996508658,3,4,0,3,1,1,1.0,0.42857142857142855
M0201/img000820.jpg,M0201,820,1226,DensK1,6,39.0000999905169,3,3,0,3,1,1,1.0,0.5
M0201/img000820.jpg,M0201,820,1226,UnifAll,8,56.878799994592555,3,5,0,3,1,1,1.0,0.375
M0201/img000820.jpg,M0201,820,1226,SAHI640,7,188.31309999222867,3,4,0,3,1,1,1.0,0.42857142857142855
M0201/img000821.jpg,M0201,821,1227,F640,5,18.230700006824918,3,2,0,3,1,1,1.0,0.6
M0201/img000821.jpg,M0201,821,1227,F1280,5,32.77710000111256,3,2,0,3,1,1,1.0,0.6
M0201/img000821.jpg,M0201,821,1227,DensK1,6,32.55699999863282,3,3,0,3,1,1,1.0,0.5
M0201/img000821.jpg,M0201,821,1227,UnifAll,7,57.921100000385195,3,4,0,3,1,1,1.0,0.42857142857142855
M0201/img000821.jpg,M0201,821,1227,SAHI640,7,199.89309999800753,2,5,0,3,1,0,0.0,0.2857142857142857
M0201/img000822.jpg,M0201,822,1228,F640,4,15.32059999590274,3,1,0,3,1,1,1.0,0.75
M0201/img000822.jpg,M0201,822,1228,F1280,4,31.282199997804128,3,1,0,3,1,1,1.0,0.75
M0201/img000822.jpg,M0201,822,1228,DensK1,4,36.10479999042582,3,1,0,3,1,1,1.0,0.75
M0201/img000822.jpg,M0201,822,1228,UnifAll,5,47.921200006385334,3,2,0,3,1,1,1.0,0.6
M0201/img000822.jpg,M0201,822,1228,SAHI640,7,202.0390999969095,3,4,0,3,1,1,1.0,0.42857142857142855
M0201/img000823.jpg,M0201,823,1229,F640,5,19.954300005338155,3,2,0,3,2,2,1.0,0.6
M0201/img000823.jpg,M0201,823,1229,F1280,3,32.36759999708738,3,0,0,3,2,2,1.0,1.0
M0201/img000823.jpg,M0201,823,1229,DensK1,6,36.700199998449534,3,3,0,3,2,2,1.0,0.5
M0201/img000823.jpg,M0201,823,1229,UnifAll,6,43.95999999542255,3,3,0,3,2,2,1.0,0.5
M0201/img000823.jpg,M0201,823,1229,SAHI640,5,179.3891999986954,3,2,0,3,2,2,1.0,0.6
M0201/img000824.jpg,M0201,824,1230,F640,4,19.611999989137985,3,1,0,3,2,2,1.0,0.75
M0201/img000824.jpg,M0201,824,1230,F1280,4,32.39279999979772,3,1,0,3,2,2,1.0,0.75
M0201/img000824.jpg,M0201,824,1230,DensK1,5,37.75339999992866,3,2,0,3,2,2,1.0,0.6
M0201/img000824.jpg,M0201,824,1230,UnifAll,5,55.03449999378063,3,2,0,3,2,2,1.0,0.6
M0201/img000824.jpg,M0201,824,1230,SAHI640,4,206.75320000736974,3,1,0,3,2,2,1.0,0.75
M0201/img000825.jpg,M0201,825,1231,F640,3,17.839599997387268,3,0,0,3,2,2,1.0,1.0
M0201/img000825.jpg,M0201,825,1231,F1280,3,31.578499998431653,3,0,0,3,2,2,1.0,1.0
M0201/img000825.jpg,M0201,825,1231,DensK1,4,40.26959999464452,3,1,0,3,2,2,1.0,0.75
M0201/img000825.jpg,M0201,825,1231,UnifAll,4,45.0935999979265,3,1,0,3,2,2,1.0,0.75
M0201/img000825.jpg,M0201,825,1231,SAHI640,4,194.00239999231417,3,1,0,3,2,2,1.0,0.75
M0201/img000826.jpg,M0201,826,1232,F640,4,17.370500005199574,3,1,0,3,2,2,1.0,0.75
M0201/img000826.jpg,M0201,826,1232,F1280,3,37.81679998792242,3,0,0,3,2,2,1.0,1.0
M0201/img000826.jpg,M0201,826,1232,DensK1,4,39.80450000381097,3,1,0,3,2,2,1.0,0.75
M0201/img000826.jpg,M0201,826,1232,UnifAll,4,52.61730001075193,3,1,0,3,2,2,1.0,0.75
M0201/img000826.jpg,M0201,826,1232,SAHI640,4,174.5072999910917,3,1,0,3,2,2,1.0,0.75
M0201/img000827.jpg,M0201,827,1233,F640,4,33.04400001070462,3,1,0,3,2,2,1.0,0.75
M0201/img000827.jpg,M0201,827,1233,F1280,6,36.88729999703355,3,3,0,3,2,2,1.0,0.5
M0201/img000827.jpg,M0201,827,1233,DensK1,5,62.81510001281276,3,2,0,3,2,2,1.0,0.6
M0201/img000827.jpg,M0201,827,1233,UnifAll,5,44.32950000045821,3,2,0,3,2,2,1.0,0.6
M0201/img000827.jpg,M0201,827,1233,SAHI640,6,189.0897999983281,3,3,0,3,2,2,1.0,0.5
M0201/img000828.jpg,M0201,828,1234,F640,4,14.826700004050508,3,1,0,3,2,2,1.0,0.75
M0201/img000828.jpg,M0201,828,1234,F1280,4,38.351900002453476,3,1,0,3,2,2,1.0,0.75
M0201/img000828.jpg,M0201,828,1234,DensK1,4,59.37429999175947,3,1,0,3,2,2,1.0,0.75
M0201/img000828.jpg,M0201,828,1234,UnifAll,4,81.14780001051258,3,1,0,3,2,2,1.0,0.75
M0201/img000828.jpg,M0201,828,1234,SAHI640,4,233.22390000976156,3,1,0,3,2,2,1.0,0.75
M0201/img000829.jpg,M0201,829,1235,F640,5,17.770099992048927,4,1,0,4,3,3,1.0,0.8
M0201/img000829.jpg,M0201,829,1235,F1280,4,29.307999997399747,4,0,0,4,3,3,1.0,1.0
M0201/img000829.jpg,M0201,829,1235,DensK1,5,37.65699999348726,4,1,0,4,3,3,1.0,0.8
M0201/img000829.jpg,M0201,829,1235,UnifAll,5,51.91809999814723,4,1,0,4,3,3,1.0,0.8
M0201/img000829.jpg,M0201,829,1235,SAHI640,5,199.68689999950584,3,2,0,4,3,2,0.6666666666666666,0.6
M0201/img000830.jpg,M0201,830,1236,F640,4,15.464700001757592,4,0,0,4,3,3,1.0,1.0
M0201/img000830.jpg,M0201,830,1236,F1280,6,38.470800005597994,4,2,0,4,3,3,1.0,0.6666666666666666
M0201/img000830.jpg,M0201,830,1236,DensK1,5,45.5904999980703,3,2,0,4,3,2,0.6666666666666666,0.6
M0201/img000830.jpg,M0201,830,1236,UnifAll,5,77.42059999145567,3,2,0,4,3,2,0.6666666666666666,0.6
M0201/img000830.jpg,M0201,830,1236,SAHI640,5,264.41309999790974,4,1,0,4,3,3,1.0,0.8
M0201/img000831.jpg,M0201,831,1237,F640,4,14.471400005277246,4,0,0,4,3,3,1.0,1.0
M0201/img000831.jpg,M0201,831,1237,F1280,4,33.44440000364557,4,0,0,4,3,3,1.0,1.0
M0201/img000831.jpg,M0201,831,1237,DensK1,5,41.496199992252514,4,1,0,4,3,3,1.0,0.8
M0201/img000831.jpg,M0201,831,1237,UnifAll,5,63.33180000365246,4,1,0,4,3,3,1.0,0.8
M0201/img000831.jpg,M0201,831,1237,SAHI640,5,236.5804000000935,4,1,0,4,3,3,1.0,0.8
M0201/img000832.jpg,M0201,832,1238,F640,6,24.121700000250712,4,2,0,4,3,3,1.0,0.6666666666666666
M0201/img000832.jpg,M0201,832,1238,F1280,6,26.8008999992162,4,2,0,4,3,3,1.0,0.6666666666666666
M0201/img000832.jpg,M0201,832,1238,DensK1,6,37.56729999440722,4,2,0,4,3,3,1.0,0.6666666666666666
M0201/img000832.jpg,M0201,832,1238,UnifAll,6,58.89780000143219,4,2,0,4,3,3,1.0,0.6666666666666666
M0201/img000832.jpg,M0201,832,1238,SAHI640,6,227.78729999845382,4,2,0,4,3,3,1.0,0.6666666666666666
M0201/img000833.jpg,M0201,833,1239,F640,5,26.051499997265637,4,1,0,4,3,3,1.0,0.8
M0201/img000833.jpg,M0201,833,1239,F1280,6,39.84860000491608,4,2,0,4,3,3,1.0,0.6666666666666666
M0201/img000833.jpg,M0201,833,1239,DensK1,6,58.300300006521866,4,2,0,4,3,3,1.0,0.6666666666666666
M0201/img000833.jpg,M0201,833,1239,UnifAll,6,96.93850000621751,4,2,0,4,3,3,1.0,0.6666666666666666
M0201/img000833.jpg,M0201,833,1239,SAHI640,5,179.91089999850374,4,1,0,4,3,3,1.0,0.8
M0201/img000834.jpg,M0201,834,1240,F640,6,16.229000000748783,4,2,0,4,3,3,1.0,0.6666666666666666
M0201/img000834.jpg,M0201,834,1240,F1280,4,42.285600007744506,4,0,0,4,3,3,1.0,1.0
M0201/img000834.jpg,M0201,834,1240,DensK1,6,71.32240000646561,4,2,0,4,3,3,1.0,0.6666666666666666
M0201/img000834.jpg,M0201,834,1240,UnifAll,6,69.84140000713523,4,2,0,4,3,3,1.0,0.6666666666666666
M0201/img000834.jpg,M0201,834,1240,SAHI640,5,200.2481999952579,4,1,0,4,3,3,1.0,0.8
M0201/img000835.jpg,M0201,835,1241,F640,6,17.454600005294196,4,2,0,4,3,3,1.0,0.6666666666666666
M0201/img000835.jpg,M0201,835,1241,F1280,5,35.651800004416145,4,1,0,4,3,3,1.0,0.8
M0201/img000835.jpg,M0201,835,1241,DensK1,7,30.725099990377203,4,3,0,4,3,3,1.0,0.5714285714285714
M0201/img000835.jpg,M0201,835,1241,UnifAll,7,51.533799996832386,4,3,0,4,3,3,1.0,0.5714285714285714
M0201/img000835.jpg,M0201,835,1241,SAHI640,8,169.7649999987334,4,4,0,4,3,3,1.0,0.5
M0201/img000836.jpg,M0201,836,1242,F640,7,17.502599992440082,4,3,0,4,3,3,1.0,0.5714285714285714
M0201/img000836.jpg,M0201,836,1242,F1280,5,51.79290000523906,4,1,0,4,3,3,1.0,0.8
M0201/img000836.jpg,M0201,836,1242,DensK1,7,37.95749999699183,4,3,0,4,3,3,1.0,0.5714285714285714
M0201/img000836.jpg,M0201,836,1242,UnifAll,7,53.02660001325421,4,3,0,4,3,3,1.0,0.5714285714285714
M0201/img000836.jpg,M0201,836,1242,SAHI640,7,168.9085999969393,4,3,0,4,3,3,1.0,0.5714285714285714
M0201/img000837.jpg,M0201,837,1243,F640,5,19.519699999364093,4,1,0,4,3,3,1.0,0.8
M0201/img000837.jpg,M0201,837,1243,F1280,7,33.92620000522584,4,3,0,4,3,3,1.0,0.5714285714285714
M0201/img000837.jpg,M0201,837,1243,DensK1,6,42.38769999938086,4,2,0,4,3,3,1.0,0.6666666666666666
M0201/img000837.jpg,M0201,837,1243,UnifAll,6,56.95980000018608,4,2,0,4,3,3,1.0,0.6666666666666666
M0201/img000837.jpg,M0201,837,1243,SAHI640,6,202.47220000601374,4,2,0,4,3,3,1.0,0.6666666666666666
M0201/img000838.jpg,M0201,838,1244,F640,6,18.482700004824437,4,2,0,4,3,3,1.0,0.6666666666666666
M0201/img000838.jpg,M0201,838,1244,F1280,6,46.71020001114812,4,2,0,4,3,3,1.0,0.6666666666666666
M0201/img000838.jpg,M0201,838,1244,DensK1,7,34.97250001237262,4,3,0,4,3,3,1.0,0.5714285714285714
M0201/img000838.jpg,M0201,838,1244,UnifAll,7,49.1036999883363,4,3,0,4,3,3,1.0,0.5714285714285714
M0201/img000838.jpg,M0201,838,1244,SAHI640,6,191.90659999730997,4,2,0,4,3,3,1.0,0.6666666666666666
M0201/img000839.jpg,M0201,839,1245,F640,5,19.12060000177007,4,1,0,4,3,3,1.0,0.8
M0201/img000839.jpg,M0201,839,1245,F1280,5,34.306400004425086,4,1,0,4,3,3,1.0,0.8
M0201/img000839.jpg,M0201,839,1245,DensK1,6,43.79519999201875,4,2,0,4,3,3,1.0,0.6666666666666666
M0201/img000839.jpg,M0201,839,1245,UnifAll,6,56.78030000126455,4,2,0,4,3,3,1.0,0.6666666666666666
M0201/img000839.jpg,M0201,839,1245,SAHI640,6,212.53590000560507,4,2,0,4,3,3,1.0,0.6666666666666666
M0201/img000840.jpg,M0201,840,1246,F640,5,17.82680000178516,3,2,0,4,3,2,0.6666666666666666,0.6
M0201/img000840.jpg,M0201,840,1246,F1280,5,30.306599990581162,4,1,0,4,3,3,1.0,0.8
M0201/img000840.jpg,M0201,840,1246,DensK1,7,43.01629999827128,4,3,0,4,3,3,1.0,0.5714285714285714
M0201/img000840.jpg,M0201,840,1246,UnifAll,7,48.993899996276014,4,3,0,4,3,3,1.0,0.5714285714285714
M0201/img000840.jpg,M0201,840,1246,SAHI640,8,178.08730000979267,4,4,0,4,3,3,1.0,0.5
M0201/img000841.jpg,M0201,841,1247,F640,6,15.425100005813874,5,1,0,5,3,3,1.0,0.8333333333333334
M0201/img000841.jpg,M0201,841,1247,F1280,8,24.734099992201664,4,4,0,5,3,3,1.0,0.5
M0201/img000841.jpg,M0201,841,1247,DensK1,6,39.27740000654012,5,1,0,5,3,3,1.0,0.8333333333333334
M0201/img000841.jpg,M0201,841,1247,UnifAll,6,60.7981000066502,5,1,0,5,3,3,1.0,0.8333333333333334
M0201/img000841.jpg,M0201,841,1247,SAHI640,8,206.96379999571946,5,3,0,5,3,3,1.0,0.625
M0201/img000842.jpg,M0201,842,1248,F640,5,19.09719999821391,5,0,0,5,3,3,1.0,1.0
M0201/img000842.jpg,M0201,842,1248,F1280,7,26.082900003530085,5,2,0,5,3,3,1.0,0.7142857142857143
M0201/img000842.jpg,M0201,842,1248,DensK1,6,43.60560000350233,5,1,0,5,3,3,1.0,0.8333333333333334
M0201/img000842.jpg,M0201,842,1248,UnifAll,6,49.053900002036244,5,1,0,5,3,3,1.0,0.8333333333333334
M0201/img000842.jpg,M0201,842,1248,SAHI640,6,209.06989999639336,5,1,0,5,3,3,1.0,0.8333333333333334
M0201/img000843.jpg,M0201,843,1249,F640,5,16.80530000885483,5,0,0,5,3,3,1.0,1.0
M0201/img000843.jpg,M0201,843,1249,F1280,5,28.031199995893985,4,1,0,5,3,3,1.0,0.8
M0201/img000843.jpg,M0201,843,1249,DensK1,7,39.409400007571094,5,2,0,5,3,3,1.0,0.7142857142857143
M0201/img000843.jpg,M0201,843,1249,UnifAll,7,52.47129999042954,5,2,0,5,3,3,1.0,0.7142857142857143
M0201/img000843.jpg,M0201,843,1249,SAHI640,6,216.85829998750705,5,1,0,5,3,3,1.0,0.8333333333333334
M0201/img000844.jpg,M0201,844,1250,F640,5,19.825200011837296,5,0,0,5,3,3,1.0,1.0
M0201/img000844.jpg,M0201,844,1250,F1280,6,26.65349999733735,4,2,0,5,3,3,1.0,0.6666666666666666
M0201/img000844.jpg,M0201,844,1250,DensK1,7,36.76139999879524,5,2,0,5,3,3,1.0,0.7142857142857143
M0201/img000844.jpg,M0201,844,1250,UnifAll,7,59.80190000263974,5,2,0,5,3,3,1.0,0.7142857142857143
M0201/img000844.jpg,M0201,844,1250,SAHI640,8,221.8386000022292,5,3,0,5,3,3,1.0,0.625
M0201/img000845.jpg,M0201,845,1251,F640,7,21.438299998408183,5,2,0,5,3,3,1.0,0.7142857142857143
M0201/img000845.jpg,M0201,845,1251,F1280,9,25.32519999658689,5,4,0,5,3,3,1.0,0.5555555555555556
M0201/img000845.jpg,M0201,845,1251,DensK1,7,44.3572999938624,5,2,0,5,3,3,1.0,0.7142857142857143
M0201/img000845.jpg,M0201,845,1251,UnifAll,7,60.85529999108985,5,2,0,5,3,3,1.0,0.7142857142857143
M0201/img000845.jpg,M0201,845,1251,SAHI640,7,170.8065999991959,5,2,0,5,3,3,1.0,0.7142857142857143
M0201/img000846.jpg,M0201,846,1252,F640,7,27.394399992772378,5,2,0,5,3,3,1.0,0.7142857142857143
M0201/img000846.jpg,M0201,846,1252,F1280,8,27.339000007486902,5,3,0,5,3,3,1.0,0.625
M0201/img000846.jpg,M0201,846,1252,DensK1,8,59.055799996713176,5,3,0,5,3,3,1.0,0.625
M0201/img000846.jpg,M0201,846,1252,UnifAll,8,84.77240000502206,5,3,0,5,3,3,1.0,0.625
M0201/img000846.jpg,M0201,846,1252,SAHI640,8,171.0144999960903,5,3,0,5,3,3,1.0,0.625
M0201/img000847.jpg,M0201,847,1253,F640,6,14.481999998679385,5,1,0,5,3,3,1.0,0.8333333333333334
M0201/img000847.jpg,M0201,847,1253,F1280,6,25.082399995881133,5,1,0,5,3,3,1.0,0.8333333333333334
M0201/img000847.jpg,M0201,847,1253,DensK1,8,61.74210000608582,5,3,0,5,3,3,1.0,0.625
M0201/img000847.jpg,M0201,847,1253,UnifAll,8,90.88849999534432,5,3,0,5,3,3,1.0,0.625
M0201/img000847.jpg,M0201,847,1253,SAHI640,10,221.21740000147838,5,5,0,5,3,3,1.0,0.5
M0201/img000848.jpg,M0201,848,1254,F640,5,16.033099993364885,5,0,0,5,3,3,1.0,1.0
M0201/img000848.jpg,M0201,848,1254,F1280,6,31.681899999966845,4,2,0,5,3,3,1.0,0.6666666666666666
M0201/img000848.jpg,M0201,848,1254,DensK1,7,30.126600002404302,5,2,0,5,3,3,1.0,0.7142857142857143
M0201/img000848.jpg,M0201,848,1254,UnifAll,7,46.632199999294244,5,2,0,5,3,3,1.0,0.7142857142857143
M0201/img000848.jpg,M0201,848,1254,SAHI640,8,180.40059998747893,5,3,0,5,3,3,1.0,0.625
M0201/img000849.jpg,M0201,849,1255,F640,6,25.666700006695464,5,1,0,5,3,3,1.0,0.8333333333333334
M0201/img000849.jpg,M0201,849,1255,F1280,5,34.70369998831302,5,0,0,5,3,3,1.0,1.0
M0201/img000849.jpg,M0201,849,1255,DensK1,7,39.223300002049655,5,2,0,5,3,3,1.0,0.7142857142857143
M0201/img000849.jpg,M0201,849,1255,UnifAll,7,46.12050000287127,5,2,0,5,3,3,1.0,0.7142857142857143
M0201/img000849.jpg,M0201,849,1255,SAHI640,7,192.84970000444446,5,2,0,5,3,3,1.0,0.7142857142857143
M0201/img000850.jpg,M0201,850,1256,F640,5,26.34050000051502,5,0,0,5,3,3,1.0,1.0
M0201/img000850.jpg,M0201,850,1256,F1280,6,28.725199998007156,5,1,0,5,3,3,1.0,0.8333333333333334
M0201/img000850.jpg,M0201,850,1256,DensK1,7,49.76330000499729,5,2,0,5,3,3,1.0,0.7142857142857143
M0201/img000850.jpg,M0201,850,1256,UnifAll,7,97.10459999041632,5,2,0,5,3,3,1.0,0.7142857142857143
M0201/img000850.jpg,M0201,850,1256,SAHI640,9,208.72619999863673,5,4,0,5,3,3,1.0,0.5555555555555556
M0201/img000851.jpg,M0201,851,1257,F640,6,14.777200005482882,5,1,0,5,3,3,1.0,0.8333333333333334
M0201/img000851.jpg,M0201,851,1257,F1280,5,28.55430000636261,5,0,0,5,3,3,1.0,1.0
M0201/img000851.jpg,M0201,851,1257,DensK1,8,38.33550000854302,5,3,0,5,3,3,1.0,0.625
M0201/img000851.jpg,M0201,851,1257,UnifAll,8,67.72520000231452,5,3,0,5,3,3,1.0,0.625
M0201/img000851.jpg,M0201,851,1257,SAHI640,9,178.84520000370685,5,4,0,5,3,3,1.0,0.5555555555555556
M0201/img000852.jpg,M0201,852,1258,F640,7,17.980999997234903,5,2,0,5,3,3,1.0,0.7142857142857143
M0201/img000852.jpg,M0201,852,1258,F1280,7,24.256000004243106,5,2,0,5,3,3,1.0,0.7142857142857143
M0201/img000852.jpg,M0201,852,1258,DensK1,10,31.924599999911152,5,5,0,5,3,3,1.0,0.5
M0201/img000852.jpg,M0201,852,1258,UnifAll,10,79.59810001193546,5,5,0,5,3,3,1.0,0.5
M0201/img000852.jpg,M0201,852,1258,SAHI640,10,227.46850000112318,5,5,0,5,3,3,1.0,0.5
M0201/img000853.jpg,M0201,853,1259,F640,8,20.497699995758012,5,3,0,5,3,3,1.0,0.625
M0201/img000853.jpg,M0201,853,1259,F1280,6,24.709900011657737,5,1,0,5,3,3,1.0,0.8333333333333334
M0201/img000853.jpg,M0201,853,1259,DensK1,9,29.630899996845983,5,4,0,5,3,3,1.0,0.5555555555555556
M0201/img000853.jpg,M0201,853,1259,UnifAll,9,61.577100001159124,5,4,0,5,3,3,1.0,0.5555555555555556
M0201/img000853.jpg,M0201,853,1259,SAHI640,10,223.6348000005819,5,5,0,5,3,3,1.0,0.5
M0201/img000854.jpg,M0201,854,1260,F640,7,24.159100008546375,5,2,0,5,3,3,1.0,0.7142857142857143
M0201/img000854.jpg,M0201,854,1260,F1280,7,38.34959999949206,5,2,0,5,3,3,1.0,0.7142857142857143
M0201/img000854.jpg,M0201,854,1260,DensK1,9,36.789799996768124,5,4,0,5,3,3,1.0,0.5555555555555556
M0201/img000854.jpg,M0201,854,1260,UnifAll,9,44.90850000001956,5,4,0,5,3,3,1.0,0.5555555555555556
M0201/img000854.jpg,M0201,854,1260,SAHI640,8,171.20989999966696,5,3,0,5,3,3,1.0,0.625
M0201/img000855.jpg,M0201,855,1261,F640,7,14.452600007643923,5,2,0,5,3,3,1.0,0.7142857142857143
M0201/img000855.jpg,M0201,855,1261,F1280,6,30.371799992281012,5,1,0,5,3,3,1.0,0.8333333333333334
M0201/img000855.jpg,M0201,855,1261,DensK1,10,29.56609999819193,5,5,0,5,3,3,1.0,0.5
M0201/img000855.jpg,M0201,855,1261,UnifAll,10,46.2283000088064,5,5,0,5,3,3,1.0,0.5
M0201/img000855.jpg,M0201,855,1261,SAHI640,8,181.61449999024626,5,3,0,5,3,3,1.0,0.625
M0201/img000856.jpg,M0201,856,1262,F640,7,15.362500009359792,5,2,0,5,3,3,1.0,0.7142857142857143
M0201/img000856.jpg,M0201,856,1262,F1280,8,35.34620000573341,5,3,0,5,3,3,1.0,0.625
M0201/img000856.jpg,M0201,856,1262,DensK1,10,39.28959999757353,5,5,0,5,3,3,1.0,0.5
M0201/img000856.jpg,M0201,856,1262,UnifAll,10,58.92239999957383,5,5,0,5,3,3,1.0,0.5
M0201/img000856.jpg,M0201,856,1262,SAHI640,8,205.46199999807868,5,3,0,5,3,3,1.0,0.625
M0201/img000857.jpg,M0201,857,1263,F640,7,20.28450000216253,5,2,0,5,3,3,1.0,0.7142857142857143
M0201/img000857.jpg,M0201,857,1263,F1280,7,34.05879999627359,5,2,0,5,3,3,1.0,0.7142857142857143
M0201/img000857.jpg,M0201,857,1263,DensK1,9,39.71300000557676,5,4,0,5,3,3,1.0,0.5555555555555556
M0201/img000857.jpg,M0201,857,1263,UnifAll,10,52.371699988725595,5,5,0,5,3,3,1.0,0.5
M0201/img000857.jpg,M0201,857,1263,SAHI640,7,181.90470000263304,5,2,0,5,3,3,1.0,0.7142857142857143
M0201/img000858.jpg,M0201,858,1264,F640,7,18.835199996829033,5,2,0,5,3,3,1.0,0.7142857142857143
M0201/img000858.jpg,M0201,858,1264,F1280,7,33.45289999560919,5,2,0,5,3,3,1.0,0.7142857142857143
M0201/img000858.jpg,M0201,858,1264,DensK1,7,38.91260000818875,5,2,0,5,3,3,1.0,0.7142857142857143
M0201/img000858.jpg,M0201,858,1264,UnifAll,7,47.1560000005411,5,2,0,5,3,3,1.0,0.7142857142857143
M0201/img000858.jpg,M0201,858,1264,SAHI640,10,338.0615000060061,5,5,0,5,3,3,1.0,0.5
M0201/img000859.jpg,M0201,859,1265,F640,8,20.89200000045821,4,4,0,5,3,3,1.0,0.5
M0201/img000859.jpg,M0201,859,1265,F1280,6,38.383799997973256,5,1,0,5,3,3,1.0,0.8333333333333334
M0201/img000859.jpg,M0201,859,1265,DensK1,10,40.273000005981885,4,6,0,5,3,3,1.0,0.4
M0201/img000859.jpg,M0201,859,1265,UnifAll,10,58.059799994225614,4,6,0,5,3,3,1.0,0.4
M0201/img000859.jpg,M0201,859,1265,SAHI640,9,205.75880000251345,5,4,0,5,3,3,1.0,0.5555555555555556
M0201/img000860.jpg,M0201,860,1266,F640,9,21.760199990239926,5,4,0,5,3,3,1.0,0.5555555555555556
M0201/img000860.jpg,M0201,860,1266,F1280,7,36.00039999582805,5,2,0,5,3,3,1.0,0.7142857142857143
M0201/img000860.jpg,M0201,860,1266,DensK1,13,38.15669998584781,5,8,0,5,3,3,1.0,0.38461538461538464
M0201/img000860.jpg,M0201,860,1266,UnifAll,13,54.821400000946596,5,8,0,5,3,3,1.0,0.38461538461538464
M0201/img000860.jpg,M0201,860,1266,SAHI640,12,180.5053999996744,5,7,0,5,3,3,1.0,0.4166666666666667
M0201/img000861.jpg,M0201,861,1267,F640,10,16.069799996330403,7,3,0,7,5,5,1.0,0.7
M0201/img000861.jpg,M0201,861,1267,F1280,7,31.134999997448176,5,2,0,7,5,3,0.6,0.7142857142857143
M0201/img000861.jpg,M0201,861,1267,DensK1,11,31.722999992780387,6,5,0,7,5,4,0.8,0.5454545454545454
M0201/img000861.jpg,M0201,861,1267,UnifAll,11,49.60529999516439,6,5,0,7,5,4,0.8,0.5454545454545454
M0201/img000861.jpg,M0201,861,1267,SAHI640,10,217.76369999861345,7,3,0,7,5,5,1.0,0.7
M0201/img000862.jpg,M0201,862,1268,F640,9,15.520799992373213,6,3,0,7,5,4,0.8,0.6666666666666666
M0201/img000862.jpg,M0201,862,1268,F1280,8,35.1261999894632,5,3,0,7,5,3,0.6,0.625
M0201/img000862.jpg,M0201,862,1268,DensK1,10,34.250400000019,5,5,0,7,5,3,0.6,0.5
M0201/img000862.jpg,M0201,862,1268,UnifAll,10,44.81409999425523,5,5,0,7,5,3,0.6,0.5
M0201/img000862.jpg,M0201,862,1268,SAHI640,9,171.8875999940792,7,2,0,7,5,5,1.0,0.7777777777777778
M0201/img000863.jpg,M0201,863,1269,F640,8,16.89749999786727,6,2,0,7,5,4,0.8,0.75
M0201/img000863.jpg,M0201,863,1269,F1280,8,36.96409999975003,5,3,0,7,5,3,0.6,0.625
M0201/img000863.jpg,M0201,863,1269,DensK1,10,32.030599992140196,5,5,0,7,5,3,0.6,0.5
M0201/img000863.jpg,M0201,863,1269,UnifAll,10,46.90439999103546,5,5,0,7,5,3,0.6,0.5
M0201/img000863.jpg,M0201,863,1269,SAHI640,10,218.70050000143237,6,4,0,7,5,4,0.8,0.6
M0201/img000864.jpg,M0201,864,1270,F640,9,16.25830000557471,7,2,0,7,5,5,1.0,0.7777777777777778
M0201/img000864.jpg,M0201,864,1270,F1280,8,34.44760000274982,4,4,0,7,5,3,0.6,0.5
M0201/img000864.jpg,M0201,864,1270,DensK1,14,33.88010000344366,6,8,0,7,5,4,0.8,0.42857142857142855
M0201/img000864.jpg,M0201,864,1270,UnifAll,14,52.796999996644445,6,8,0,7,5,4,0.8,0.42857142857142855
M0201/img000864.jpg,M0201,864,1270,SAHI640,11,182.60009998630267,7,4,0,7,5,5,1.0,0.6363636363636364
M0201/img000865.jpg,M0201,865,1271,F640,8,15.399600000819191,5,3,0,7,5,3,0.6,0.625
M0201/img000865.jpg,M0201,865,1271,F1280,8,36.09699998924043,5,3,0,7,5,3,0.6,0.625
M0201/img000865.jpg,M0201,865,1271,DensK1,12,32.155900000361726,5,7,0,7,5,3,0.6,0.4166666666666667
M0201/img000865.jpg,M0201,865,1271,UnifAll,12,47.50130001048092,5,7,0,7,5,3,0.6,0.4166666666666667
M0201/img000865.jpg,M0201,865,1271,SAHI640,11,172.50919999787584,7,4,0,7,5,5,1.0,0.6363636363636364
M0201/img000866.jpg,M0201,866,1272,F640,8,16.576000009081326,7,1,0,7,5,5,1.0,0.875
M0201/img000866.jpg,M0201,866,1272,F1280,8,41.54249999555759,5,3,0,7,5,3,0.6,0.625
M0201/img000866.jpg,M0201,866,1272,DensK1,11,29.63889999955427,5,6,0,7,5,3,0.6,0.45454545454545453
M0201/img000866.jpg,M0201,866,1272,UnifAll,11,86.1150999990059,5,6,0,7,5,3,0.6,0.45454545454545453
M0201/img000866.jpg,M0201,866,1272,SAHI640,12,203.86779999535065,6,6,0,7,5,4,0.8,0.5
M0201/img000867.jpg,M0201,867,1273,F640,10,30.33760000835173,6,4,0,7,5,4,0.8,0.6
M0201/img000867.jpg,M0201,867,1273,F1280,7,51.23160000948701,4,3,0,7,5,3,0.6,0.5714285714285714
M0201/img000867.jpg,M0201,867,1273,DensK1,13,36.405199993168935,4,9,0,7,5,2,0.4,0.3076923076923077
M0201/img000867.jpg,M0201,867,1273,UnifAll,13,46.87979999289382,4,9,0,7,5,2,0.4,0.3076923076923077
M0201/img000867.jpg,M0201,867,1273,SAHI640,11,168.40700000466313,6,5,0,7,5,4,0.8,0.5454545454545454
M0201/img000868.jpg,M0201,868,1274,F640,9,14.629900004365481,6,3,0,7,5,4,0.8,0.6666666666666666
M0201/img000868.jpg,M0201,868,1274,F1280,8,24.666799989063293,5,3,0,7,5,3,0.6,0.625
M0201/img000868.jpg,M0201,868,1274,DensK1,10,29.387999995378777,5,5,0,7,5,3,0.6,0.5
M0201/img000868.jpg,M0201,868,1274,UnifAll,10,53.53340000147,5,5,0,7,5,3,0.6,0.5
M0201/img000868.jpg,M0201,868,1274,SAHI640,11,223.9324999973178,7,4,0,7,5,5,1.0,0.6363636363636364
M0201/img000869.jpg,M0201,869,1275,F640,9,14.454199990723282,7,2,0,7,5,5,1.0,0.7777777777777778
M0201/img000869.jpg,M0201,869,1275,F1280,8,24.394000007305294,4,4,0,7,5,2,0.4,0.5
M0201/img000869.jpg,M0201,869,1275,DensK1,12,49.18749998614658,6,6,0,7,5,4,0.8,0.5
M0201/img000869.jpg,M0201,869,1275,UnifAll,12,63.582500006305054,6,6,0,7,5,4,0.8,0.5
M0201/img000869.jpg,M0201,869,1275,SAHI640,10,184.49210000107996,7,3,0,7,5,5,1.0,0.7
M0201/img000870.jpg,M0201,870,1276,F640,7,16.06490000267513,6,1,0,7,5,4,0.8,0.8571428571428571
M0201/img000870.jpg,M0201,870,1276,F1280,8,33.687799994368106,5,3,0,7,5,3,0.6,0.625
M0201/img000870.jpg,M0201,870,1276,DensK1,8,36.91969999636058,6,2,0,7,5,4,0.8,0.75
M0201/img000870.jpg,M0201,870,1276,UnifAll,8,65.67789999826346,6,2,0,7,5,4,0.8,0.75
M0201/img000870.jpg,M0201,870,1276,SAHI640,9,218.93730000010692,7,2,0,7,5,5,1.0,0.7777777777777778
M0201/img000871.jpg,M0201,871,1277,F640,9,20.812399990973063,7,2,0,7,5,5,1.0,0.7777777777777778
M0201/img000871.jpg,M0201,871,1277,F1280,9,33.568900005775504,4,5,0,7,5,2,0.4,0.4444444444444444
M0201/img000871.jpg,M0201,871,1277,DensK1,9,33.89259999676142,5,4,0,7,5,3,0.6,0.5555555555555556
M0201/img000871.jpg,M0201,871,1277,UnifAll,9,70.20089999423362,5,4,0,7,5,3,0.6,0.5555555555555556
M0201/img000871.jpg,M0201,871,1277,SAHI640,9,201.30270000663586,6,3,0,7,5,4,0.8,0.6666666666666666
M0201/img000872.jpg,M0201,872,1278,F640,9,14.887299999827519,6,3,0,7,5,4,0.8,0.6666666666666666
M0201/img000872.jpg,M0201,872,1278,F1280,7,34.66620000835974,5,2,0,7,5,3,0.6,0.7142857142857143
M0201/img000872.jpg,M0201,872,1278,DensK1,10,58.40209999587387,5,5,0,7,5,3,0.6,0.5
M0201/img000872.jpg,M0201,872,1278,UnifAll,10,71.65149999491405,5,5,0,7,5,3,0.6,0.5
M0201/img000872.jpg,M0201,872,1278,SAHI640,10,182.37729999236763,7,3,0,7,5,5,1.0,0.7
M0201/img000873.jpg,M0201,873,1279,F640,9,14.964600006351247,6,3,0,7,5,4,0.8,0.6666666666666666
M0201/img000873.jpg,M0201,873,1279,F1280,9,34.391900000628084,4,5,0,7,5,2,0.4,0.4444444444444444
M0201/img000873.jpg,M0201,873,1279,DensK1,9,40.8097000035923,4,5,0,7,5,2,0.4,0.4444444444444444
M0201/img000873.jpg,M0201,873,1279,UnifAll,10,69.17210000392515,4,6,0,7,5,2,0.4,0.4
M0201/img000873.jpg,M0201,873,1279,SAHI640,10,224.1204000019934,7,3,0,7,5,5,1.0,0.7
M0201/img000874.jpg,M0201,874,1280,F640,7,25.889899989124388,6,1,0,7,5,4,0.8,0.8571428571428571
M0201/img000874.jpg,M0201,874,1280,F1280,8,27.061900007538497,5,3,0,7,5,3,0.6,0.625
M0201/img000874.jpg,M0201,874,1280,DensK1,8,29.794799993396737,4,4,0,7,5,2,0.4,0.5
M0201/img000874.jpg,M0201,874,1280,UnifAll,8,44.5527999982005,4,4,0,7,5,2,0.4,0.5
M0201/img000874.jpg,M0201,874,1280,SAHI640,11,204.17799999995623,6,5,0,7,5,4,0.8,0.5454545454545454
M0201/img000875.jpg,M0201,875,1281,F640,8,15.002000000094995,5,3,0,7,5,3,0.6,0.625
M0201/img000875.jpg,M0201,875,1281,F1280,8,32.20790000341367,5,3,0,7,5,3,0.6,0.625
M0201/img000875.jpg,M0201,875,1281,DensK1,8,56.3518999988446,5,3,0,7,5,3,0.6,0.625
M0201/img000875.jpg,M0201,875,1281,UnifAll,8,73.22819999535568,5,3,0,7,5,3,0.6,0.625
M0201/img000875.jpg,M0201,875,1281,SAHI640,14,224.85870000673458,7,7,0,7,5,5,1.0,0.5
M0201/img000876.jpg,M0201,876,1282,F640,9,18.628200006787665,5,4,0,7,5,3,0.6,0.5555555555555556
M0201/img000876.jpg,M0201,876,1282,F1280,8,25.340399995911866,5,3,0,7,5,3,0.6,0.625
M0201/img000876.jpg,M0201,876,1282,DensK1,9,38.59100000408944,5,4,0,7,5,3,0.6,0.5555555555555556
M0201/img000876.jpg,M0201,876,1282,UnifAll,9,61.361500003840774,5,4,0,7,5,3,0.6,0.5555555555555556
M0201/img000876.jpg,M0201,876,1282,SAHI640,11,200.27229998959228,7,4,0,7,5,5,1.0,0.6363636363636364
M0201/img000877.jpg,M0201,877,1283,F640,8,14.758399993297644,5,3,0,7,5,3,0.6,0.625
M0201/img000877.jpg,M0201,877,1283,F1280,9,25.50869999686256,5,4,0,7,5,3,0.6,0.5555555555555556
M0201/img000877.jpg,M0201,877,1283,DensK1,9,39.794500000425614,5,4,0,7,5,3,0.6,0.5555555555555556
M0201/img000877.jpg,M0201,877,1283,UnifAll,9,65.67250000080094,5,4,0,7,5,3,0.6,0.5555555555555556
M0201/img000877.jpg,M0201,877,1283,SAHI640,10,247.59339999582153,7,3,0,7,5,5,1.0,0.7
M0201/img000878.jpg,M0201,878,1284,F640,7,19.422800003667362,6,1,0,7,5,4,0.8,0.8571428571428571
M0201/img000878.jpg,M0201,878,1284,F1280,8,24.012800000491552,5,3,0,7,5,3,0.6,0.625
M0201/img000878.jpg,M0201,878,1284,DensK1,8,32.50349999871105,4,4,0,7,5,2,0.4,0.5
M0201/img000878.jpg,M0201,878,1284,UnifAll,8,62.453399994410574,4,4,0,7,5,2,0.4,0.5
M0201/img000878.jpg,M0201,878,1284,SAHI640,9,204.97010000690352,6,3,0,7,5,4,0.8,0.6666666666666666
M0201/img000879.jpg,M0201,879,1285,F640,9,14.740599988726899,5,4,0,7,5,3,0.6,0.5555555555555556
M0201/img000879.jpg,M0201,879,1285,F1280,7,29.017499997280538,5,2,0,7,5,3,0.6,0.7142857142857143
M0201/img000879.jpg,M0201,879,1285,DensK1,9,41.23039999103639,4,5,0,7,5,2,0.4,0.4444444444444444
M0201/img000879.jpg,M0201,879,1285,UnifAll,9,49.72280000220053,4,5,0,7,5,2,0.4,0.4444444444444444
M0201/img000879.jpg,M0201,879,1285,SAHI640,11,177.30090000259224,7,4,0,7,5,5,1.0,0.6363636363636364
M0201/img000880.jpg,M0201,880,1286,F640,8,14.656899991678074,5,3,0,7,5,3,0.6,0.625
M0201/img000880.jpg,M0201,880,1286,F1280,9,24.503399996319786,5,4,0,7,5,3,0.6,0.5555555555555556
M0201/img000880.jpg,M0201,880,1286,DensK1,9,41.17029999906663,4,5,0,7,5,2,0.4,0.4444444444444444
M0201/img000880.jpg,M0201,880,1286,UnifAll,9,59.85710000095423,4,5,0,7,5,2,0.4,0.4444444444444444
M0201/img000880.jpg,M0201,880,1286,SAHI640,8,203.83859999128617,7,1,0,7,5,5,1.0,0.875
M0201/img000881.jpg,M0201,881,1287,F640,7,18.005500009167008,5,2,0,7,5,3,0.6,0.7142857142857143
M0201/img000881.jpg,M0201,881,1287,F1280,7,24.38149999943562,5,2,0,7,5,3,0.6,0.7142857142857143
M0201/img000881.jpg,M0201,881,1287,DensK1,8,43.47079999570269,4,4,0,7,5,2,0.4,0.5
M0201/img000881.jpg,M0201,881,1287,UnifAll,9,48.79439999058377,4,5,0,7,5,2,0.4,0.4444444444444444
M0201/img000881.jpg,M0201,881,1287,SAHI640,9,202.15759999700822,6,3,0,7,5,4,0.8,0.6666666666666666
M0201/img000882.jpg,M0201,882,1288,F640,6,14.278999995440245,4,2,0,7,5,2,0.4,0.6666666666666666
M0201/img000882.jpg,M0201,882,1288,F1280,8,24.570000008679926,5,3,0,7,5,3,0.6,0.625
M0201/img000882.jpg,M0201,882,1288,DensK1,8,42.50119999051094,5,3,0,7,5,3,0.6,0.625
M0201/img000882.jpg,M0201,882,1288,UnifAll,8,49.256500002229586,5,3,0,7,5,3,0.6,0.625
M0201/img000882.jpg,M0201,882,1288,SAHI640,8,209.32609999726992,6,2,0,7,5,4,0.8,0.75
M0201/img000883.jpg,M0201,883,1289,F640,7,15.857899998081848,4,3,0,7,5,2,0.4,0.5714285714285714
M0201/img000883.jpg,M0201,883,1289,F1280,8,25.31079998880159,5,3,0,7,5,3,0.6,0.625
M0201/img000883.jpg,M0201,883,1289,DensK1,8,39.48839999793563,4,4,0,7,5,2,0.4,0.5
M0201/img000883.jpg,M0201,883,1289,UnifAll,9,63.813599990680814,4,5,0,7,5,2,0.4,0.4444444444444444
M0201/img000883.jpg,M0201,883,1289,SAHI640,10,198.98459999240004,7,3,0,7,5,5,1.0,0.7
M0201/img000884.jpg,M0201,884,1290,F640,8,23.393099996610545,4,4,0,7,5,2,0.4,0.5
M0201/img000884.jpg,M0201,884,1290,F1280,7,34.36600000713952,4,3,0,7,5,2,0.4,0.5714285714285714
M0201/img000884.jpg,M0201,884,1290,DensK1,9,33.5412999993423,3,6,0,7,5,1,0.2,0.3333333333333333
M0201/img000884.jpg,M0201,884,1290,UnifAll,9,49.69090000668075,3,6,0,7,5,1,0.2,0.3333333333333333
M0201/img000884.jpg,M0201,884,1290,SAHI640,10,184.09319999045692,6,4,0,7,5,4,0.8,0.6
M0201/img000885.jpg,M0201,885,1291,F640,7,15.887599991401657,5,2,0,7,5,3,0.6,0.7142857142857143
M0201/img000885.jpg,M0201,885,1291,F1280,7,49.36669999733567,4,3,0,7,5,2,0.4,0.5714285714285714
M0201/img000885.jpg,M0201,885,1291,DensK1,9,45.95800000242889,4,5,0,7,5,2,0.4,0.4444444444444444
M0201/img000885.jpg,M0201,885,1291,UnifAll,9,67.55680000060238,4,5,0,7,5,2,0.4,0.4444444444444444
M0201/img000885.jpg,M0201,885,1291,SAHI640,8,180.37489999551326,6,2,0,7,5,4,0.8,0.75
M0201/img000886.jpg,M0201,886,1292,F640,8,14.397799997823313,4,4,0,7,5,2,0.4,0.5
M0201/img000886.jpg,M0201,886,1292,F1280,8,33.25490000133868,5,3,0,7,5,3,0.6,0.625
M0201/img000886.jpg,M0201,886,1292,DensK1,9,39.9498000042513,5,4,0,7,5,3,0.6,0.5555555555555556
M0201/img000886.jpg,M0201,886,1292,UnifAll,9,51.502000002074055,5,4,0,7,5,3,0.6,0.5555555555555556
M0201/img000886.jpg,M0201,886,1292,SAHI640,9,167.57019999204203,6,3,0,7,5,4,0.8,0.6666666666666666
M0201/img000887.jpg,M0201,887,1293,F640,7,14.134499986539595,5,2,0,7,5,3,0.6,0.7142857142857143
M0201/img000887.jpg,M0201,887,1293,F1280,8,26.586100007989444,5,3,0,7,5,3,0.6,0.625
M0201/img000887.jpg,M0201,887,1293,DensK1,7,54.84009999781847,5,2,0,7,5,3,0.6,0.7142857142857143
M0201/img000887.jpg,M0201,887,1293,UnifAll,7,97.5592000031611,5,2,0,7,5,3,0.6,0.7142857142857143
M0201/img000887.jpg,M0201,887,1293,SAHI640,8,183.9828999945894,7,1,0,7,5,5,1.0,0.875
M0201/img000888.jpg,M0201,888,1294,F640,7,24.99599999282509,4,3,0,7,5,2,0.4,0.5714285714285714
M0201/img000888.jpg,M0201,888,1294,F1280,7,28.1842999975197,5,2,0,7,5,3,0.6,0.7142857142857143
M0201/img000888.jpg,M0201,888,1294,DensK1,8,58.0132000031881,5,3,0,7,5,3,0.6,0.625
M0201/img000888.jpg,M0201,888,1294,UnifAll,9,83.97629999672063,5,4,0,7,5,3,0.6,0.5555555555555556
M0201/img000888.jpg,M0201,888,1294,SAHI640,9,186.55270000454038,6,3,0,7,5,4,0.8,0.6666666666666666
M0201/img000889.jpg,M0201,889,1295,F640,8,14.379300002474338,3,5,0,7,5,1,0.2,0.375
M0201/img000889.jpg,M0201,889,1295,F1280,7,24.165299997548573,5,2,0,7,5,3,0.6,0.7142857142857143
M0201/img000889.jpg,M0201,889,1295,DensK1,10,43.76899999624584,5,5,0,7,5,3,0.6,0.5
M0201/img000889.jpg,M0201,889,1295,UnifAll,11,94.10529999877326,5,6,0,7,5,3,0.6,0.45454545454545453
M0201/img000889.jpg,M0201,889,1295,SAHI640,10,196.53670000843704,7,3,0,7,5,5,1.0,0.7
M0201/img000890.jpg,M0201,890,1296,F640,7,14.374199992744252,5,2,0,7,5,3,0.6,0.7142857142857143
M0201/img000890.jpg,M0201,890,1296,F1280,7,25.134399998933077,5,2,0,7,5,3,0.6,0.7142857142857143
M0201/img000890.jpg,M0201,890,1296,DensK1,10,29.986499997903593,5,5,0,7,5,3,0.6,0.5
M0201/img000890.jpg,M0201,890,1296,UnifAll,11,52.67850001109764,5,6,0,7,5,3,0.6,0.45454545454545453
M0201/img000890.jpg,M0201,890,1296,SAHI640,10,177.44210000091698,7,3,0,7,5,5,1.0,0.7
M0201/img000891.jpg,M0201,891,1297,F640,8,14.682699998957105,5,3,0,7,5,3,0.6,0.625
M0201/img000891.jpg,M0201,891,1297,F1280,7,29.378599996562116,5,2,0,7,5,3,0.6,0.7142857142857143
M0201/img000891.jpg,M0201,891,1297,DensK1,8,51.22950000804849,5,3,0,7,5,3,0.6,0.625
M0201/img000891.jpg,M0201,891,1297,UnifAll,8,54.62989999796264,5,3,0,7,5,3,0.6,0.625
M0201/img000891.jpg,M0201,891,1297,SAHI640,10,183.22469999839086,7,3,0,7,5,5,1.0,0.7
M0201/img000892.jpg,M0201,892,1298,F640,8,14.929999990272336,5,3,0,7,5,3,0.6,0.625
M0201/img000892.jpg,M0201,892,1298,F1280,7,31.454600000870414,5,2,0,7,5,3,0.6,0.7142857142857143
M0201/img000892.jpg,M0201,892,1298,DensK1,9,32.546299989917316,5,4,0,7,5,3,0.6,0.5555555555555556
M0201/img000892.jpg,M0201,892,1298,UnifAll,9,44.30999999749474,5,4,0,7,5,3,0.6,0.5555555555555556
M0201/img000892.jpg,M0201,892,1298,SAHI640,9,165.91409999819007,7,2,0,7,5,5,1.0,0.7777777777777778
M0201/img000893.jpg,M0201,893,1299,F640,7,14.569299994036555,5,2,0,7,5,3,0.6,0.7142857142857143
M0201/img000893.jpg,M0201,893,1299,F1280,7,39.40010000951588,5,2,0,7,5,3,0.6,0.7142857142857143
M0201/img000893.jpg,M0201,893,1299,DensK1,8,30.56040000228677,4,4,0,7,5,2,0.4,0.5
M0201/img000893.jpg,M0201,893,1299,UnifAll,8,46.28690000390634,4,4,0,7,5,2,0.4,0.5
M0201/img000893.jpg,M0201,893,1299,SAHI640,8,202.80950001324527,7,1,0,7,5,5,1.0,0.875
M0201/img000894.jpg,M0201,894,1300,F640,9,23.27530000184197,5,4,0,7,5,3,0.6,0.5555555555555556
M0201/img000894.jpg,M0201,894,1300,F1280,8,35.574900000938214,5,3,0,7,5,3,0.6,0.625
M0201/img000894.jpg,M0201,894,1300,DensK1,9,29.567100005806424,5,4,0,7,5,3,0.6,0.5555555555555556
M0201/img000894.jpg,M0201,894,1300,UnifAll,9,52.80579999089241,5,4,0,7,5,3,0.6,0.5555555555555556
M0201/img000894.jpg,M0201,894,1300,SAHI640,9,210.19269998942036,7,2,0,7,5,5,1.0,0.7777777777777778
M0201/img000895.jpg,M0201,895,1301,F640,7,30.175099993357435,5,2,0,7,5,3,0.6,0.7142857142857143
M0201/img000895.jpg,M0201,895,1301,F1280,7,35.32670000276994,5,2,0,7,5,3,0.6,0.7142857142857143
M0201/img000895.jpg,M0201,895,1301,DensK1,8,37.54559998924378,5,3,0,7,5,3,0.6,0.625
M0201/img000895.jpg,M0201,895,1301,UnifAll,8,63.87749999703374,5,3,0,7,5,3,0.6,0.625
M0201/img000895.jpg,M0201,895,1301,SAHI640,11,375.9717000066303,7,4,0,7,5,5,1.0,0.6363636363636364
M0201/img000896.jpg,M0201,896,1302,F640,9,14.097799998125993,5,4,0,7,5,3,0.6,0.5555555555555556
M0201/img000896.jpg,M0201,896,1302,F1280,7,32.16909999900963,5,2,0,7,5,3,0.6,0.7142857142857143
M0201/img000896.jpg,M0201,896,1302,DensK1,11,37.77009999612346,5,6,0,7,5,3,0.6,0.45454545454545453
M0201/img000896.jpg,M0201,896,1302,UnifAll,11,55.86399999447167,5,6,0,7,5,3,0.6,0.45454545454545453
M0201/img000896.jpg,M0201,896,1302,SAHI640,13,221.0893000010401,7,6,0,7,5,5,1.0,0.5384615384615384
M0201/img000897.jpg,M0201,897,1303,F640,9,15.292099997168407,5,4,0,7,5,3,0.6,0.5555555555555556
M0201/img000897.jpg,M0201,897,1303,F1280,8,28.557599987834692,5,3,0,7,5,3,0.6,0.625
M0201/img000897.jpg,M0201,897,1303,DensK1,11,31.42259999003727,5,6,0,7,5,3,0.6,0.45454545454545453
M0201/img000897.jpg,M0201,897,1303,UnifAll,11,43.142900001839735,5,6,0,7,5,3,0.6,0.45454545454545453
M0201/img000897.jpg,M0201,897,1303,SAHI640,10,200.92339999973774,7,3,0,7,5,5,1.0,0.7
M0201/img000898.jpg,M0201,898,1304,F640,9,14.945099988835864,6,3,0,7,5,4,0.8,0.6666666666666666
M0201/img000898.jpg,M0201,898,1304,F1280,8,30.386700003873557,5,3,0,7,5,3,0.6,0.625
M0201/img000898.jpg,M0201,898,1304,DensK1,12,30.555399993318133,6,6,0,7,5,4,0.8,0.5
M0201/img000898.jpg,M0201,898,1304,UnifAll,12,42.74900000018533,6,6,0,7,5,4,0.8,0.5
M0201/img000898.jpg,M0201,898,1304,SAHI640,12,161.1236999888206,7,5,0,7,5,5,1.0,0.5833333333333334
M0201/img000899.jpg,M0201,899,1305,F640,9,16.182699997443706,6,3,0,7,5,4,0.8,0.6666666666666666
M0201/img000899.jpg,M0201,899,1305,F1280,9,37.653399995178916,5,4,0,7,5,3,0.6,0.5555555555555556
M0201/img000899.jpg,M0201,899,1305,DensK1,12,42.84159999224357,5,7,0,7,5,3,0.6,0.4166666666666667
M0201/img000899.jpg,M0201,899,1305,UnifAll,12,57.32680000073742,5,7,0,7,5,3,0.6,0.4166666666666667
M0201/img000899.jpg,M0201,899,1305,SAHI640,12,212.13369999895804,7,5,0,7,5,5,1.0,0.5833333333333334
M0201/img000900.jpg,M0201,900,1306,F640,9,20.322700001997873,5,4,0,7,5,3,0.6,0.5555555555555556
M0201/img000900.jpg,M0201,900,1306,F1280,9,32.11280000687111,5,4,0,7,5,3,0.6,0.5555555555555556
M0201/img000900.jpg,M0201,900,1306,DensK1,11,38.42939999594819,5,6,0,7,5,3,0.6,0.45454545454545453
M0201/img000900.jpg,M0201,900,1306,UnifAll,11,56.6806999995606,5,6,0,7,5,3,0.6,0.45454545454545453
M0201/img000900.jpg,M0201,900,1306,SAHI640,11,222.10199999972247,6,5,0,7,5,4,0.8,0.5454545454545454
M0201/img000901.jpg,M0201,901,1307,F640,9,17.787000004318543,6,3,0,7,5,4,0.8,0.6666666666666666
M0201/img000901.jpg,M0201,901,1307,F1280,9,23.518799993325956,5,4,0,7,5,3,0.6,0.5555555555555556
M0201/img000901.jpg,M0201,901,1307,DensK1,12,29.65520000725519,5,7,0,7,5,3,0.6,0.4166666666666667
M0201/img000901.jpg,M0201,901,1307,UnifAll,12,54.04480001016054,5,7,0,7,5,3,0.6,0.4166666666666667
M0201/img000901.jpg,M0201,901,1307,SAHI640,10,202.46319999569096,7,3,0,7,5,5,1.0,0.7
M0201/img000902.jpg,M0201,902,1308,F640,10,18.591500003822148,5,5,0,7,5,3,0.6,0.5
M0201/img000902.jpg,M0201,902,1308,F1280,10,25.27080000436399,5,5,0,7,5,3,0.6,0.5
M0201/img000902.jpg,M0201,902,1308,DensK1,10,38.75599999446422,5,5,0,7,5,3,0.6,0.5
M0201/img000902.jpg,M0201,902,1308,UnifAll,10,57.84140000469051,5,5,0,7,5,3,0.6,0.5
M0201/img000902.jpg,M0201,902,1308,SAHI640,11,188.27959999907762,7,4,0,7,5,5,1.0,0.6363636363636364
M0201/img000903.jpg,M0201,903,1309,F640,10,14.95019999856595,5,5,0,7,5,3,0.6,0.5
M0201/img000903.jpg,M0201,903,1309,F1280,9,26.208399998722598,5,4,0,7,5,3,0.6,0.5555555555555556
M0201/img000903.jpg,M0201,903,1309,DensK1,12,41.778400001931004,5,7,0,7,5,3,0.6,0.4166666666666667
M0201/img000903.jpg,M0201,903,1309,UnifAll,12,65.61240000883117,5,7,0,7,5,3,0.6,0.4166666666666667
M0201/img000903.jpg,M0201,903,1309,SAHI640,11,177.76190000586212,6,5,0,7,5,4,0.8,0.5454545454545454
M0201/img000904.jpg,M0201,904,1310,F640,9,17.09130000381265,5,4,0,7,5,3,0.6,0.5555555555555556
M0201/img000904.jpg,M0201,904,1310,F1280,10,26.083000004291534,5,5,0,7,5,3,0.6,0.5
M0201/img000904.jpg,M0201,904,1310,DensK1,10,40.286199990077876,5,5,0,7,5,3,0.6,0.5
M0201/img000904.jpg,M0201,904,1310,UnifAll,10,57.105300002149306,5,5,0,7,5,3,0.6,0.5
M0201/img000904.jpg,M0201,904,1310,SAHI640,11,207.07980000588577,6,5,0,7,5,4,0.8,0.5454545454545454
M0201/img000905.jpg,M0201,905,1311,F640,10,22.814399999333546,5,5,0,7,5,3,0.6,0.5
M0201/img000905.jpg,M0201,905,1311,F1280,9,33.42740000516642,6,3,0,7,5,4,0.8,0.6666666666666666
M0201/img000905.jpg,M0201,905,1311,DensK1,12,77.11220000055619,5,7,0,7,5,3,0.6,0.4166666666666667
M0201/img000905.jpg,M0201,905,1311,UnifAll,12,96.5013000095496,5,7,0,7,5,3,0.6,0.4166666666666667
M0201/img000905.jpg,M0201,905,1311,SAHI640,11,224.72079998988193,5,6,0,7,5,3,0.6,0.45454545454545453
M0201/img000906.jpg,M0201,906,1312,F640,10,20.688700009486638,4,6,0,7,5,2,0.4,0.4
M0201/img000906.jpg,M0201,906,1312,F1280,9,32.11719999671914,6,3,0,7,5,4,0.8,0.6666666666666666
M0201/img000906.jpg,M0201,906,1312,DensK1,10,40.73259999859147,6,4,0,7,5,4,0.8,0.6
M0201/img000906.jpg,M0201,906,1312,UnifAll,10,67.03849999757949,6,4,0,7,5,4,0.8,0.6
M0201/img000906.jpg,M0201,906,1312,SAHI640,10,278.53979999781586,7,3,0,7,5,5,1.0,0.7
M0201/img000907.jpg,M0201,907,1313,F640,9,15.8233999973163,6,3,0,7,5,4,0.8,0.6666666666666666
M0201/img000907.jpg,M0201,907,1313,F1280,10,42.54979999677744,6,4,0,7,5,4,0.8,0.6
M0201/img000907.jpg,M0201,907,1313,DensK1,10,48.274300002958626,5,5,0,7,5,3,0.6,0.5
M0201/img000907.jpg,M0201,907,1313,UnifAll,10,73.6132999882102,5,5,0,7,5,3,0.6,0.5
M0201/img000907.jpg,M0201,907,1313,SAHI640,10,261.0329000017373,7,3,0,7,5,5,1.0,0.7
M0201/img000908.jpg,M0201,908,1314,F640,11,20.252400005119853,6,5,0,7,5,4,0.8,0.5454545454545454
M0201/img000908.jpg,M0201,908,1314,F1280,9,40.172399996663444,5,4,0,7,5,3,0.6,0.5555555555555556
M0201/img000908.jpg,M0201,908,1314,DensK1,12,40.30709998914972,6,6,0,7,5,4,0.8,0.5
M0201/img000908.jpg,M0201,908,1314,UnifAll,12,63.22130000626203,6,6,0,7,5,4,0.8,0.5
M0201/img000908.jpg,M0201,908,1314,SAHI640,11,218.6887999996543,7,4,0,7,5,5,1.0,0.6363636363636364
M0201/img000909.jpg,M0201,909,1315,F640,10,18.620499991811812,7,3,0,7,5,5,1.0,0.7
M0201/img000909.jpg,M0201,909,1315,F1280,9,38.267500000074506,6,3,0,7,5,4,0.8,0.6666666666666666
M0201/img000909.jpg,M0201,909,1315,DensK1,11,38.35889999754727,6,5,0,7,5,4,0.8,0.5454545454545454
M0201/img000909.jpg,M0201,909,1315,UnifAll,11,61.39199998870026,6,5,0,7,5,4,0.8,0.5454545454545454
M0201/img000909.jpg,M0201,909,1315,SAHI640,12,228.41989999869838,7,5,0,7,5,5,1.0,0.5833333333333334
M0201/img000910.jpg,M0201,910,1316,F640,10,20.11769999808166,6,4,0,7,5,4,0.8,0.6
M0201/img000910.jpg,M0201,910,1316,F1280,9,31.21810000448022,6,3,0,7,5,4,0.8,0.6666666666666666
M0201/img000910.jpg,M0201,910,1316,DensK1,11,43.24009999982081,6,5,0,7,5,4,0.8,0.5454545454545454
M0201/img000910.jpg,M0201,910,1316,UnifAll,11,58.59469999268185,6,5,0,7,5,4,0.8,0.5454545454545454
M0201/img000910.jpg,M0201,910,1316,SAHI640,11,211.5359999879729,6,5,0,7,5,4,0.8,0.5454545454545454
M0201/img000911.jpg,M0201,911,1317,F640,10,16.310699997120537,7,3,0,8,6,5,0.8333333333333334,0.7
M0201/img000911.jpg,M0201,911,1317,F1280,9,40.52299998875242,6,3,0,8,6,4,0.6666666666666666,0.6666666666666666
M0201/img000911.jpg,M0201,911,1317,DensK1,10,45.99210000014864,6,4,0,8,6,4,0.6666666666666666,0.6
M0201/img000911.jpg,M0201,911,1317,UnifAll,10,61.17130001075566,6,4,0,8,6,4,0.6666666666666666,0.6
M0201/img000911.jpg,M0201,911,1317,SAHI640,11,237.16910000075586,7,4,0,8,6,5,0.8333333333333334,0.6363636363636364
M0201/img000912.jpg,M0201,912,1318,F640,12,18.3612999971956,8,4,0,9,7,6,0.8571428571428571,0.6666666666666666
M0201/img000912.jpg,M0201,912,1318,F1280,10,30.081299992161803,7,3,0,9,7,5,0.7142857142857143,0.7
M0201/img000912.jpg,M0201,912,1318,DensK1,13,46.55159999674652,7,6,0,9,7,5,0.7142857142857143,0.5384615384615384
M0201/img000912.jpg,M0201,912,1318,UnifAll,13,72.94100000581238,7,6,0,9,7,5,0.7142857142857143,0.5384615384615384
M0201/img000912.jpg,M0201,912,1318,SAHI640,11,231.97629999776836,9,2,0,9,7,7,1.0,0.8181818181818182
M0201/img000913.jpg,M0201,913,1319,F640,10,18.668500008061528,8,2,0,9,7,6,0.8571428571428571,0.8
M0201/img000913.jpg,M0201,913,1319,F1280,9,36.1300999938976,7,2,0,9,7,5,0.7142857142857143,0.7777777777777778
M0201/img000913.jpg,M0201,913,1319,DensK1,11,41.270300003816374,7,4,0,9,7,5,0.7142857142857143,0.6363636363636364
M0201/img000913.jpg,M0201,913,1319,UnifAll,11,56.62649999430869,7,4,0,9,7,5,0.7142857142857143,0.6363636363636364
M0201/img000913.jpg,M0201,913,1319,SAHI640,10,215.07289999863133,8,2,0,9,7,6,0.8571428571428571,0.8
M0201/img000914.jpg,M0201,914,1320,F640,10,22.037200003978796,8,2,0,9,7,6,0.8571428571428571,0.8
M0201/img000914.jpg,M0201,914,1320,F1280,10,37.175099991145544,7,3,0,9,7,5,0.7142857142857143,0.7
M0201/img000914.jpg,M0201,914,1320,DensK1,11,43.78269999870099,8,3,0,9,7,6,0.8571428571428571,0.7272727272727273
M0201/img000914.jpg,M0201,914,1320,UnifAll,11,62.10929999360815,8,3,0,9,7,6,0.8571428571428571,0.7272727272727273
M0201/img000914.jpg,M0201,914,1320,SAHI640,11,245.96969998674467,9,2,0,9,7,7,1.0,0.8181818181818182
M0201/img000915.jpg,M0201,915,1321,F640,11,19.796100008534268,8,3,0,9,7,6,0.8571428571428571,0.7272727272727273
M0201/img000915.jpg,M0201,915,1321,F1280,10,37.25470000063069,6,4,0,9,7,5,0.7142857142857143,0.6
M0201/img000915.jpg,M0201,915,1321,DensK1,13,38.600900006713346,8,5,0,9,7,6,0.8571428571428571,0.6153846153846154
M0201/img000915.jpg,M0201,915,1321,UnifAll,13,57.35070000810083,8,5,0,9,7,6,0.8571428571428571,0.6153846153846154
M0201/img000915.jpg,M0201,915,1321,SAHI640,11,236.30300001241267,8,3,0,9,7,6,0.8571428571428571,0.7272727272727273
M0201/img000916.jpg,M0201,916,1322,F640,12,18.28669999667909,8,4,0,9,7,6,0.8571428571428571,0.6666666666666666
M0201/img000916.jpg,M0201,916,1322,F1280,10,32.80150001228321,7,3,0,9,7,5,0.7142857142857143,0.7
M0201/img000916.jpg,M0201,916,1322,DensK1,13,48.23420000320766,7,6,0,9,7,5,0.7142857142857143,0.5384615384615384
M0201/img000916.jpg,M0201,916,1322,UnifAll,13,52.232300004106946,7,6,0,9,7,5,0.7142857142857143,0.5384615384615384
M0201/img000916.jpg,M0201,916,1322,SAHI640,12,225.59809999074787,7,5,0,9,7,5,0.7142857142857143,0.5833333333333334
M0201/img000917.jpg,M0201,917,1323,F640,10,20.86299999791663,8,2,0,9,7,6,0.8571428571428571,0.8
M0201/img000917.jpg,M0201,917,1323,F1280,10,34.98190001118928,7,3,0,9,7,5,0.7142857142857143,0.7
M0201/img000917.jpg,M0201,917,1323,DensK1,12,44.011699996190146,8,4,0,9,7,6,0.8571428571428571,0.6666666666666666
M0201/img000917.jpg,M0201,917,1323,UnifAll,12,60.27520001225639,8,4,0,9,7,6,0.8571428571428571,0.6666666666666666
M0201/img000917.jpg,M0201,917,1323,SAHI640,12,228.43420000572223,9,3,0,9,7,7,1.0,0.75
M0201/img000918.jpg,M0201,918,1324,F640,10,21.860100008780137,9,1,0,9,7,7,1.0,0.9
M0201/img000918.jpg,M0201,918,1324,F1280,10,35.79370000807103,7,3,0,9,7,5,0.7142857142857143,0.7
M0201/img000918.jpg,M0201,918,1324,DensK1,11,44.550899998284876,8,3,0,9,7,6,0.8571428571428571,0.7272727272727273
M0201/img000918.jpg,M0201,918,1324,UnifAll,11,52.59469999873545,8,3,0,9,7,6,0.8571428571428571,0.7272727272727273
M0201/img000918.jpg,M0201,918,1324,SAHI640,11,180.71169999893755,9,2,0,9,7,7,1.0,0.8181818181818182
M0201/img000919.jpg,M0201,919,1325,F640,12,17.118099989602342,8,4,0,9,7,6,0.8571428571428571,0.6666666666666666
M0201/img000919.jpg,M0201,919,1325,F1280,10,35.03939999791328,7,3,0,9,7,5,0.7142857142857143,0.7
M0201/img000919.jpg,M0201,919,1325,DensK1,12,33.92909999820404,7,5,0,9,7,5,0.7142857142857143,0.5833333333333334
M0201/img000919.jpg,M0201,919,1325,UnifAll,12,54.36570000892971,7,5,0,9,7,5,0.7142857142857143,0.5833333333333334
M0201/img000919.jpg,M0201,919,1325,SAHI640,13,203.28280000831,9,4,0,9,7,7,1.0,0.6923076923076923
M0201/img000920.jpg,M0201,920,1326,F640,9,23.7833999999566,9,0,0,9,7,7,1.0,1.0
M0201/img000920.jpg,M0201,920,1326,F1280,10,33.479300007456914,7,3,0,9,7,5,0.7142857142857143,0.7
M0201/img000920.jpg,M0201,920,1326,DensK1,10,33.86239999963436,8,2,0,9,7,6,0.8571428571428571,0.8
M0201/img000920.jpg,M0201,920,1326,UnifAll,10,53.90340001031291,8,2,0,9,7,6,0.8571428571428571,0.8
M0201/img000920.jpg,M0201,920,1326,SAHI640,10,211.53810000396334,9,1,0,9,7,7,1.0,0.9
M0201/img000921.jpg,M0201,921,1327,F640,9,19.229400000767782,9,0,0,9,7,7,1.0,1.0
M0201/img000921.jpg,M0201,921,1327,F1280,9,34.25880000577308,7,2,0,9,7,5,0.7142857142857143,0.7777777777777778
M0201/img000921.jpg,M0201,921,1327,DensK1,10,37.111199999344535,8,2,0,9,7,6,0.8571428571428571,0.8
M0201/img000921.jpg,M0201,921,1327,UnifAll,10,52.11200000485405,8,2,0,9,7,6,0.8571428571428571,0.8
M0201/img000921.jpg,M0201,921,1327,SAHI640,11,153.2829999923706,9,2,0,9,7,7,1.0,0.8181818181818182
M0201/img000922.jpg,M0201,922,1328,F640,10,28.703500007395633,9,1,0,9,7,7,1.0,0.9
M0201/img000922.jpg,M0201,922,1328,F1280,10,40.58049999002833,7,3,0,9,7,5,0.7142857142857143,0.7
M0201/img000922.jpg,M0201,922,1328,DensK1,11,71.06809999095276,7,4,0,9,7,5,0.7142857142857143,0.6363636363636364
M0201/img000922.jpg,M0201,922,1328,UnifAll,11,60.73689999175258,7,4,0,9,7,5,0.7142857142857143,0.6363636363636364
M0201/img000922.jpg,M0201,922,1328,SAHI640,11,235.6727000005776,8,3,0,9,7,6,0.8571428571428571,0.7272727272727273
M0201/img000923.jpg,M0201,923,1329,F640,10,16.83009999396745,8,2,0,9,7,6,0.8571428571428571,0.8
M0201/img000923.jpg,M0201,923,1329,F1280,9,30.807399991317652,7,2,0,9,7,5,0.7142857142857143,0.7777777777777778
M0201/img000923.jpg,M0201,923,1329,DensK1,12,33.06980000343174,8,4,0,9,7,6,0.8571428571428571,0.6666666666666666
M0201/img000923.jpg,M0201,923,1329,UnifAll,12,58.76459999126382,8,4,0,9,7,6,0.8571428571428571,0.6666666666666666
M0201/img000923.jpg,M0201,923,1329,SAHI640,11,168.26790000777692,7,4,0,9,7,5,0.7142857142857143,0.6363636363636364
M0201/img000924.jpg,M0201,924,1330,F640,10,14.305899996543303,7,3,0,9,6,4,0.6666666666666666,0.7
M0201/img000924.jpg,M0201,924,1330,F1280,12,33.58420000586193,7,5,0,9,6,4,0.6666666666666666,0.5833333333333334
M0201/img000924.jpg,M0201,924,1330,DensK1,12,43.479200001456775,8,4,0,9,6,5,0.8333333333333334,0.6666666666666666
M0201/img000924.jpg,M0201,924,1330,UnifAll,12,75.66709999809973,8,4,0,9,6,5,0.8333333333333334,0.6666666666666666
M0201/img000924.jpg,M0201,924,1330,SAHI640,12,217.68940000038128,7,5,0,9,6,4,0.6666666666666666,0.5833333333333334
M0201/img000925.jpg,M0201,925,1331,F640,10,16.69180000317283,8,2,0,9,6,5,0.8333333333333334,0.8
M0201/img000925.jpg,M0201,925,1331,F1280,9,25.72890000010375,7,2,0,9,6,4,0.6666666666666666,0.7777777777777778
M0201/img000925.jpg,M0201,925,1331,DensK1,11,39.01400000904687,9,2,0,9,6,6,1.0,0.8181818181818182
M0201/img000925.jpg,M0201,925,1331,UnifAll,11,76.5391000022646,9,2,0,9,6,6,1.0,0.8181818181818182
M0201/img000925.jpg,M0201,925,1331,SAHI640,10,178.8042999978643,7,3,0,9,6,4,0.6666666666666666,0.7
M0201/img000926.jpg,M0201,926,1332,F640,9,16.734899996663444,8,1,0,9,6,5,0.8333333333333334,0.8888888888888888
M0201/img000926.jpg,M0201,926,1332,F1280,9,34.58560000581201,7,2,0,9,6,4,0.6666666666666666,0.7777777777777778
M0201/img000926.jpg,M0201,926,1332,DensK1,9,32.083400001283735,7,2,0,9,6,4,0.6666666666666666,0.7777777777777778
M0201/img000926.jpg,M0201,926,1332,UnifAll,9,51.418499991996214,7,2,0,9,6,4,0.6666666666666666,0.7777777777777778
M0201/img000926.jpg,M0201,926,1332,SAHI640,11,182.3480000020936,8,3,0,9,6,5,0.8333333333333334,0.7272727272727273
M0201/img000927.jpg,M0201,927,1333,F640,10,28.308900000411086,7,3,0,9,6,4,0.6666666666666666,0.7
M0201/img000927.jpg,M0201,927,1333,F1280,9,28.58310000738129,7,2,0,9,6,4,0.6666666666666666,0.7777777777777778
M0201/img000927.jpg,M0201,927,1333,DensK1,10,38.6854999960633,7,3,0,9,6,4,0.6666666666666666,0.7
M0201/img000927.jpg,M0201,927,1333,UnifAll,10,62.401700008194894,7,3,0,9,6,4,0.6666666666666666,0.7
M0201/img000927.jpg,M0201,927,1333,SAHI640,11,160.62769999552984,8,3,0,9,6,5,0.8333333333333334,0.7272727272727273
M0201/img000928.jpg,M0201,928,1334,F640,9,27.11390001059044,8,1,0,9,6,5,0.8333333333333334,0.8888888888888888
M0201/img000928.jpg,M0201,928,1334,F1280,10,33.65849998954218,7,3,0,9,6,4,0.6666666666666666,0.7
M0201/img000928.jpg,M0201,928,1334,DensK1,10,62.5852999946801,8,2,0,9,6,5,0.8333333333333334,0.8
M0201/img000928.jpg,M0201,928,1334,UnifAll,10,65.85410000116099,8,2,0,9,6,5,0.8333333333333334,0.8
M0201/img000928.jpg,M0201,928,1334,SAHI640,12,181.86749999586027,9,3,0,9,6,6,1.0,0.75
M0201/img000929.jpg,M0201,929,1335,F640,10,25.928999995812774,6,4,0,9,6,4,0.6666666666666666,0.6
M0201/img000929.jpg,M0201,929,1335,F1280,9,37.49619999143761,7,2,0,9,6,4,0.6666666666666666,0.7777777777777778
M0201/img000929.jpg,M0201,929,1335,DensK1,12,79.48910001141485,8,4,0,9,6,5,0.8333333333333334,0.6666666666666666
M0201/img000929.jpg,M0201,929,1335,UnifAll,12,75.765900008264,8,4,0,9,6,5,0.8333333333333334,0.6666666666666666
M0201/img000929.jpg,M0201,929,1335,SAHI640,11,178.32219999399967,9,2,0,9,6,6,1.0,0.8181818181818182
M0201/img000930.jpg,M0201,930,1336,F640,9,14.39239998580888,8,1,0,9,6,5,0.8333333333333334,0.8888888888888888
M0201/img000930.jpg,M0201,930,1336,F1280,10,31.6809999931138,7,3,0,9,6,4,0.6666666666666666,0.7
M0201/img000930.jpg,M0201,930,1336,DensK1,11,29.236100002890453,7,4,0,9,6,4,0.6666666666666666,0.6363636363636364
M0201/img000930.jpg,M0201,930,1336,UnifAll,12,43.00890000013169,7,5,0,9,6,4,0.6666666666666666,0.5833333333333334
M0201/img000930.jpg,M0201,930,1336,SAHI640,10,183.18409999483265,9,1,0,9,6,6,1.0,0.9
M0201/img000931.jpg,M0201,931,1337,F640,10,28.377199996612035,9,1,0,9,6,6,1.0,0.9
M0201/img000931.jpg,M0201,931,1337,F1280,9,30.48859999398701,7,2,0,9,6,4,0.6666666666666666,0.7777777777777778
M0201/img000931.jpg,M0201,931,1337,DensK1,10,30.525000009220093,7,3,0,9,6,4,0.6666666666666666,0.7
M0201/img000931.jpg,M0201,931,1337,UnifAll,10,64.17879999207798,7,3,0,9,6,4,0.6666666666666666,0.7
M0201/img000931.jpg,M0201,931,1337,SAHI640,12,157.264400011627,9,3,0,9,6,6,1.0,0.75
M0201/img000932.jpg,M0201,932,1338,F640,9,20.87750000646338,8,1,0,9,6,5,0.8333333333333334,0.8888888888888888
M0201/img000932.jpg,M0201,932,1338,F1280,10,34.976800001459196,7,3,0,9,6,4,0.6666666666666666,0.7
M0201/img000932.jpg,M0201,932,1338,DensK1,10,29.18960001261439,7,3,0,9,6,4,0.6666666666666666,0.7
M0201/img000932.jpg,M0201,932,1338,UnifAll,10,44.357000006129965,7,3,0,9,6,4,0.6666666666666666,0.7
M0201/img000932.jpg,M0201,932,1338,SAHI640,11,143.19369998702314,9,2,0,9,6,6,1.0,0.8181818181818182
M0201/img000933.jpg,M0201,933,1339,F640,10,13.911499991081655,8,2,0,9,6,5,0.8333333333333334,0.8
M0201/img000933.jpg,M0201,933,1339,F1280,10,23.661699990043417,7,3,0,9,6,4,0.6666666666666666,0.7
M0201/img000933.jpg,M0201,933,1339,DensK1,10,35.31269999803044,8,2,0,9,6,5,0.8333333333333334,0.8
M0201/img000933.jpg,M0201,933,1339,UnifAll,10,59.83120000746567,8,2,0,9,6,5,0.8333333333333334,0.8
M0201/img000933.jpg,M0201,933,1339,SAHI640,11,192.23509999574162,8,3,0,9,6,5,0.8333333333333334,0.7272727272727273
M0201/img000934.jpg,M0201,934,1340,F640,9,14.671800003270619,8,1,0,9,6,5,0.8333333333333334,0.8888888888888888
M0201/img000934.jpg,M0201,934,1340,F1280,10,31.08199998678174,6,4,0,9,6,3,0.5,0.6
M0201/img000934.jpg,M0201,934,1340,DensK1,9,39.07250000338536,6,3,0,9,6,3,0.5,0.6666666666666666
M0201/img000934.jpg,M0201,934,1340,UnifAll,9,44.47620001155883,6,3,0,9,6,3,0.5,0.6666666666666666
M0201/img000934.jpg,M0201,934,1340,SAHI640,10,158.8943999959156,8,2,0,9,6,5,0.8333333333333334,0.8
M0201/img000935.jpg,M0201,935,1341,F640,9,13.842200001818128,8,1,0,9,6,5,0.8333333333333334,0.8888888888888888
M0201/img000935.jpg,M0201,935,1341,F1280,11,28.7769999995362,8,3,0,9,6,5,0.8333333333333334,0.7272727272727273
M0201/img000935.jpg,M0201,935,1341,DensK1,9,29.088399998727255,8,1,0,9,6,5,0.8333333333333334,0.8888888888888888
M0201/img000935.jpg,M0201,935,1341,UnifAll,9,52.675700004328974,8,1,0,9,6,5,0.8333333333333334,0.8888888888888888
M0201/img000935.jpg,M0201,935,1341,SAHI640,9,192.73500000417698,9,0,0,9,6,6,1.0,1.0
M0201/img000936.jpg,M0201,936,1342,F640,9,18.99290000437759,9,0,0,9,6,6,1.0,1.0
M0201/img000936.jpg,M0201,936,1342,F1280,9,24.377000008826144,7,2,0,9,6,4,0.6666666666666666,0.7777777777777778
M0201/img000936.jpg,M0201,936,1342,DensK1,9,37.418799998704344,7,2,0,9,6,4,0.6666666666666666,0.7777777777777778
M0201/img000936.jpg,M0201,936,1342,UnifAll,9,53.13169999863021,7,2,0,9,6,4,0.6666666666666666,0.7777777777777778
M0201/img000936.jpg,M0201,936,1342,SAHI640,9,200.90999999956694,9,0,0,9,6,6,1.0,1.0
M0201/img000937.jpg,M0201,937,1343,F640,10,14.740700004040264,7,3,0,9,6,4,0.6666666666666666,0.7
M0201/img000937.jpg,M0201,937,1343,F1280,10,35.26610000699293,7,3,0,9,6,4,0.6666666666666666,0.7
M0201/img000937.jpg,M0201,937,1343,DensK1,10,31.650500008254312,8,2,0,9,6,5,0.8333333333333334,0.8
M0201/img000937.jpg,M0201,937,1343,UnifAll,10,48.513600006117485,8,2,0,9,6,5,0.8333333333333334,0.8
M0201/img000937.jpg,M0201,937,1343,SAHI640,10,159.51889999269042,9,1,0,9,6,6,1.0,0.9
M0201/img000938.jpg,M0201,938,1344,F640,8,16.672099998686463,7,1,0,9,6,4,0.6666666666666666,0.875
M0201/img000938.jpg,M0201,938,1344,F1280,10,31.892600003629923,7,3,0,9,6,4,0.6666666666666666,0.7
M0201/img000938.jpg,M0201,938,1344,DensK1,9,33.130300012999214,8,1,0,9,6,5,0.8333333333333334,0.8888888888888888
M0201/img000938.jpg,M0201,938,1344,UnifAll,9,44.436200012569316,8,1,0,9,6,5,0.8333333333333334,0.8888888888888888
M0201/img000938.jpg,M0201,938,1344,SAHI640,10,152.00810000533238,9,1,0,9,6,6,1.0,0.9
M0201/img000939.jpg,M0201,939,1345,F640,10,19.786199991358444,7,3,0,9,6,4,0.6666666666666666,0.7
M0201/img000939.jpg,M0201,939,1345,F1280,9,34.996899994439445,7,2,0,9,6,4,0.6666666666666666,0.7777777777777778
M0201/img000939.jpg,M0201,939,1345,DensK1,10,34.191899991128594,7,3,0,9,6,4,0.6666666666666666,0.7
M0201/img000939.jpg,M0201,939,1345,UnifAll,10,49.9232000001939,7,3,0,9,6,4,0.6666666666666666,0.7
M0201/img000939.jpg,M0201,939,1345,SAHI640,10,155.25529999285936,8,2,0,9,6,5,0.8333333333333334,0.8
M0201/img000940.jpg,M0201,940,1346,F640,9,17.973199996049516,7,2,0,9,6,4,0.6666666666666666,0.7777777777777778
M0201/img000940.jpg,M0201,940,1346,F1280,10,37.09990000061225,7,3,0,9,6,4,0.6666666666666666,0.7
M0201/img000940.jpg,M0201,940,1346,DensK1,10,41.47860000375658,7,3,0,9,6,4,0.6666666666666666,0.7
M0201/img000940.jpg,M0201,940,1346,UnifAll,10,47.139600006630644,7,3,0,9,6,4,0.6666666666666666,0.7
M0201/img000940.jpg,M0201,940,1346,SAHI640,9,144.83230000769254,9,0,0,9,6,6,1.0,1.0
M0201/img000941.jpg,M0201,941,1347,F640,10,19.962299993494526,8,2,0,9,6,5,0.8333333333333334,0.8
M0201/img000941.jpg,M0201,941,1347,F1280,11,30.25280000292696,7,4,0,9,6,4,0.6666666666666666,0.6363636363636364
M0201/img000941.jpg,M0201,941,1347,DensK1,10,36.30590000830125,7,3,0,9,6,4,0.6666666666666666,0.7
M0201/img000941.jpg,M0201,941,1347,UnifAll,10,46.9576000032248,7,3,0,9,6,4,0.6666666666666666,0.7
M0201/img000941.jpg,M0201,941,1347,SAHI640,9,171.2578000006033,8,1,0,9,6,5,0.8333333333333334,0.8888888888888888
M0201/img000942.jpg,M0201,942,1348,F640,10,14.862399999401532,8,2,0,9,6,5,0.8333333333333334,0.8
M0201/img000942.jpg,M0201,942,1348,F1280,10,45.966799996676855,7,3,0,9,6,4,0.6666666666666666,0.7
M0201/img000942.jpg,M0201,942,1348,DensK1,10,33.04169999319129,8,2,0,9,6,5,0.8333333333333334,0.8
M0201/img000942.jpg,M0201,942,1348,UnifAll,10,52.30260000098497,8,2,0,9,6,5,0.8333333333333334,0.8
M0201/img000942.jpg,M0201,942,1348,SAHI640,10,163.5340999928303,7,3,0,9,6,4,0.6666666666666666,0.7
M0201/img000943.jpg,M0201,943,1349,F640,10,14.701300009619445,8,2,0,9,6,5,0.8333333333333334,0.8
M0201/img000943.jpg,M0201,943,1349,F1280,13,36.75949999887962,7,6,0,9,6,4,0.6666666666666666,0.5384615384615384
M0201/img000943.jpg,M0201,943,1349,DensK1,11,68.06950000463985,8,3,0,9,6,5,0.8333333333333334,0.7272727272727273
M0201/img000943.jpg,M0201,943,1349,UnifAll,11,89.84259999124333,8,3,0,9,6,5,0.8333333333333334,0.7272727272727273
M0201/img000943.jpg,M0201,943,1349,SAHI640,10,182.5566999905277,8,2,0,9,6,5,0.8333333333333334,0.8
M0201/img000944.jpg,M0201,944,1350,F640,9,13.683299999684095,8,1,0,9,6,5,0.8333333333333334,0.8888888888888888
M0201/img000944.jpg,M0201,944,1350,F1280,10,24.762899993220344,7,3,0,9,6,4,0.6666666666666666,0.7
M0201/img000944.jpg,M0201,944,1350,DensK1,10,62.21230000664946,8,2,0,9,6,5,0.8333333333333334,0.8
M0201/img000944.jpg,M0201,944,1350,UnifAll,10,76.29729999462143,8,2,0,9,6,5,0.8333333333333334,0.8
M0201/img000944.jpg,M0201,944,1350,SAHI640,10,209.1331999981776,7,3,0,9,6,4,0.6666666666666666,0.7
M0201/img000945.jpg,M0201,945,1351,F640,9,14.481599995633587,7,2,0,9,6,4,0.6666666666666666,0.7777777777777778
M0201/img000945.jpg,M0201,945,1351,F1280,9,25.867100004688837,7,2,0,9,6,4,0.6666666666666666,0.7777777777777778
M0201/img000945.jpg,M0201,945,1351,DensK1,10,34.13869999349117,7,3,0,9,6,4,0.6666666666666666,0.7
M0201/img000945.jpg,M0201,945,1351,UnifAll,11,65.52909998572432,7,4,0,9,6,4,0.6666666666666666,0.6363636363636364
M0201/img000945.jpg,M0201,945,1351,SAHI640,10,219.86530000867788,9,1,0,9,6,6,1.0,0.9
M0201/img000946.jpg,M0201,946,1352,F640,9,25.185499995131977,8,1,0,9,6,5,0.8333333333333334,0.8888888888888888
M0201/img000946.jpg,M0201,946,1352,F1280,10,27.15919999172911,7,3,0,9,6,4,0.6666666666666666,0.7
M0201/img000946.jpg,M0201,946,1352,DensK1,11,46.66659999929834,7,4,0,9,6,4,0.6666666666666666,0.6363636363636364
M0201/img000946.jpg,M0201,946,1352,UnifAll,11,45.20300000149291,7,4,0,9,6,4,0.6666666666666666,0.6363636363636364
M0201/img000946.jpg,M0201,946,1352,SAHI640,12,164.45510000630748,8,4,0,9,6,5,0.8333333333333334,0.6666666666666666
M0201/img000947.jpg,M0201,947,1353,F640,9,14.516999988700263,8,1,0,9,6,5,0.8333333333333334,0.8888888888888888
M0201/img000947.jpg,M0201,947,1353,F1280,11,30.64250000170432,7,4,0,9,6,4,0.6666666666666666,0.6363636363636364
M0201/img000947.jpg,M0201,947,1353,DensK1,10,31.914899998810142,7,3,0,9,6,4,0.6666666666666666,0.7
M0201/img000947.jpg,M0201,947,1353,UnifAll,10,42.58420001133345,7,3,0,9,6,4,0.6666666666666666,0.7
M0201/img000947.jpg,M0201,947,1353,SAHI640,9,158.0820999952266,8,1,0,9,6,5,0.8333333333333334,0.8888888888888888
M0201/img000948.jpg,M0201,948,1354,F640,9,34.30620000290219,8,1,0,9,6,5,0.8333333333333334,0.8888888888888888
M0201/img000948.jpg,M0201,948,1354,F1280,10,42.64309999416582,7,3,0,9,6,4,0.6666666666666666,0.7
M0201/img000948.jpg,M0201,948,1354,DensK1,10,67.30080000124872,7,3,0,9,6,4,0.6666666666666666,0.7
M0201/img000948.jpg,M0201,948,1354,UnifAll,10,74.39069999963976,7,3,0,9,6,4,0.6666666666666666,0.7
M0201/img000948.jpg,M0201,948,1354,SAHI640,10,248.1950999936089,9,1,0,9,6,6,1.0,0.9
M0201/img000949.jpg,M0201,949,1355,F640,10,14.316600005258806,7,3,0,9,6,4,0.6666666666666666,0.7
M0201/img000949.jpg,M0201,949,1355,F1280,9,23.405799991451204,7,2,0,9,6,4,0.6666666666666666,0.7777777777777778
M0201/img000949.jpg,M0201,949,1355,DensK1,12,29.569500009529293,7,5,0,9,6,4,0.6666666666666666,0.5833333333333334
M0201/img000949.jpg,M0201,949,1355,UnifAll,12,42.93959999631625,7,5,0,9,6,4,0.6666666666666666,0.5833333333333334
M0201/img000949.jpg,M0201,949,1355,SAHI640,10,157.06139999383595,8,2,0,9,6,5,0.8333333333333334,0.8
M0201/img000950.jpg,M0201,950,1356,F640,10,15.447400000994094,9,1,0,9,6,6,1.0,0.9
M0201/img000950.jpg,M0201,950,1356,F1280,10,33.02600000461098,7,3,0,9,6,4,0.6666666666666666,0.7
M0201/img000950.jpg,M0201,950,1356,DensK1,10,29.05139999347739,8,2,0,9,6,5,0.8333333333333334,0.8
M0201/img000950.jpg,M0201,950,1356,UnifAll,11,41.82270000455901,8,3,0,9,6,5,0.8333333333333334,0.7272727272727273
M0201/img000950.jpg,M0201,950,1356,SAHI640,11,164.52800000843126,8,3,0,9,6,5,0.8333333333333334,0.7272727272727273
M0201/img000951.jpg,M0201,951,1357,F640,10,15.537200000835583,9,1,0,9,6,6,1.0,0.9
M0201/img000951.jpg,M0201,951,1357,F1280,9,31.224300008034334,7,2,0,9,6,4,0.6666666666666666,0.7777777777777778
M0201/img000951.jpg,M0201,951,1357,DensK1,10,29.564600001322106,7,3,0,9,6,4,0.6666666666666666,0.7
M0201/img000951.jpg,M0201,951,1357,UnifAll,10,42.74799999257084,7,3,0,9,6,4,0.6666666666666666,0.7
M0201/img000951.jpg,M0201,951,1357,SAHI640,11,159.38549999555107,9,2,0,9,6,6,1.0,0.8181818181818182
M0201/img000952.jpg,M0201,952,1358,F640,9,23.66920000349637,8,1,0,9,6,5,0.8333333333333334,0.8888888888888888
M0201/img000952.jpg,M0201,952,1358,F1280,9,24.45310000621248,8,1,0,9,6,5,0.8333333333333334,0.8888888888888888
M0201/img000952.jpg,M0201,952,1358,DensK1,12,29.527200007578358,8,4,0,9,6,5,0.8333333333333334,0.6666666666666666
M0201/img000952.jpg,M0201,952,1358,UnifAll,12,52.441299994825386,8,4,0,9,6,5,0.8333333333333334,0.6666666666666666
M0201/img000952.jpg,M0201,952,1358,SAHI640,11,147.51670000259764,9,2,0,9,6,6,1.0,0.8181818181818182
M0201/img000953.jpg,M0201,953,1359,F640,9,14.563199991243891,8,1,0,9,6,5,0.8333333333333334,0.8888888888888888
M0201/img000953.jpg,M0201,953,1359,F1280,10,33.87199999997392,7,3,0,9,6,4,0.6666666666666666,0.7
M0201/img000953.jpg,M0201,953,1359,DensK1,12,28.57409999705851,7,5,0,9,6,4,0.6666666666666666,0.5833333333333334
M0201/img000953.jpg,M0201,953,1359,UnifAll,13,41.413099999772385,7,6,0,9,6,4,0.6666666666666666,0.5384615384615384
M0201/img000953.jpg,M0201,953,1359,SAHI640,11,161.34750000492204,9,2,0,9,6,6,1.0,0.8181818181818182
M0201/img000954.jpg,M0201,954,1360,F640,9,14.525000005960464,9,0,0,9,6,6,1.0,1.0
M0201/img000954.jpg,M0201,954,1360,F1280,10,36.79169999668375,7,3,0,9,6,4,0.6666666666666666,0.7
M0201/img000954.jpg,M0201,954,1360,DensK1,10,38.98870000557508,7,3,0,9,6,4,0.6666666666666666,0.7
M0201/img000954.jpg,M0201,954,1360,UnifAll,11,52.76449999655597,7,4,0,9,6,4,0.6666666666666666,0.6363636363636364
M0201/img000954.jpg,M0201,954,1360,SAHI640,13,195.91349999245722,9,4,0,9,6,6,1.0,0.6923076923076923
M0201/img000955.jpg,M0201,955,1361,F640,9,17.411599998013116,8,1,0,9,6,5,0.8333333333333334,0.8888888888888888
M0201/img000955.jpg,M0201,955,1361,F1280,10,30.5268999945838,7,3,0,9,6,4,0.6666666666666666,0.7
M0201/img000955.jpg,M0201,955,1361,DensK1,12,37.82789999968372,7,5,0,9,6,4,0.6666666666666666,0.5833333333333334
M0201/img000955.jpg,M0201,955,1361,UnifAll,13,50.84809999971185,7,6,0,9,6,4,0.6666666666666666,0.5384615384615384
M0201/img000955.jpg,M0201,955,1361,SAHI640,11,197.80890000401996,9,2,0,9,6,6,1.0,0.8181818181818182
M0201/img000956.jpg,M0201,956,1362,F640,10,14.980100007960573,9,1,0,9,6,6,1.0,0.9
M0201/img000956.jpg,M0201,956,1362,F1280,10,23.289299992029555,7,3,0,9,6,4,0.6666666666666666,0.7
M0201/img000956.jpg,M0201,956,1362,DensK1,13,28.475600003730506,8,5,0,9,6,5,0.8333333333333334,0.6153846153846154
M0201/img000956.jpg,M0201,956,1362,UnifAll,13,58.93650000507478,8,5,0,9,6,5,0.8333333333333334,0.6153846153846154
M0201/img000956.jpg,M0201,956,1362,SAHI640,13,320.8761999994749,9,4,0,9,6,6,1.0,0.6923076923076923
M0201/img000957.jpg,M0201,957,1363,F640,10,14.573399996152148,9,1,0,9,6,6,1.0,0.9
M0201/img000957.jpg,M0201,957,1363,F1280,10,23.41389999492094,8,2,0,9,6,5,0.8333333333333334,0.8
M0201/img000957.jpg,M0201,957,1363,DensK1,12,37.79640000720974,8,4,0,9,6,5,0.8333333333333334,0.6666666666666666
M0201/img000957.jpg,M0201,957,1363,UnifAll,12,62.21769998956006,8,4,0,9,6,5,0.8333333333333334,0.6666666666666666
M0201/img000957.jpg,M0201,957,1363,SAHI640,12,154.04179999313783,9,3,0,9,6,6,1.0,0.75
M0201/img000958.jpg,M0201,958,1364,F640,10,15.157400004682131,9,1,0,9,6,6,1.0,0.9
M0201/img000958.jpg,M0201,958,1364,F1280,10,31.176299991784617,7,3,0,9,6,4,0.6666666666666666,0.7
M0201/img000958.jpg,M0201,958,1364,DensK1,11,35.629600009997375,8,3,0,9,6,5,0.8333333333333334,0.7272727272727273
M0201/img000958.jpg,M0201,958,1364,UnifAll,11,46.29189999832306,8,3,0,9,6,5,0.8333333333333334,0.7272727272727273
M0201/img000958.jpg,M0201,958,1364,SAHI640,11,202.353899992886,9,2,0,9,6,6,1.0,0.8181818181818182
M0201/img000959.jpg,M0201,959,1365,F640,9,19.47210000071209,9,0,0,9,6,6,1.0,1.0
M0201/img000959.jpg,M0201,959,1365,F1280,9,24.038200004724786,7,2,0,9,6,4,0.6666666666666666,0.7777777777777778
M0201/img000959.jpg,M0201,959,1365,DensK1,10,38.02219999488443,8,2,0,9,6,5,0.8333333333333334,0.8
M0201/img000959.jpg,M0201,959,1365,UnifAll,11,57.12359999597538,8,3,0,9,6,5,0.8333333333333334,0.7272727272727273
M0201/img000959.jpg,M0201,959,1365,SAHI640,12,193.6849999910919,9,3,0,9,6,6,1.0,0.75
M0201/img000960.jpg,M0201,960,1366,F640,10,18.157599988626316,9,1,0,9,6,6,1.0,0.9
M0201/img000960.jpg,M0201,960,1366,F1280,11,24.128499993821606,7,4,0,9,6,4,0.6666666666666666,0.6363636363636364
M0201/img000960.jpg,M0201,960,1366,DensK1,12,42.2608999942895,9,3,0,9,6,6,1.0,0.75
M0201/img000960.jpg,M0201,960,1366,UnifAll,12,59.59040000743698,9,3,0,9,6,6,1.0,0.75
M0201/img000960.jpg,M0201,960,1366,SAHI640,11,186.41480000223964,9,2,0,9,6,6,1.0,0.8181818181818182
M0201/img000961.jpg,M0201,961,1367,F640,10,15.329999994719401,9,1,0,9,6,6,1.0,0.9
M0201/img000961.jpg,M0201,961,1367,F1280,12,32.0643999875756,7,5,0,9,6,4,0.6666666666666666,0.5833333333333334
M0201/img000961.jpg,M0201,961,1367,DensK1,12,40.12890000012703,8,4,0,9,6,5,0.8333333333333334,0.6666666666666666
M0201/img000961.jpg,M0201,961,1367,UnifAll,13,47.00439999578521,8,5,0,9,6,5,0.8333333333333334,0.6153846153846154
M0201/img000961.jpg,M0201,961,1367,SAHI640,13,181.89859999984037,9,4,0,9,6,6,1.0,0.6923076923076923
M0201/img000962.jpg,M0201,962,1368,F640,10,16.786099993623793,9,1,0,9,6,6,1.0,0.9
M0201/img000962.jpg,M0201,962,1368,F1280,11,30.873700001393445,8,3,0,9,6,5,0.8333333333333334,0.7272727272727273
M0201/img000962.jpg,M0201,962,1368,DensK1,12,34.27469999587629,8,4,0,9,6,5,0.8333333333333334,0.6666666666666666
M0201/img000962.jpg,M0201,962,1368,UnifAll,12,47.84949999884702,8,4,0,9,6,5,0.8333333333333334,0.6666666666666666
M0201/img000962.jpg,M0201,962,1368,SAHI640,12,175.60909999883734,9,3,0,9,6,6,1.0,0.75
M0201/img000963.jpg,M0201,963,1369,F640,10,15.139199997065589,9,1,0,9,6,6,1.0,0.9
M0201/img000963.jpg,M0201,963,1369,F1280,12,30.75270001136232,7,5,0,9,6,4,0.6666666666666666,0.5833333333333334
M0201/img000963.jpg,M0201,963,1369,DensK1,13,36.75019998627249,8,5,0,9,6,5,0.8333333333333334,0.6153846153846154
M0201/img000963.jpg,M0201,963,1369,UnifAll,13,47.18430001230445,8,5,0,9,6,5,0.8333333333333334,0.6153846153846154
M0201/img000963.jpg,M0201,963,1369,SAHI640,12,173.41709999891464,9,3,0,9,6,6,1.0,0.75
M0201/img000964.jpg,M0201,964,1370,F640,11,19.60609998786822,9,2,0,9,6,6,1.0,0.8181818181818182
M0201/img000964.jpg,M0201,964,1370,F1280,11,41.97320000093896,7,4,0,9,6,4,0.6666666666666666,0.6363636363636364
M0201/img000964.jpg,M0201,964,1370,DensK1,11,33.94280000065919,8,3,0,9,6,5,0.8333333333333334,0.7272727272727273
M0201/img000964.jpg,M0201,964,1370,UnifAll,12,88.85169999848586,8,4,0,9,6,5,0.8333333333333334,0.6666666666666666
M0201/img000964.jpg,M0201,964,1370,SAHI640,11,218.10729999560863,9,2,0,9,6,6,1.0,0.8181818181818182
M0201/img000965.jpg,M0201,965,1371,F640,11,17.77649999712594,9,2,0,9,6,6,1.0,0.8181818181818182
M0201/img000965.jpg,M0201,965,1371,F1280,11,39.79690000414848,8,3,0,9,6,5,0.8333333333333334,0.7272727272727273
M0201/img000965.jpg,M0201,965,1371,DensK1,13,49.975200003245845,8,5,0,9,6,5,0.8333333333333334,0.6153846153846154
M0201/img000965.jpg,M0201,965,1371,UnifAll,14,83.71239999542013,8,6,0,9,6,5,0.8333333333333334,0.5714285714285714
M0201/img000965.jpg,M0201,965,1371,SAHI640,12,228.3358999993652,9,3,0,9,6,6,1.0,0.75
M0201/img000966.jpg,M0201,966,1372,F640,9,27.298299988615327,9,0,0,9,6,6,1.0,1.0
M0201/img000966.jpg,M0201,966,1372,F1280,10,43.11329999472946,8,2,0,9,6,5,0.8333333333333334,0.8
M0201/img000966.jpg,M0201,966,1372,DensK1,11,49.136799992993474,8,3,0,9,6,5,0.8333333333333334,0.7272727272727273
M0201/img000966.jpg,M0201,966,1372,UnifAll,12,71.71180000295863,8,4,0,9,6,5,0.8333333333333334,0.6666666666666666
M0201/img000966.jpg,M0201,966,1372,SAHI640,11,184.04910000390373,9,2,0,9,6,6,1.0,0.8181818181818182
M0201/img000967.jpg,M0201,967,1373,F640,10,16.165399996680208,9,1,0,9,6,6,1.0,0.9
M0201/img000967.jpg,M0201,967,1373,F1280,11,37.80989999359008,8,3,0,9,6,5,0.8333333333333334,0.7272727272727273
M0201/img000967.jpg,M0201,967,1373,DensK1,11,49.600199999986216,8,3,0,9,6,5,0.8333333333333334,0.7272727272727273
M0201/img000967.jpg,M0201,967,1373,UnifAll,11,83.05129999644123,8,3,0,9,6,5,0.8333333333333334,0.7272727272727273
M0201/img000967.jpg,M0201,967,1373,SAHI640,11,204.15830001002178,9,2,0,9,6,6,1.0,0.8181818181818182
M0201/img000968.jpg,M0201,968,1374,F640,11,27.161500009242445,9,2,0,9,6,6,1.0,0.8181818181818182
M0201/img000968.jpg,M0201,968,1374,F1280,10,40.556100007961504,8,2,0,9,6,5,0.8333333333333334,0.8
M0201/img000968.jpg,M0201,968,1374,DensK1,12,53.82400000235066,8,4,0,9,6,5,0.8333333333333334,0.6666666666666666
M0201/img000968.jpg,M0201,968,1374,UnifAll,12,81.36060000106227,8,4,0,9,6,5,0.8333333333333334,0.6666666666666666
M0201/img000968.jpg,M0201,968,1374,SAHI640,11,219.08769999572542,9,2,0,9,6,6,1.0,0.8181818181818182
M0201/img000969.jpg,M0201,969,1375,F640,11,15.685499995015562,9,2,0,9,6,6,1.0,0.8181818181818182
M0201/img000969.jpg,M0201,969,1375,F1280,11,25.773300003493205,8,3,0,9,6,5,0.8333333333333334,0.7272727272727273
M0201/img000969.jpg,M0201,969,1375,DensK1,11,28.787400005967356,8,3,0,9,6,5,0.8333333333333334,0.7272727272727273
M0201/img000969.jpg,M0201,969,1375,UnifAll,11,43.59960000147112,8,3,0,9,6,5,0.8333333333333334,0.7272727272727273
M0201/img000969.jpg,M0201,969,1375,SAHI640,12,214.4986999919638,9,3,0,9,6,6,1.0,0.75
M0201/img000970.jpg,M0201,970,1376,F640,9,24.769499999820255,9,0,0,9,6,6,1.0,1.0
M0201/img000970.jpg,M0201,970,1376,F1280,11,24.093500003800727,8,3,0,9,6,5,0.8333333333333334,0.7272727272727273
M0201/img000970.jpg,M0201,970,1376,DensK1,10,28.03940000012517,8,2,0,9,6,5,0.8333333333333334,0.8
M0201/img000970.jpg,M0201,970,1376,UnifAll,11,73.3570000011241,8,3,0,9,6,5,0.8333333333333334,0.7272727272727273
M0201/img000970.jpg,M0201,970,1376,SAHI640,11,164.21010000340175,9,2,0,9,6,6,1.0,0.8181818181818182
M0201/img000971.jpg,M0201,971,1377,F640,11,14.079200002015568,9,2,0,9,6,6,1.0,0.8181818181818182
M0201/img000971.jpg,M0201,971,1377,F1280,11,23.36249999643769,7,4,0,9,6,4,0.6666666666666666,0.6363636363636364
M0201/img000971.jpg,M0201,971,1377,DensK1,12,28.662500000791624,8,4,0,9,6,5,0.8333333333333334,0.6666666666666666
M0201/img000971.jpg,M0201,971,1377,UnifAll,13,55.2256000082707,8,5,0,9,6,5,0.8333333333333334,0.6153846153846154
M0201/img000971.jpg,M0201,971,1377,SAHI640,12,198.616800000309,9,3,0,9,6,6,1.0,0.75
M0201/img000972.jpg,M0201,972,1378,F640,10,13.79139999335166,9,1,0,9,6,6,1.0,0.9
M0201/img000972.jpg,M0201,972,1378,F1280,12,24.773000011919066,7,5,0,9,6,4,0.6666666666666666,0.5833333333333334
M0201/img000972.jpg,M0201,972,1378,DensK1,13,28.328699991106987,9,4,0,9,6,6,1.0,0.6923076923076923
M0201/img000972.jpg,M0201,972,1378,UnifAll,14,40.94660001283046,9,5,0,9,6,6,1.0,0.6428571428571429
M0201/img000972.jpg,M0201,972,1378,SAHI640,14,160.51750000042375,9,5,0,9,6,6,1.0,0.6428571428571429
M0201/img000973.jpg,M0201,973,1379,F640,11,14.126499998383224,9,2,0,9,6,6,1.0,0.8181818181818182
M0201/img000973.jpg,M0201,973,1379,F1280,13,30.18230000452604,7,6,0,9,6,4,0.6666666666666666,0.5384615384615384
M0201/img000973.jpg,M0201,973,1379,DensK1,12,29.61420000065118,8,4,0,9,6,5,0.8333333333333334,0.6666666666666666
M0201/img000973.jpg,M0201,973,1379,UnifAll,12,42.632500000763685,8,4,0,9,6,5,0.8333333333333334,0.6666666666666666
M0201/img000973.jpg,M0201,973,1379,SAHI640,13,165.3610000066692,9,4,0,9,6,6,1.0,0.6923076923076923
M0201/img000974.jpg,M0201,974,1380,F640,12,20.220400008838624,9,3,0,9,6,6,1.0,0.75
M0201/img000974.jpg,M0201,974,1380,F1280,11,34.944499988341704,7,4,0,9,6,4,0.6666666666666666,0.6363636363636364
M0201/img000974.jpg,M0201,974,1380,DensK1,13,70.22560000768863,8,5,0,9,6,5,0.8333333333333334,0.6153846153846154
M0201/img000974.jpg,M0201,974,1380,UnifAll,13,57.952999995904975,8,5,0,9,6,5,0.8333333333333334,0.6153846153846154
M0201/img000974.jpg,M0201,974,1380,SAHI640,14,173.8271999929566,8,6,0,9,6,5,0.8333333333333334,0.5714285714285714
M0201/img000975.jpg,M0201,975,1381,F640,11,14.068000004044734,7,4,0,8,6,6,1.0,0.6363636363636364
M0201/img000975.jpg,M0201,975,1381,F1280,13,30.636199997388758,7,6,0,8,6,5,0.8333333333333334,0.5384615384615384
M0201/img000975.jpg,M0201,975,1381,DensK1,14,29.319700013729744,7,7,0,8,6,5,0.8333333333333334,0.5
M0201/img000975.jpg,M0201,975,1381,UnifAll,14,45.65030000230763,7,7,0,8,6,5,0.8333333333333334,0.5
M0201/img000975.jpg,M0201,975,1381,SAHI640,13,163.91370000201277,6,7,0,8,6,5,0.8333333333333334,0.46153846153846156
M0201/img000976.jpg,M0201,976,1382,F640,10,18.310499988729134,9,1,0,9,7,7,1.0,0.9
M0201/img000976.jpg,M0201,976,1382,F1280,12,31.328400000347756,7,5,0,9,7,5,0.7142857142857143,0.5833333333333334
M0201/img000976.jpg,M0201,976,1382,DensK1,14,38.8323999941349,9,5,0,9,7,7,1.0,0.6428571428571429
M0201/img000976.jpg,M0201,976,1382,UnifAll,15,42.99650000757538,9,6,0,9,7,7,1.0,0.6
M0201/img000976.jpg,M0201,976,1382,SAHI640,14,151.89419999660458,8,6,0,9,7,7,1.0,0.5714285714285714
M0201/img000977.jpg,M0201,977,1383,F640,9,19.562200002837926,8,1,0,9,7,7,1.0,0.8888888888888888
M0201/img000977.jpg,M0201,977,1383,F1280,11,24.181300002965145,8,3,0,9,7,6,0.8571428571428571,0.7272727272727273
M0201/img000977.jpg,M0201,977,1383,DensK1,13,30.178600005456246,9,4,0,9,7,7,1.0,0.6923076923076923
M0201/img000977.jpg,M0201,977,1383,UnifAll,14,57.3393000086071,9,5,0,9,7,7,1.0,0.6428571428571429
M0201/img000977.jpg,M0201,977,1383,SAHI640,13,211.11060000839643,7,6,0,9,7,6,0.8571428571428571,0.5384615384615384
M0201/img000978.jpg,M0201,978,1384,F640,11,14.851299987640232,8,3,0,8,7,7,1.0,0.7272727272727273
M0201/img000978.jpg,M0201,978,1384,F1280,12,23.237800007336773,7,5,0,8,7,6,0.8571428571428571,0.5833333333333334
M0201/img000978.jpg,M0201,978,1384,DensK1,11,28.17930000310298,7,4,0,8,7,6,0.8571428571428571,0.6363636363636364
M0201/img000978.jpg,M0201,978,1384,UnifAll,12,42.71809999772813,7,5,0,8,7,6,0.8571428571428571,0.5833333333333334
M0201/img000978.jpg,M0201,978,1384,SAHI640,12,153.5442000022158,8,4,0,8,7,7,1.0,0.6666666666666666
M0201/img000979.jpg,M0201,979,1385,F640,10,16.317500005243346,8,2,0,8,7,7,1.0,0.8
M0201/img000979.jpg,M0201,979,1385,F1280,12,27.643599998555146,6,6,0,8,7,5,0.7142857142857143,0.5
M0201/img000979.jpg,M0201,979,1385,DensK1,13,34.91550000035204,7,6,0,8,7,6,0.8571428571428571,0.5384615384615384
M0201/img000979.jpg,M0201,979,1385,UnifAll,13,55.18100000335835,7,6,0,8,7,6,0.8571428571428571,0.5384615384615384
M0201/img000979.jpg,M0201,979,1385,SAHI640,10,186.046399991028,8,2,0,8,7,7,1.0,0.8
M0201/img000980.jpg,M0201,980,1386,F640,12,15.144999997573905,8,4,0,8,7,7,1.0,0.6666666666666666
M0201/img000980.jpg,M0201,980,1386,F1280,11,36.03799999109469,5,6,0,8,7,4,0.5714285714285714,0.45454545454545453
M0201/img000980.jpg,M0201,980,1386,DensK1,12,39.34449999360368,7,5,0,8,7,6,0.8571428571428571,0.5833333333333334
M0201/img000980.jpg,M0201,980,1386,UnifAll,12,54.28070000198204,7,5,0,8,7,6,0.8571428571428571,0.5833333333333334
M0201/img000980.jpg,M0201,980,1386,SAHI640,12,154.6955999947386,8,4,0,8,7,7,1.0,0.6666666666666666
M0201/img000981.jpg,M0201,981,1387,F640,9,15.91030000417959,8,1,0,8,7,7,1.0,0.8888888888888888
M0201/img000981.jpg,M0201,981,1387,F1280,10,27.618199994321913,6,4,0,8,7,5,0.7142857142857143,0.6
M0201/img000981.jpg,M0201,981,1387,DensK1,13,34.79450001032092,7,6,0,8,7,6,0.8571428571428571,0.5384615384615384
M0201/img000981.jpg,M0201,981,1387,UnifAll,13,55.49239998799749,7,6,0,8,7,6,0.8571428571428571,0.5384615384615384
M0201/img000981.jpg,M0201,981,1387,SAHI640,12,191.15730001067277,8,4,0,8,7,7,1.0,0.6666666666666666
M0201/img000982.jpg,M0201,982,1388,F640,9,14.04710000497289,7,2,0,8,7,6,0.8571428571428571,0.7777777777777778
M0201/img000982.jpg,M0201,982,1388,F1280,8,30.43640000396408,6,2,0,8,7,5,0.7142857142857143,0.75
M0201/img000982.jpg,M0201,982,1388,DensK1,9,32.198800006881356,6,3,0,8,7,5,0.7142857142857143,0.6666666666666666
M0201/img000982.jpg,M0201,982,1388,UnifAll,9,41.60710000724066,6,3,0,8,7,5,0.7142857142857143,0.6666666666666666
M0201/img000982.jpg,M0201,982,1388,SAHI640,9,155.2413999888813,7,2,0,8,7,6,0.8571428571428571,0.7777777777777778
M0201/img000983.jpg,M0201,983,1389,F640,10,16.285299992887303,8,2,0,8,7,7,1.0,0.8
M0201/img000983.jpg,M0201,983,1389,F1280,9,35.19640000013169,6,3,0,8,7,5,0.7142857142857143,0.6666666666666666
M0201/img000983.jpg,M0201,983,1389,DensK1,9,31.49590000975877,6,3,0,8,7,5,0.7142857142857143,0.6666666666666666
M0201/img000983.jpg,M0201,983,1389,UnifAll,10,56.91179999848828,6,4,0,8,7,5,0.7142857142857143,0.6
M0201/img000983.jpg,M0201,983,1389,SAHI640,12,187.61920000542887,8,4,0,8,7,7,1.0,0.6666666666666666
M0201/img000984.jpg,M0201,984,1390,F640,8,20.27950000774581,8,0,0,8,7,7,1.0,1.0
M0201/img000984.jpg,M0201,984,1390,F1280,8,23.87970000563655,6,2,0,8,7,5,0.7142857142857143,0.75
M0201/img000984.jpg,M0201,984,1390,DensK1,9,30.2123000001302,6,3,0,8,7,5,0.7142857142857143,0.6666666666666666
M0201/img000984.jpg,M0201,984,1390,UnifAll,10,57.264900009613484,6,4,0,8,7,5,0.7142857142857143,0.6
M0201/img000984.jpg,M0201,984,1390,SAHI640,12,180.3215999971144,8,4,0,8,7,7,1.0,0.6666666666666666
M0201/img000985.jpg,M0201,985,1391,F640,9,22.70940000016708,7,2,0,8,7,6,0.8571428571428571,0.7777777777777778
M0201/img000985.jpg,M0201,985,1391,F1280,7,28.903500002343208,5,2,0,8,7,4,0.5714285714285714,0.7142857142857143
M0201/img000985.jpg,M0201,985,1391,DensK1,10,51.98410000593867,7,3,0,8,7,6,0.8571428571428571,0.7
M0201/img000985.jpg,M0201,985,1391,UnifAll,11,91.58140000363346,7,4,0,8,7,6,0.8571428571428571,0.6363636363636364
M0201/img000985.jpg,M0201,985,1391,SAHI640,10,186.32609999622218,8,2,0,8,7,7,1.0,0.8
M0201/img000986.jpg,M0201,986,1392,F640,10,14.208499997039326,8,2,0,8,7,7,1.0,0.8
M0201/img000986.jpg,M0201,986,1392,F1280,8,22.840099991299212,6,2,0,8,7,5,0.7142857142857143,0.75
M0201/img000986.jpg,M0201,986,1392,DensK1,10,31.28330000618007,7,3,0,8,7,6,0.8571428571428571,0.7
M0201/img000986.jpg,M0201,986,1392,UnifAll,11,54.771299997810274,7,4,0,8,7,6,0.8571428571428571,0.6363636363636364
M0201/img000986.jpg,M0201,986,1392,SAHI640,10,166.99320000770967,8,2,0,8,7,7,1.0,0.8
M0201/img000987.jpg,M0201,987,1393,F640,10,14.232400004402734,7,3,0,8,7,6,0.8571428571428571,0.7
M0201/img000987.jpg,M0201,987,1393,F1280,9,23.756099995807745,6,3,0,8,7,5,0.7142857142857143,0.6666666666666666
M0201/img000987.jpg,M0201,987,1393,DensK1,10,55.482499999925494,7,3,0,8,7,6,0.8571428571428571,0.7
M0201/img000987.jpg,M0201,987,1393,UnifAll,10,63.42639999638777,7,3,0,8,7,6,0.8571428571428571,0.7
M0201/img000987.jpg,M0201,987,1393,SAHI640,10,150.53959999931976,8,2,0,8,7,7,1.0,0.8
M0201/img000988.jpg,M0201,988,1394,F640,8,14.114100005826913,7,1,0,8,7,6,0.8571428571428571,0.875
M0201/img000988.jpg,M0201,988,1394,F1280,9,23.252300001331605,6,3,0,8,7,5,0.7142857142857143,0.6666666666666666
M0201/img000988.jpg,M0201,988,1394,DensK1,8,28.0001000064658,6,2,0,8,7,5,0.7142857142857143,0.75
M0201/img000988.jpg,M0201,988,1394,UnifAll,8,70.77029999345541,6,2,0,8,7,5,0.7142857142857143,0.75
M0201/img000988.jpg,M0201,988,1394,SAHI640,10,143.17830000072718,8,2,0,8,7,7,1.0,0.8
M0201/img000989.jpg,M0201,989,1395,F640,10,14.704000001074746,8,2,0,8,7,7,1.0,0.8
M0201/img000989.jpg,M0201,989,1395,F1280,11,30.25569999590516,6,5,0,8,7,5,0.7142857142857143,0.5454545454545454
M0201/img000989.jpg,M0201,989,1395,DensK1,12,28.249599999981,6,6,0,8,7,5,0.7142857142857143,0.5
M0201/img000989.jpg,M0201,989,1395,UnifAll,12,41.597699993872084,6,6,0,8,7,5,0.7142857142857143,0.5
M0201/img000989.jpg,M0201,989,1395,SAHI640,12,207.28180000151042,8,4,0,8,7,7,1.0,0.6666666666666666
M0201/img000990.jpg,M0201,990,1396,F640,8,33.05690000706818,8,0,0,8,7,7,1.0,1.0
M0201/img000990.jpg,M0201,990,1396,F1280,10,30.663700003060512,7,3,0,8,7,6,0.8571428571428571,0.7
M0201/img000990.jpg,M0201,990,1396,DensK1,9,50.64200000197161,7,2,0,8,7,6,0.8571428571428571,0.7777777777777778
M0201/img000990.jpg,M0201,990,1396,UnifAll,9,46.02779999549966,7,2,0,8,7,6,0.8571428571428571,0.7777777777777778
M0201/img000990.jpg,M0201,990,1396,SAHI640,9,209.64279999316204,8,1,0,8,7,7,1.0,0.8888888888888888
M0201/img000991.jpg,M0201,991,1397,F640,9,13.997200003359467,8,1,0,8,7,7,1.0,0.8888888888888888
M0201/img000991.jpg,M0201,991,1397,F1280,9,23.114800002076663,7,2,0,8,7,6,0.8571428571428571,0.7777777777777778
M0201/img000991.jpg,M0201,991,1397,DensK1,10,28.577300006872974,6,4,0,8,7,5,0.7142857142857143,0.6
M0201/img000991.jpg,M0201,991,1397,UnifAll,10,43.317000003298745,6,4,0,8,7,5,0.7142857142857143,0.6
M0201/img000991.jpg,M0201,991,1397,SAHI640,10,203.34870000078809,8,2,0,8,7,7,1.0,0.8
M0201/img000992.jpg,M0201,992,1398,F640,10,21.81199999176897,8,2,0,8,7,7,1.0,0.8
M0201/img000992.jpg,M0201,992,1398,F1280,9,27.084200002718717,7,2,0,8,7,6,0.8571428571428571,0.7777777777777778
M0201/img000992.jpg,M0201,992,1398,DensK1,10,44.90639999858104,7,3,0,8,7,6,0.8571428571428571,0.7
M0201/img000992.jpg,M0201,992,1398,UnifAll,10,42.52950000227429,7,3,0,8,7,6,0.8571428571428571,0.7
M0201/img000992.jpg,M0201,992,1398,SAHI640,10,186.0659000085434,8,2,0,8,7,7,1.0,0.8
M0201/img000993.jpg,M0201,993,1399,F640,9,14.772900001844391,8,1,0,8,7,7,1.0,0.8888888888888888
M0201/img000993.jpg,M0201,993,1399,F1280,10,24.09149998857174,6,4,0,8,7,5,0.7142857142857143,0.6
M0201/img000993.jpg,M0201,993,1399,DensK1,9,32.463499999721535,6,3,0,8,7,5,0.7142857142857143,0.6666666666666666
M0201/img000993.jpg,M0201,993,1399,UnifAll,9,67.09479998971801,6,3,0,8,7,5,0.7142857142857143,0.6666666666666666
M0201/img000993.jpg,M0201,993,1399,SAHI640,11,175.8669000118971,8,3,0,8,7,7,1.0,0.7272727272727273
M0201/img000994.jpg,M0201,994,1400,F640,10,13.658700001542456,8,2,0,8,7,7,1.0,0.8
M0201/img000994.jpg,M0201,994,1400,F1280,9,37.888499995460734,6,3,0,8,7,5,0.7142857142857143,0.6666666666666666
M0201/img000994.jpg,M0201,994,1400,DensK1,11,60.99240000185091,7,4,0,8,7,6,0.8571428571428571,0.6363636363636364
M0201/img000994.jpg,M0201,994,1400,UnifAll,11,56.440200001816265,7,4,0,8,7,6,0.8571428571428571,0.6363636363636364
M0201/img000994.jpg,M0201,994,1400,SAHI640,10,188.3044999995036,8,2,0,8,7,7,1.0,0.8
M0201/img000995.jpg,M0201,995,1401,F640,9,15.934800001559779,8,1,0,8,7,7,1.0,0.8888888888888888
M0201/img000995.jpg,M0201,995,1401,F1280,10,34.56440000445582,7,3,0,8,7,6,0.8571428571428571,0.7
M0201/img000995.jpg,M0201,995,1401,DensK1,10,49.124899989692494,7,3,0,8,7,6,0.8571428571428571,0.7
M0201/img000995.jpg,M0201,995,1401,UnifAll,10,40.53540001041256,7,3,0,8,7,6,0.8571428571428571,0.7
M0201/img000995.jpg,M0201,995,1401,SAHI640,12,167.80099998868536,8,4,0,8,7,7,1.0,0.6666666666666666
M0201/img000996.jpg,M0201,996,1402,F640,9,13.6285000044154,8,1,0,8,7,7,1.0,0.8888888888888888
M0201/img000996.jpg,M0201,996,1402,F1280,9,30.21240000089165,7,2,0,8,7,6,0.8571428571428571,0.7777777777777778
M0201/img000996.jpg,M0201,996,1402,DensK1,9,32.24159999808762,6,3,0,8,7,5,0.7142857142857143,0.6666666666666666
M0201/img000996.jpg,M0201,996,1402,UnifAll,10,45.296399999642745,6,4,0,8,7,5,0.7142857142857143,0.6
M0201/img000996.jpg,M0201,996,1402,SAHI640,9,154.13289998832624,8,1,0,8,7,7,1.0,0.8888888888888888
M0201/img000997.jpg,M0201,997,1403,F640,9,20.13730000180658,8,1,0,8,7,7,1.0,0.8888888888888888
M0201/img000997.jpg,M0201,997,1403,F1280,9,33.085100003518164,7,2,0,8,7,6,0.8571428571428571,0.7777777777777778
M0201/img000997.jpg,M0201,997,1403,DensK1,11,39.6407999942312,6,5,0,8,7,5,0.7142857142857143,0.5454545454545454
M0201/img000997.jpg,M0201,997,1403,UnifAll,11,55.57599999883678,6,5,0,8,7,5,0.7142857142857143,0.5454545454545454
M0201/img000997.jpg,M0201,997,1403,SAHI640,9,192.49230000423267,8,1,0,8,7,7,1.0,0.8888888888888888
M0201/img000998.jpg,M0201,998,1404,F640,10,18.290399995748885,8,2,0,8,7,7,1.0,0.8
M0201/img000998.jpg,M0201,998,1404,F1280,9,34.99539999756962,7,2,0,8,7,6,0.8571428571428571,0.7777777777777778
M0201/img000998.jpg,M0201,998,1404,DensK1,10,33.089400007156655,6,4,0,8,7,5,0.7142857142857143,0.6
M0201/img000998.jpg,M0201,998,1404,UnifAll,10,50.026999990222976,6,4,0,8,7,5,0.7142857142857143,0.6
M0201/img000998.jpg,M0201,998,1404,SAHI640,10,167.6344000006793,8,2,0,8,7,7,1.0,0.8
M0201/img000999.jpg,M0201,999,1405,F640,9,13.542900007450953,7,2,0,8,7,6,0.8571428571428571,0.7777777777777778
M0201/img000999.jpg,M0201,999,1405,F1280,9,26.063899989821948,7,2,0,8,7,6,0.8571428571428571,0.7777777777777778
M0201/img000999.jpg,M0201,999,1405,DensK1,9,29.249500003061257,6,3,0,8,7,5,0.7142857142857143,0.6666666666666666
M0201/img000999.jpg,M0201,999,1405,UnifAll,9,42.74299999815412,6,3,0,8,7,5,0.7142857142857143,0.6666666666666666
M0201/img000999.jpg,M0201,999,1405,SAHI640,9,154.64519998931792,8,1,0,8,7,7,1.0,0.8888888888888888
M0201/img001000.jpg,M0201,1000,1406,F640,8,13.925000006565824,7,1,0,8,7,6,0.8571428571428571,0.875
M0201/img001000.jpg,M0201,1000,1406,F1280,10,31.940000000759028,7,3,0,8,7,6,0.8571428571428571,0.7
M0201/img001000.jpg,M0201,1000,1406,DensK1,8,28.294799994910136,7,1,0,8,7,6,0.8571428571428571,0.875
M0201/img001000.jpg,M0201,1000,1406,UnifAll,9,41.63449999759905,7,2,0,8,7,6,0.8571428571428571,0.7777777777777778
M0201/img001000.jpg,M0201,1000,1406,SAHI640,9,160.8732000022428,8,1,0,8,7,7,1.0,0.8888888888888888
M0201/img001001.jpg,M0201,1001,1407,F640,9,15.698000002885237,7,2,0,8,7,6,0.8571428571428571,0.7777777777777778
M0201/img001001.jpg,M0201,1001,1407,F1280,9,35.13800000655465,7,2,0,8,7,6,0.8571428571428571,0.7777777777777778
M0201/img001001.jpg,M0201,1001,1407,DensK1,9,30.742900009499863,7,2,0,8,7,6,0.8571428571428571,0.7777777777777778
M0201/img001001.jpg,M0201,1001,1407,UnifAll,10,45.91450000589248,7,3,0,8,7,6,0.8571428571428571,0.7
M0201/img001001.jpg,M0201,1001,1407,SAHI640,10,135.2074000024004,8,2,0,8,7,7,1.0,0.8
M0201/img001002.jpg,M0201,1002,1408,F640,9,13.952699999208562,8,1,0,8,7,7,1.0,0.8888888888888888
M0201/img001002.jpg,M0201,1002,1408,F1280,10,22.72619999712333,7,3,0,8,7,6,0.8571428571428571,0.7
M0201/img001002.jpg,M0201,1002,1408,DensK1,9,35.405799993895926,7,2,0,8,7,6,0.8571428571428571,0.7777777777777778
M0201/img001002.jpg,M0201,1002,1408,UnifAll,9,61.49810001079459,7,2,0,8,7,6,0.8571428571428571,0.7777777777777778
M0201/img001002.jpg,M0201,1002,1408,SAHI640,9,174.49720000149682,8,1,0,8,7,7,1.0,0.8888888888888888
M0201/img001003.jpg,M0201,1003,1409,F640,9,18.339800008106977,8,1,0,8,7,7,1.0,0.8888888888888888
M0201/img001003.jpg,M0201,1003,1409,F1280,9,24.282900005346164,7,2,0,8,7,6,0.8571428571428571,0.7777777777777778
M0201/img001003.jpg,M0201,1003,1409,DensK1,9,37.96520001196768,6,3,0,8,7,5,0.7142857142857143,0.6666666666666666
M0201/img001003.jpg,M0201,1003,1409,UnifAll,9,64.79999999282882,6,3,0,8,7,5,0.7142857142857143,0.6666666666666666
M0201/img001003.jpg,M0201,1003,1409,SAHI640,9,166.50269999809097,8,1,0,8,7,7,1.0,0.8888888888888888
M0201/img001004.jpg,M0201,1004,1410,F640,10,18.874900008086115,7,3,0,8,7,6,0.8571428571428571,0.7
M0201/img001004.jpg,M0201,1004,1410,F1280,9,31.39319999900181,7,2,0,8,7,6,0.8571428571428571,0.7777777777777778
M0201/img001004.jpg,M0201,1004,1410,DensK1,10,39.10439999890514,7,3,0,8,7,6,0.8571428571428571,0.7
M0201/img001004.jpg,M0201,1004,1410,UnifAll,10,58.482599997660145,7,3,0,8,7,6,0.8571428571428571,0.7
M0201/img001004.jpg,M0201,1004,1410,SAHI640,10,153.92280000378378,8,2,0,8,7,7,1.0,0.8
M0201/img001005.jpg,M0201,1005,1411,F640,9,13.88619998760987,7,2,0,8,7,6,0.8571428571428571,0.7777777777777778
M0201/img001005.jpg,M0201,1005,1411,F1280,9,39.0629000030458,6,3,0,8,7,5,0.7142857142857143,0.6666666666666666
M0201/img001005.jpg,M0201,1005,1411,DensK1,9,33.02250000706408,6,3,0,8,7,5,0.7142857142857143,0.6666666666666666
M0201/img001005.jpg,M0201,1005,1411,UnifAll,10,47.312199996667914,6,4,0,8,7,5,0.7142857142857143,0.6
M0201/img001005.jpg,M0201,1005,1411,SAHI640,9,147.56409999972675,7,2,0,8,7,6,0.8571428571428571,0.7777777777777778
M0201/img001006.jpg,M0201,1006,1412,F640,9,14.44479999190662,7,2,0,8,7,6,0.8571428571428571,0.7777777777777778
M0201/img001006.jpg,M0201,1006,1412,F1280,9,23.64280000620056,7,2,0,8,7,6,0.8571428571428571,0.7777777777777778
M0201/img001006.jpg,M0201,1006,1412,DensK1,9,30.583300002035685,6,3,0,8,7,5,0.7142857142857143,0.6666666666666666
M0201/img001006.jpg,M0201,1006,1412,UnifAll,10,56.59309998736717,6,4,0,8,7,5,0.7142857142857143,0.6
M0201/img001006.jpg,M0201,1006,1412,SAHI640,9,153.06309999141376,8,1,0,8,7,7,1.0,0.8888888888888888
M0201/img001007.jpg,M0201,1007,1413,F640,10,13.938000003690831,6,4,0,8,7,5,0.7142857142857143,0.6
M0201/img001007.jpg,M0201,1007,1413,F1280,9,23.101599988876842,6,3,0,8,7,5,0.7142857142857143,0.6666666666666666
M0201/img001007.jpg,M0201,1007,1413,DensK1,10,29.064200003631413,6,4,0,8,7,5,0.7142857142857143,0.6
M0201/img001007.jpg,M0201,1007,1413,UnifAll,10,51.90799999400042,6,4,0,8,7,5,0.7142857142857143,0.6
M0201/img001007.jpg,M0201,1007,1413,SAHI640,9,237.92800000228453,8,1,0,8,7,7,1.0,0.8888888888888888
M0201/img001008.jpg,M0201,1008,1414,F640,9,25.523400006932206,8,1,0,8,7,7,1.0,0.8888888888888888
M0201/img001008.jpg,M0201,1008,1414,F1280,10,31.29810000245925,7,3,0,8,7,6,0.8571428571428571,0.7
M0201/img001008.jpg,M0201,1008,1414,DensK1,10,55.706800005282275,7,3,0,8,7,6,0.8571428571428571,0.7
M0201/img001008.jpg,M0201,1008,1414,UnifAll,10,65.58139999106061,7,3,0,8,7,6,0.8571428571428571,0.7
M0201/img001008.jpg,M0201,1008,1414,SAHI640,9,187.91390000842512,8,1,0,8,7,7,1.0,0.8888888888888888
M0201/img001009.jpg,M0201,1009,1415,F640,10,23.412599999574013,8,2,0,8,7,7,1.0,0.8
M0201/img001009.jpg,M0201,1009,1415,F1280,9,37.96050000528339,7,2,0,8,7,6,0.8571428571428571,0.7777777777777778
M0201/img001009.jpg,M0201,1009,1415,DensK1,11,51.656900002853945,7,4,0,8,7,6,0.8571428571428571,0.6363636363636364
M0201/img001009.jpg,M0201,1009,1415,UnifAll,12,71.4212999882875,7,5,0,8,7,6,0.8571428571428571,0.5833333333333334
M0201/img001009.jpg,M0201,1009,1415,SAHI640,10,169.82600001210812,8,2,0,8,7,7,1.0,0.8
M0201/img001010.jpg,M0201,1010,1416,F640,9,31.29169999738224,7,2,0,8,7,6,0.8571428571428571,0.7777777777777778
M0201/img001010.jpg,M0201,1010,1416,F1280,10,40.324100002180785,6,4,0,8,7,5,0.7142857142857143,0.6
M0201/img001010.jpg,M0201,1010,1416,DensK1,10,55.82370000774972,7,3,0,8,7,6,0.8571428571428571,0.7
M0201/img001010.jpg,M0201,1010,1416,UnifAll,11,66.87700000475161,7,4,0,8,7,6,0.8571428571428571,0.6363636363636364
M0201/img001010.jpg,M0201,1010,1416,SAHI640,10,204.26359999692068,8,2,0,8,7,7,1.0,0.8
M0201/img001011.jpg,M0201,1011,1417,F640,9,14.859100003377534,8,1,0,8,7,7,1.0,0.8888888888888888
M0201/img001011.jpg,M0201,1011,1417,F1280,9,23.245300006237812,6,3,0,8,7,5,0.7142857142857143,0.6666666666666666
M0201/img001011.jpg,M0201,1011,1417,DensK1,11,31.572000007145107,7,4,0,8,7,6,0.8571428571428571,0.6363636363636364
M0201/img001011.jpg,M0201,1011,1417,UnifAll,11,41.51050001382828,7,4,0,8,7,6,0.8571428571428571,0.6363636363636364
M0201/img001011.jpg,M0201,1011,1417,SAHI640,11,177.9439999954775,7,4,0,8,7,6,0.8571428571428571,0.6363636363636364
M0201/img001012.jpg,M0201,1012,1418,F640,9,13.726099990890361,6,3,0,8,7,5,0.7142857142857143,0.6666666666666666
M0201/img001012.jpg,M0201,1012,1418,F1280,9,31.449799993424676,6,3,0,8,7,5,0.7142857142857143,0.6666666666666666
M0201/img001012.jpg,M0201,1012,1418,DensK1,12,30.668599996715784,6,6,0,8,7,5,0.7142857142857143,0.5
M0201/img001012.jpg,M0201,1012,1418,UnifAll,12,42.32519998913631,6,6,0,8,7,5,0.7142857142857143,0.5
M0201/img001012.jpg,M0201,1012,1418,SAHI640,13,147.99840000341646,7,6,0,8,7,6,0.8571428571428571,0.5384615384615384
M0201/img001013.jpg,M0201,1013,1419,F640,9,16.56160000129603,7,2,0,8,7,6,0.8571428571428571,0.7777777777777778
M0201/img001013.jpg,M0201,1013,1419,F1280,9,32.479800007422455,6,3,0,8,7,5,0.7142857142857143,0.6666666666666666
M0201/img001013.jpg,M0201,1013,1419,DensK1,12,29.525000005378388,6,6,0,8,7,5,0.7142857142857143,0.5
M0201/img001013.jpg,M0201,1013,1419,UnifAll,12,43.72030000376981,6,6,0,8,7,5,0.7142857142857143,0.5
M0201/img001013.jpg,M0201,1013,1419,SAHI640,11,134.0074000036111,8,3,0,8,7,7,1.0,0.7272727272727273
M0201/img001014.jpg,M0201,1014,1420,F640,10,20.796900003915653,8,2,0,8,7,7,1.0,0.8
M0201/img001014.jpg,M0201,1014,1420,F1280,9,36.44670000358019,6,3,0,8,7,5,0.7142857142857143,0.6666666666666666
M0201/img001014.jpg,M0201,1014,1420,DensK1,13,34.04159999627154,6,7,0,8,7,5,0.7142857142857143,0.46153846153846156
M0201/img001014.jpg,M0201,1014,1420,UnifAll,13,65.14520000200719,6,7,0,8,7,5,0.7142857142857143,0.46153846153846156
M0201/img001014.jpg,M0201,1014,1420,SAHI640,14,147.95299999241251,8,6,0,8,7,7,1.0,0.5714285714285714
M0201/img001015.jpg,M0201,1015,1421,F640,11,21.683599989046343,7,4,0,8,7,6,0.8571428571428571,0.6363636363636364
M0201/img001015.jpg,M0201,1015,1421,F1280,11,31.445900007383898,6,5,0,8,7,5,0.7142857142857143,0.5454545454545454
M0201/img001015.jpg,M0201,1015,1421,DensK1,14,28.675099994870834,6,8,0,8,7,5,0.7142857142857143,0.42857142857142855
M0201/img001015.jpg,M0201,1015,1421,UnifAll,14,42.34290000749752,6,8,0,8,7,5,0.7142857142857143,0.42857142857142855
M0201/img001015.jpg,M0201,1015,1421,SAHI640,15,170.02489999867976,8,7,0,8,7,7,1.0,0.5333333333333333
M0201/img001016.jpg,M0201,1016,1422,F640,10,21.80759998736903,7,3,0,8,7,6,0.8571428571428571,0.7
M0201/img001016.jpg,M0201,1016,1422,F1280,11,23.468300001695752,6,5,0,8,7,5,0.7142857142857143,0.5454545454545454
M0201/img001016.jpg,M0201,1016,1422,DensK1,13,28.795000005629845,6,7,0,8,7,5,0.7142857142857143,0.46153846153846156
M0201/img001016.jpg,M0201,1016,1422,UnifAll,14,50.149899994721636,6,8,0,8,7,5,0.7142857142857143,0.42857142857142855
M0201/img001016.jpg,M0201,1016,1422,SAHI640,13,151.53609999106266,8,5,0,8,7,7,1.0,0.6153846153846154
M0201/img001017.jpg,M0201,1017,1423,F640,9,21.691000001737848,7,2,0,8,7,6,0.8571428571428571,0.7777777777777778
M0201/img001017.jpg,M0201,1017,1423,F1280,10,24.970699989353307,6,4,0,8,7,5,0.7142857142857143,0.6
M0201/img001017.jpg,M0201,1017,1423,DensK1,11,45.43839998950716,6,5,0,8,7,5,0.7142857142857143,0.5454545454545454
M0201/img001017.jpg,M0201,1017,1423,UnifAll,12,61.13790000381414,6,6,0,8,7,5,0.7142857142857143,0.5
M0201/img001017.jpg,M0201,1017,1423,SAHI640,11,162.43819998635445,8,3,0,8,7,7,1.0,0.7272727272727273
M0201/img001018.jpg,M0201,1018,1424,F640,10,15.783300012117252,8,2,0,8,7,7,1.0,0.8
M0201/img001018.jpg,M0201,1018,1424,F1280,9,32.255300000542775,7,2,0,8,7,6,0.8571428571428571,0.7777777777777778
M0201/img001018.jpg,M0201,1018,1424,DensK1,13,35.889699996914715,7,6,0,8,7,6,0.8571428571428571,0.5384615384615384
M0201/img001018.jpg,M0201,1018,1424,UnifAll,13,54.19110000366345,7,6,0,8,7,6,0.8571428571428571,0.5384615384615384
M0201/img001018.jpg,M0201,1018,1424,SAHI640,14,213.93120000720955,8,6,0,8,7,7,1.0,0.5714285714285714
M0201/img001019.jpg,M0201,1019,1425,F640,11,19.217299995943904,8,3,0,8,7,7,1.0,0.7272727272727273
M0201/img001019.jpg,M0201,1019,1425,F1280,9,23.531999991973862,7,2,0,8,7,6,0.8571428571428571,0.7777777777777778
M0201/img001019.jpg,M0201,1019,1425,DensK1,14,36.736199996084906,7,7,0,8,7,6,0.8571428571428571,0.5
M0201/img001019.jpg,M0201,1019,1425,UnifAll,14,56.92360000102781,7,7,0,8,7,6,0.8571428571428571,0.5
M0201/img001019.jpg,M0201,1019,1425,SAHI640,14,176.3822000066284,8,6,0,8,7,7,1.0,0.5714285714285714
M0201/img001020.jpg,M0201,1020,1426,F640,11,18.23329999751877,8,3,0,8,7,7,1.0,0.7272727272727273
M0201/img001020.jpg,M0201,1020,1426,F1280,10,23.35619999212213,7,3,0,8,7,6,0.8571428571428571,0.7
M0201/img001020.jpg,M0201,1020,1426,DensK1,13,39.16909999679774,7,6,0,8,7,6,0.8571428571428571,0.5384615384615384
M0201/img001020.jpg,M0201,1020,1426,UnifAll,13,60.834499992779456,7,6,0,8,7,6,0.8571428571428571,0.5384615384615384
M0201/img001020.jpg,M0201,1020,1426,SAHI640,12,184.26110000291374,8,4,0,8,7,7,1.0,0.6666666666666666
M0201/img001021.jpg,M0201,1021,1427,F640,12,18.1262000114657,7,5,0,8,7,6,0.8571428571428571,0.5833333333333334
M0201/img001021.jpg,M0201,1021,1427,F1280,10,25.872500002151355,7,3,0,8,7,6,0.8571428571428571,0.7
M0201/img001021.jpg,M0201,1021,1427,DensK1,12,37.28590000537224,6,6,0,8,7,5,0.7142857142857143,0.5
M0201/img001021.jpg,M0201,1021,1427,UnifAll,12,50.05449999589473,6,6,0,8,7,5,0.7142857142857143,0.5
M0201/img001021.jpg,M0201,1021,1427,SAHI640,13,168.29070000676438,8,5,0,8,7,7,1.0,0.6153846153846154
M0201/img001022.jpg,M0201,1022,1428,F640,9,18.911899998784065,7,2,0,8,7,6,0.8571428571428571,0.7777777777777778
M0201/img001022.jpg,M0201,1022,1428,F1280,10,25.465900005656295,6,4,0,8,7,5,0.7142857142857143,0.6
M0201/img001022.jpg,M0201,1022,1428,DensK1,11,31.425799999851733,6,5,0,8,7,5,0.7142857142857143,0.5454545454545454
M0201/img001022.jpg,M0201,1022,1428,UnifAll,11,40.15999998955522,6,5,0,8,7,5,0.7142857142857143,0.5454545454545454
M0201/img001022.jpg,M0201,1022,1428,SAHI640,12,185.27370000083465,7,5,0,8,7,6,0.8571428571428571,0.5833333333333334
M0201/img001023.jpg,M0201,1023,1429,F640,11,19.28849999967497,7,4,0,8,7,6,0.8571428571428571,0.6363636363636364
M0201/img001023.jpg,M0201,1023,1429,F1280,9,24.01829999871552,6,3,0,8,7,5,0.7142857142857143,0.6666666666666666
M0201/img001023.jpg,M0201,1023,1429,DensK1,11,36.9351999979699,6,5,0,8,7,5,0.7142857142857143,0.5454545454545454
M0201/img001023.jpg,M0201,1023,1429,UnifAll,12,56.752799995592795,6,6,0,8,7,5,0.7142857142857143,0.5
M0201/img001023.jpg,M0201,1023,1429,SAHI640,13,187.5197999906959,8,5,0,8,7,7,1.0,0.6153846153846154
M0201/img001024.jpg,M0201,1024,1430,F640,10,13.854999997420236,6,4,0,8,7,5,0.7142857142857143,0.6
M0201/img001024.jpg,M0201,1024,1430,F1280,12,22.830199988675304,6,6,0,8,7,5,0.7142857142857143,0.5
M0201/img001024.jpg,M0201,1024,1430,DensK1,11,28.98020000429824,6,5,0,8,7,5,0.7142857142857143,0.5454545454545454
M0201/img001024.jpg,M0201,1024,1430,UnifAll,11,57.97039999742992,6,5,0,8,7,5,0.7142857142857143,0.5454545454545454
M0201/img001024.jpg,M0201,1024,1430,SAHI640,13,187.68239999189973,7,6,0,8,7,6,0.8571428571428571,0.5384615384615384
M0201/img001025.jpg,M0201,1025,1431,F640,10,17.639700003201142,5,5,0,8,7,4,0.5714285714285714,0.5
M0201/img001025.jpg,M0201,1025,1431,F1280,10,24.118000001180917,4,6,0,8,7,3,0.42857142857142855,0.4
M0201/img001025.jpg,M0201,1025,1431,DensK1,12,35.650399993755855,4,8,0,8,7,3,0.42857142857142855,0.3333333333333333
M0201/img001025.jpg,M0201,1025,1431,UnifAll,12,51.63440000615083,4,8,0,8,7,3,0.42857142857142855,0.3333333333333333
M0201/img001025.jpg,M0201,1025,1431,SAHI640,11,172.6444999949308,6,5,0,8,7,5,0.7142857142857143,0.5454545454545454
M0201/img001026.jpg,M0201,1026,1432,F640,12,16.758600002503954,5,7,0,8,7,4,0.5714285714285714,0.4166666666666667
M0201/img001026.jpg,M0201,1026,1432,F1280,10,27.011700003640726,4,6,0,8,7,3,0.42857142857142855,0.4
M0201/img001026.jpg,M0201,1026,1432,DensK1,13,39.661899994825944,5,8,0,8,7,4,0.5714285714285714,0.38461538461538464
M0201/img001026.jpg,M0201,1026,1432,UnifAll,13,58.17439999373164,5,8,0,8,7,4,0.5714285714285714,0.38461538461538464
M0201/img001026.jpg,M0201,1026,1432,SAHI640,12,182.5130000070203,6,6,0,8,7,5,0.7142857142857143,0.5
M0201/img001027.jpg,M0201,1027,1433,F640,8,13.956900002085604,4,4,0,8,7,3,0.42857142857142855,0.5
M0201/img001027.jpg,M0201,1027,1433,F1280,9,22.903400007635355,2,7,0,8,7,1,0.14285714285714285,0.2222222222222222
M0201/img001027.jpg,M0201,1027,1433,DensK1,10,29.20629999425728,2,8,0,8,7,2,0.2857142857142857,0.2
M0201/img001027.jpg,M0201,1027,1433,UnifAll,10,44.180900003993884,2,8,0,8,7,2,0.2857142857142857,0.2
M0201/img001027.jpg,M0201,1027,1433,SAHI640,11,162.90609999850858,4,7,0,8,7,3,0.42857142857142855,0.36363636363636365
M0201/img001028.jpg,M0201,1028,1434,F640,10,16.723900000215508,6,4,0,9,8,5,0.625,0.6
M0201/img001028.jpg,M0201,1028,1434,F1280,10,30.36689999862574,6,4,0,9,8,5,0.625,0.6
M0201/img001028.jpg,M0201,1028,1434,DensK1,13,42.47909999685362,5,8,0,9,8,4,0.5,0.38461538461538464
M0201/img001028.jpg,M0201,1028,1434,UnifAll,13,81.73860001261346,5,8,0,9,8,4,0.5,0.38461538461538464
M0201/img001028.jpg,M0201,1028,1434,SAHI640,12,201.9272000034107,7,5,0,9,8,6,0.75,0.5833333333333334
M0201/img001029.jpg,M0201,1029,1435,F640,11,14.615499996580184,7,4,0,9,8,6,0.75,0.6363636363636364
M0201/img001029.jpg,M0201,1029,1435,F1280,11,24.74810001149308,6,5,0,9,8,5,0.625,0.5454545454545454
M0201/img001029.jpg,M0201,1029,1435,DensK1,11,29.641400004038587,7,4,0,9,8,6,0.75,0.6363636363636364
M0201/img001029.jpg,M0201,1029,1435,UnifAll,11,52.60700000508223,7,4,0,9,8,6,0.75,0.6363636363636364
M0201/img001029.jpg,M0201,1029,1435,SAHI640,12,145.08330001262948,8,4,0,9,8,7,0.875,0.6666666666666666
M0201/img001030.jpg,M0201,1030,1436,F640,11,14.088199997786433,7,4,0,9,7,5,0.7142857142857143,0.6363636363636364
M0201/img001030.jpg,M0201,1030,1436,F1280,9,30.293799994979054,5,4,0,9,7,4,0.5714285714285714,0.5555555555555556
M0201/img001030.jpg,M0201,1030,1436,DensK1,12,45.39489999297075,7,5,0,9,7,5,0.7142857142857143,0.5833333333333334
M0201/img001030.jpg,M0201,1030,1436,UnifAll,12,64.62600000668317,7,5,0,9,7,5,0.7142857142857143,0.5833333333333334
M0201/img001030.jpg,M0201,1030,1436,SAHI640,11,330.73650000733323,8,3,0,9,7,6,0.8571428571428571,0.7272727272727273
M0201/img001031.jpg,M0201,1031,1437,F640,10,14.164400010486133,8,2,0,9,7,6,0.8571428571428571,0.8
M0201/img001031.jpg,M0201,1031,1437,F1280,11,35.41219999897294,8,3,0,9,7,6,0.8571428571428571,0.7272727272727273
M0201/img001031.jpg,M0201,1031,1437,DensK1,11,32.77739998884499,7,4,0,9,7,5,0.7142857142857143,0.6363636363636364
M0201/img001031.jpg,M0201,1031,1437,UnifAll,12,52.72930000501219,7,5,0,9,7,5,0.7142857142857143,0.5833333333333334
M0201/img001031.jpg,M0201,1031,1437,SAHI640,11,137.85009999992326,8,3,0,9,7,6,0.8571428571428571,0.7272727272727273
M0201/img001032.jpg,M0201,1032,1438,F640,10,23.30880000954494,10,0,0,10,8,8,1.0,1.0
M0201/img001032.jpg,M0201,1032,1438,F1280,11,25.818800000706688,8,3,0,10,8,6,0.75,0.7272727272727273
M0201/img001032.jpg,M0201,1032,1438,DensK1,11,35.32120000454597,8,3,0,10,8,6,0.75,0.7272727272727273
M0201/img001032.jpg,M0201,1032,1438,UnifAll,11,66.22190000780392,8,3,0,10,8,6,0.75,0.7272727272727273
M0201/img001032.jpg,M0201,1032,1438,SAHI640,13,212.05600000394043,9,4,0,10,8,7,0.875,0.6923076923076923
M0201/img001033.jpg,M0201,1033,1439,F640,10,14.868500002194196,9,1,0,10,8,7,0.875,0.9
M0201/img001033.jpg,M0201,1033,1439,F1280,12,28.678300004685298,8,4,0,10,8,6,0.75,0.6666666666666666
M0201/img001033.jpg,M0201,1033,1439,DensK1,14,29.446300002746284,8,6,0,10,8,6,0.75,0.5714285714285714
M0201/img001033.jpg,M0201,1033,1439,UnifAll,14,41.30060000170488,8,6,0,10,8,6,0.75,0.5714285714285714
M0201/img001033.jpg,M0201,1033,1439,SAHI640,14,149.27900000475347,10,4,0,10,8,8,1.0,0.7142857142857143
M0201/img001034.jpg,M0201,1034,1440,F640,10,21.945200001937337,9,1,0,10,8,7,0.875,0.9
M0201/img001034.jpg,M0201,1034,1440,F1280,11,23.51299999281764,8,3,0,10,8,6,0.75,0.7272727272727273
M0201/img001034.jpg,M0201,1034,1440,DensK1,11,28.815199999371544,7,4,0,10,8,5,0.625,0.6363636363636364
M0201/img001034.jpg,M0201,1034,1440,UnifAll,11,43.48330000357237,7,4,0,10,8,5,0.625,0.6363636363636364
M0201/img001034.jpg,M0201,1034,1440,SAHI640,12,198.4340000053635,10,2,0,10,8,8,1.0,0.8333333333333334
M0201/img001035.jpg,M0201,1035,1441,F640,9,24.55000000190921,8,1,0,10,8,6,0.75,0.8888888888888888
M0201/img001035.jpg,M0201,1035,1441,F1280,10,25.96379999886267,9,1,0,10,8,7,0.875,0.9
M0201/img001035.jpg,M0201,1035,1441,DensK1,14,30.075699993176386,9,5,0,10,8,7,0.875,0.6428571428571429
M0201/img001035.jpg,M0201,1035,1441,UnifAll,14,41.662200004793704,9,5,0,10,8,7,0.875,0.6428571428571429
M0201/img001035.jpg,M0201,1035,1441,SAHI640,11,196.88569998834282,10,1,0,10,8,8,1.0,0.9090909090909091
M0201/img001036.jpg,M0201,1036,1442,F640,10,24.61550000589341,8,2,0,10,8,6,0.75,0.8
M0201/img001036.jpg,M0201,1036,1442,F1280,10,26.857300006668083,8,2,0,10,8,6,0.75,0.8
M0201/img001036.jpg,M0201,1036,1442,DensK1,12,28.390799998305738,7,5,0,10,8,5,0.625,0.5833333333333334
M0201/img001036.jpg,M0201,1036,1442,UnifAll,12,45.095499997842126,7,5,0,10,8,5,0.625,0.5833333333333334
M0201/img001036.jpg,M0201,1036,1442,SAHI640,13,189.6995999995852,10,3,0,10,8,8,1.0,0.7692307692307693
M0201/img001037.jpg,M0201,1037,1443,F640,9,16.442199994344264,8,1,0,10,8,6,0.75,0.8888888888888888
M0201/img001037.jpg,M0201,1037,1443,F1280,10,34.41039999597706,8,2,0,10,8,6,0.75,0.8
M0201/img001037.jpg,M0201,1037,1443,DensK1,10,51.95829999865964,8,2,0,10,8,6,0.75,0.8
M0201/img001037.jpg,M0201,1037,1443,UnifAll,10,72.96229999337811,8,2,0,10,8,6,0.75,0.8
M0201/img001037.jpg,M0201,1037,1443,SAHI640,11,219.60609999950975,10,1,0,10,8,8,1.0,0.9090909090909091
M0201/img001038.jpg,M0201,1038,1444,F640,9,13.88779999979306,8,1,0,10,8,6,0.75,0.8888888888888888
M0201/img001038.jpg,M0201,1038,1444,F1280,11,23.620399995706975,8,3,0,10,8,6,0.75,0.7272727272727273
M0201/img001038.jpg,M0201,1038,1444,DensK1,14,29.26709999155719,8,6,0,10,8,6,0.75,0.5714285714285714
M0201/img001038.jpg,M0201,1038,1444,UnifAll,14,43.29000000143424,8,6,0,10,8,6,0.75,0.5714285714285714
M0201/img001038.jpg,M0201,1038,1444,SAHI640,13,181.75950000295416,10,3,0,10,8,8,1.0,0.7692307692307693
M0201/img001039.jpg,M0201,1039,1445,F640,9,15.440299990586936,7,2,0,10,8,5,0.625,0.7777777777777778
M0201/img001039.jpg,M0201,1039,1445,F1280,10,27.518200004124083,8,2,0,10,8,6,0.75,0.8
M0201/img001039.jpg,M0201,1039,1445,DensK1,11,31.34940000018105,8,3,0,10,8,6,0.75,0.7272727272727273
M0201/img001039.jpg,M0201,1039,1445,UnifAll,11,58.838299999479204,8,3,0,10,8,6,0.75,0.7272727272727273
M0201/img001039.jpg,M0201,1039,1445,SAHI640,11,150.40039998712018,10,1,0,10,8,8,1.0,0.9090909090909091
M0201/img001040.jpg,M0201,1040,1446,F640,9,22.802299994509667,8,1,0,10,8,6,0.75,0.8888888888888888
M0201/img001040.jpg,M0201,1040,1446,F1280,10,37.00430000026245,8,2,0,10,8,6,0.75,0.8
M0201/img001040.jpg,M0201,1040,1446,DensK1,11,42.02379999333061,7,4,0,10,8,5,0.625,0.6363636363636364
M0201/img001040.jpg,M0201,1040,1446,UnifAll,11,48.34609999670647,7,4,0,10,8,5,0.625,0.6363636363636364
M0201/img001040.jpg,M0201,1040,1446,SAHI640,11,155.0305999990087,10,1,0,10,8,8,1.0,0.9090909090909091
M0201/img001041.jpg,M0201,1041,1447,F640,10,14.321499998914078,9,1,0,10,8,7,0.875,0.9
M0201/img001041.jpg,M0201,1041,1447,F1280,10,31.424500004504807,8,2,0,10,8,6,0.75,0.8
M0201/img001041.jpg,M0201,1041,1447,DensK1,10,29.196899995440617,8,2,0,10,8,6,0.75,0.8
M0201/img001041.jpg,M0201,1041,1447,UnifAll,10,42.81920001085382,8,2,0,10,8,6,0.75,0.8
M0201/img001041.jpg,M0201,1041,1447,SAHI640,12,208.97000000695698,9,3,0,10,8,7,0.875,0.75
M0201/img001042.jpg,M0201,1042,1448,F640,11,20.235999996657483,8,3,0,10,8,6,0.75,0.7272727272727273
M0201/img001042.jpg,M0201,1042,1448,F1280,11,38.76329999184236,8,3,0,10,8,6,0.75,0.7272727272727273
M0201/img001042.jpg,M0201,1042,1448,DensK1,13,35.12780000164639,8,5,0,10,8,6,0.75,0.6153846153846154
M0201/img001042.jpg,M0201,1042,1448,UnifAll,13,42.071699994266964,8,5,0,10,8,6,0.75,0.6153846153846154
M0201/img001042.jpg,M0201,1042,1448,SAHI640,12,192.3897999949986,9,3,0,10,8,7,0.875,0.75
M0201/img001043.jpg,M0201,1043,1449,F640,9,14.345799994771369,8,1,0,10,8,6,0.75,0.8888888888888888
M0201/img001043.jpg,M0201,1043,1449,F1280,12,25.77670000027865,8,4,0,10,8,6,0.75,0.6666666666666666
M0201/img001043.jpg,M0201,1043,1449,DensK1,11,30.303299994557165,8,3,0,10,8,6,0.75,0.7272727272727273
M0201/img001043.jpg,M0201,1043,1449,UnifAll,11,41.41049999452662,8,3,0,10,8,6,0.75,0.7272727272727273
M0201/img001043.jpg,M0201,1043,1449,SAHI640,12,133.3537000027718,10,2,0,10,8,8,1.0,0.8333333333333334
M0201/img001044.jpg,M0201,1044,1450,F640,9,14.476899988949299,8,1,0,10,8,6,0.75,0.8888888888888888
M0201/img001044.jpg,M0201,1044,1450,F1280,11,24.011999994399957,8,3,0,10,8,6,0.75,0.7272727272727273
M0201/img001044.jpg,M0201,1044,1450,DensK1,11,29.16669999831356,8,3,0,10,8,6,0.75,0.7272727272727273
M0201/img001044.jpg,M0201,1044,1450,UnifAll,11,42.73059999104589,8,3,0,10,8,6,0.75,0.7272727272727273
M0201/img001044.jpg,M0201,1044,1450,SAHI640,11,171.62439999810886,10,1,0,10,8,8,1.0,0.9090909090909091
M0201/img001045.jpg,M0201,1045,1451,F640,10,20.172599994111806,8,2,0,10,8,6,0.75,0.8
M0201/img001045.jpg,M0201,1045,1451,F1280,10,31.727900000987574,7,3,0,10,8,6,0.75,0.7
M0201/img001045.jpg,M0201,1045,1451,DensK1,11,34.11130000313278,8,3,0,10,8,6,0.75,0.7272727272727273
M0201/img001045.jpg,M0201,1045,1451,UnifAll,11,44.44879999209661,8,3,0,10,8,6,0.75,0.7272727272727273
M0201/img001045.jpg,M0201,1045,1451,SAHI640,12,161.66030000022147,10,2,0,10,8,8,1.0,0.8333333333333334
M0201/img001046.jpg,M0201,1046,1452,F640,11,14.123200002359226,8,3,0,10,8,6,0.75,0.7272727272727273
M0201/img001046.jpg,M0201,1046,1452,F1280,11,33.89719998813234,8,3,0,10,8,6,0.75,0.7272727272727273
M0201/img001046.jpg,M0201,1046,1452,DensK1,13,40.67339999892283,8,5,0,10,8,6,0.75,0.6153846153846154
M0201/img001046.jpg,M0201,1046,1452,UnifAll,13,55.88929999794345,8,5,0,10,8,6,0.75,0.6153846153846154
M0201/img001046.jpg,M0201,1046,1452,SAHI640,14,166.63410000910517,9,5,0,10,8,7,0.875,0.6428571428571429
M0201/img001047.jpg,M0201,1047,1453,F640,11,16.96500000252854,8,3,0,10,8,6,0.75,0.7272727272727273
M0201/img001047.jpg,M0201,1047,1453,F1280,12,32.65960000862833,8,4,0,10,8,6,0.75,0.6666666666666666
M0201/img001047.jpg,M0201,1047,1453,DensK1,13,37.92700001213234,8,5,0,10,8,6,0.75,0.6153846153846154
M0201/img001047.jpg,M0201,1047,1453,UnifAll,13,55.25340000167489,8,5,0,10,8,6,0.75,0.6153846153846154
M0201/img001047.jpg,M0201,1047,1453,SAHI640,13,187.01129998953547,9,4,0,10,8,7,0.875,0.6923076923076923
M0201/img001048.jpg,M0201,1048,1454,F640,9,18.27499999490101,8,1,0,10,8,6,0.75,0.8888888888888888
M0201/img001048.jpg,M0201,1048,1454,F1280,12,23.37700000498444,8,4,0,10,8,6,0.75,0.6666666666666666
M0201/img001048.jpg,M0201,1048,1454,DensK1,13,28.505099995527416,8,5,0,10,8,6,0.75,0.6153846153846154
M0201/img001048.jpg,M0201,1048,1454,UnifAll,13,41.49070000858046,8,5,0,10,8,6,0.75,0.6153846153846154
M0201/img001048.jpg,M0201,1048,1454,SAHI640,13,170.14120001113042,9,4,0,10,8,7,0.875,0.6923076923076923
M0201/img001049.jpg,M0201,1049,1455,F640,10,19.31059999333229,9,1,0,10,7,6,0.8571428571428571,0.9
M0201/img001049.jpg,M0201,1049,1455,F1280,11,33.186999993631616,8,3,0,10,7,5,0.7142857142857143,0.7272727272727273
M0201/img001049.jpg,M0201,1049,1455,DensK1,12,29.77580000879243,8,4,0,10,7,5,0.7142857142857143,0.6666666666666666
M0201/img001049.jpg,M0201,1049,1455,UnifAll,12,42.26980000385083,8,4,0,10,7,5,0.7142857142857143,0.6666666666666666
M0201/img001049.jpg,M0201,1049,1455,SAHI640,13,214.03930000087712,9,4,0,10,7,6,0.8571428571428571,0.6923076923076923
M0201/img001050.jpg,M0201,1050,1456,F640,9,29.36339999723714,8,1,0,10,8,6,0.75,0.8888888888888888
M0201/img001050.jpg,M0201,1050,1456,F1280,11,26.77209999819752,8,3,0,10,8,6,0.75,0.7272727272727273
M0201/img001050.jpg,M0201,1050,1456,DensK1,11,55.85970000538509,8,3,0,10,8,6,0.75,0.7272727272727273
M0201/img001050.jpg,M0201,1050,1456,UnifAll,12,53.289700008463115,8,4,0,10,8,6,0.75,0.6666666666666666
M0201/img001050.jpg,M0201,1050,1456,SAHI640,11,150.18540000892244,10,1,0,10,8,8,1.0,0.9090909090909091
M0201/img001051.jpg,M0201,1051,1457,F640,12,19.513899998855777,9,3,0,10,8,7,0.875,0.75
M0201/img001051.jpg,M0201,1051,1457,F1280,12,22.967400000197813,8,4,0,10,8,6,0.75,0.6666666666666666
M0201/img001051.jpg,M0201,1051,1457,DensK1,14,45.535800003563054,8,6,0,10,8,6,0.75,0.5714285714285714
M0201/img001051.jpg,M0201,1051,1457,UnifAll,14,86.71209999010898,8,6,0,10,8,6,0.75,0.5714285714285714
M0201/img001051.jpg,M0201,1051,1457,SAHI640,14,145.91530000325292,10,4,0,10,8,8,1.0,0.7142857142857143
M0201/img001052.jpg,M0201,1052,1458,F640,11,14.171800008625723,8,3,0,10,8,6,0.75,0.7272727272727273
M0201/img001052.jpg,M0201,1052,1458,F1280,12,23.11000000918284,8,4,0,10,8,6,0.75,0.6666666666666666
M0201/img001052.jpg,M0201,1052,1458,DensK1,13,27.58969999558758,8,5,0,10,8,6,0.75,0.6153846153846154
M0201/img001052.jpg,M0201,1052,1458,UnifAll,14,77.17340000090189,8,6,0,10,8,6,0.75,0.5714285714285714
M0201/img001052.jpg,M0201,1052,1458,SAHI640,12,154.19420000398532,9,3,0,10,8,7,0.875,0.75
M0201/img001053.jpg,M0201,1053,1459,F640,11,24.667300007422455,9,2,0,11,8,6,0.75,0.8181818181818182
M0201/img001053.jpg,M0201,1053,1459,F1280,11,26.889000000664964,9,2,0,11,8,6,0.75,0.8181818181818182
M0201/img001053.jpg,M0201,1053,1459,DensK1,14,53.616400007740594,9,5,0,11,8,6,0.75,0.6428571428571429
M0201/img001053.jpg,M0201,1053,1459,UnifAll,14,58.195299992803484,9,5,0,11,8,6,0.75,0.6428571428571429
M0201/img001053.jpg,M0201,1053,1459,SAHI640,14,163.1240999995498,11,3,0,11,8,8,1.0,0.7857142857142857
M0201/img001054.jpg,M0201,1054,1460,F640,11,19.723800010979176,9,2,0,11,8,6,0.75,0.8181818181818182
M0201/img001054.jpg,M0201,1054,1460,F1280,11,41.87509999610484,9,2,0,11,8,6,0.75,0.8181818181818182
M0201/img001054.jpg,M0201,1054,1460,DensK1,13,38.76680000394117,9,4,0,11,8,6,0.75,0.6923076923076923
M0201/img001054.jpg,M0201,1054,1460,UnifAll,14,45.15499999979511,9,5,0,11,8,6,0.75,0.6428571428571429
M0201/img001054.jpg,M0201,1054,1460,SAHI640,12,169.00350000651088,11,1,0,11,8,8,1.0,0.9166666666666666
M0201/img001055.jpg,M0201,1055,1461,F640,10,19.613600001321174,9,1,0,11,8,6,0.75,0.9
M0201/img001055.jpg,M0201,1055,1461,F1280,12,26.17860000464134,9,3,0,11,8,6,0.75,0.75
M0201/img001055.jpg,M0201,1055,1461,DensK1,12,31.27529998891987,9,3,0,11,8,6,0.75,0.75
M0201/img001055.jpg,M0201,1055,1461,UnifAll,13,67.75129999732599,9,4,0,11,8,6,0.75,0.6923076923076923
M0201/img001055.jpg,M0201,1055,1461,SAHI640,14,195.6272999959765,11,3,0,11,8,8,1.0,0.7857142857142857
M0201/img001056.jpg,M0201,1056,1462,F640,11,32.22310000273865,9,2,0,11,8,6,0.75,0.8181818181818182
M0201/img001056.jpg,M0201,1056,1462,F1280,12,32.093100002384745,9,3,0,11,8,6,0.75,0.75
M0201/img001056.jpg,M0201,1056,1462,DensK1,13,29.533099994296208,9,4,0,11,8,6,0.75,0.6923076923076923
M0201/img001056.jpg,M0201,1056,1462,UnifAll,13,72.52560000051744,9,4,0,11,8,6,0.75,0.6923076923076923
M0201/img001056.jpg,M0201,1056,1462,SAHI640,14,242.90830000245478,11,3,0,11,8,8,1.0,0.7857142857142857
M0201/img001057.jpg,M0201,1057,1463,F640,10,13.803199995891191,9,1,0,11,8,6,0.75,0.9
M0201/img001057.jpg,M0201,1057,1463,F1280,12,22.725199989508837,9,3,0,11,8,6,0.75,0.75
M0201/img001057.jpg,M0201,1057,1463,DensK1,12,27.534799999557436,9,3,0,11,8,6,0.75,0.75
M0201/img001057.jpg,M0201,1057,1463,UnifAll,12,41.76900000311434,9,3,0,11,8,6,0.75,0.75
M0201/img001057.jpg,M0201,1057,1463,SAHI640,13,146.1632999998983,11,2,0,11,8,8,1.0,0.8461538461538461
M0201/img001058.jpg,M0201,1058,1464,F640,10,13.303799991263077,9,1,0,11,8,6,0.75,0.9
M0201/img001058.jpg,M0201,1058,1464,F1280,11,32.81269999570213,9,2,0,11,8,6,0.75,0.8181818181818182
M0201/img001058.jpg,M0201,1058,1464,DensK1,13,30.49720000126399,9,4,0,11,8,6,0.75,0.6923076923076923
M0201/img001058.jpg,M0201,1058,1464,UnifAll,13,41.93170000507962,9,4,0,11,8,6,0.75,0.6923076923076923
M0201/img001058.jpg,M0201,1058,1464,SAHI640,16,151.8274999980349,11,5,0,11,8,8,1.0,0.6875
M0201/img001059.jpg,M0201,1059,1465,F640,9,14.04710000497289,9,0,0,11,8,6,0.75,1.0
M0201/img001059.jpg,M0201,1059,1465,F1280,12,30.410099992877804,9,3,0,11,8,6,0.75,0.75
M0201/img001059.jpg,M0201,1059,1465,DensK1,13,37.32750000199303,9,4,0,11,8,6,0.75,0.6923076923076923
M0201/img001059.jpg,M0201,1059,1465,UnifAll,13,42.97260000021197,9,4,0,11,8,6,0.75,0.6923076923076923
M0201/img001059.jpg,M0201,1059,1465,SAHI640,13,152.39889999793377,11,2,0,11,8,8,1.0,0.8461538461538461
M0201/img001060.jpg,M0201,1060,1466,F640,10,14.651699995738454,9,1,0,11,8,6,0.75,0.9
M0201/img001060.jpg,M0201,1060,1466,F1280,12,33.66310001001693,9,3,0,11,8,6,0.75,0.75
M0201/img001060.jpg,M0201,1060,1466,DensK1,12,51.54620000394061,9,3,0,11,8,6,0.75,0.75
M0201/img001060.jpg,M0201,1060,1466,UnifAll,12,88.49019999615848,9,3,0,11,8,6,0.75,0.75
M0201/img001060.jpg,M0201,1060,1466,SAHI640,12,196.47579999582376,11,1,0,11,8,8,1.0,0.9166666666666666
M0201/img001061.jpg,M0201,1061,1467,F640,10,29.029800003627315,9,1,0,11,8,6,0.75,0.9
M0201/img001061.jpg,M0201,1061,1467,F1280,13,46.37179999554064,9,4,0,11,8,6,0.75,0.6923076923076923
M0201/img001061.jpg,M0201,1061,1467,DensK1,14,40.51859999890439,9,5,0,11,8,6,0.75,0.6428571428571429
M0201/img001061.jpg,M0201,1061,1467,UnifAll,14,58.7054000061471,9,5,0,11,8,6,0.75,0.6428571428571429
M0201/img001061.jpg,M0201,1061,1467,SAHI640,13,148.7386999942828,11,2,0,11,8,8,1.0,0.8461538461538461
M0201/img001062.jpg,M0201,1062,1468,F640,9,14.40280000679195,9,0,0,11,8,6,0.75,1.0
M0201/img001062.jpg,M0201,1062,1468,F1280,12,35.79739999258891,9,3,0,11,8,6,0.75,0.75
M0201/img001062.jpg,M0201,1062,1468,DensK1,13,40.7439999980852,10,3,0,11,8,7,0.875,0.7692307692307693
M0201/img001062.jpg,M0201,1062,1468,UnifAll,13,61.058999999659136,10,3,0,11,8,7,0.875,0.7692307692307693
M0201/img001062.jpg,M0201,1062,1468,SAHI640,11,179.0846999938367,10,1,0,11,8,7,0.875,0.9090909090909091
M0201/img001063.jpg,M0201,1063,1469,F640,12,21.62079999106936,9,3,0,11,8,6,0.75,0.75
M0201/img001063.jpg,M0201,1063,1469,F1280,11,33.73250000004191,8,3,0,11,8,5,0.625,0.7272727272727273
M0201/img001063.jpg,M0201,1063,1469,DensK1,12,28.09410000918433,9,3,0,11,8,6,0.75,0.75
M0201/img001063.jpg,M0201,1063,1469,UnifAll,12,43.69359998963773,9,3,0,11,8,6,0.75,0.75
M0201/img001063.jpg,M0201,1063,1469,SAHI640,14,148.823600000469,11,3,0,11,8,8,1.0,0.7857142857142857
M0201/img001064.jpg,M0201,1064,1470,F640,12,18.871399995987304,9,3,0,11,8,6,0.75,0.75
M0201/img001064.jpg,M0201,1064,1470,F1280,12,29.807099999743514,9,3,0,11,8,6,0.75,0.75
M0201/img001064.jpg,M0201,1064,1470,DensK1,13,41.49300001154188,9,4,0,11,8,6,0.75,0.6923076923076923
M0201/img001064.jpg,M0201,1064,1470,UnifAll,13,55.86340000445489,10,3,0,11,8,7,0.875,0.7692307692307693
M0201/img001064.jpg,M0201,1064,1470,SAHI640,13,167.8527999902144,10,3,0,11,8,7,0.875,0.7692307692307693
M0201/img001065.jpg,M0201,1065,1471,F640,11,14.043599992874078,8,3,0,11,8,5,0.625,0.7272727272727273
M0201/img001065.jpg,M0201,1065,1471,F1280,11,37.56759999669157,9,2,0,11,8,6,0.75,0.8181818181818182
M0201/img001065.jpg,M0201,1065,1471,DensK1,13,28.738300010445528,9,4,0,11,8,6,0.75,0.6923076923076923
M0201/img001065.jpg,M0201,1065,1471,UnifAll,13,41.94199999619741,9,4,0,11,8,6,0.75,0.6923076923076923
M0201/img001065.jpg,M0201,1065,1471,SAHI640,12,151.46410001034383,10,2,0,11,8,7,0.875,0.8333333333333334
M0201/img001066.jpg,M0201,1066,1472,F640,10,14.089800009969622,9,1,0,11,8,6,0.75,0.9
M0201/img001066.jpg,M0201,1066,1472,F1280,13,23.151899993536063,9,4,0,11,8,6,0.75,0.6923076923076923
M0201/img001066.jpg,M0201,1066,1472,DensK1,12,27.68899999500718,9,3,0,11,8,6,0.75,0.75
M0201/img001066.jpg,M0201,1066,1472,UnifAll,12,51.00819999643136,9,3,0,11,8,6,0.75,0.75
M0201/img001066.jpg,M0201,1066,1472,SAHI640,11,184.94269999791868,11,0,0,11,8,8,1.0,1.0
M0201/img001067.jpg,M0201,1067,1473,F640,12,20.57520000380464,10,2,0,11,8,7,0.875,0.8333333333333334
M0201/img001067.jpg,M0201,1067,1473,F1280,11,30.515599995851517,9,2,0,11,8,6,0.75,0.8181818181818182
M0201/img001067.jpg,M0201,1067,1473,DensK1,13,37.69680000550579,9,4,0,11,8,6,0.75,0.6923076923076923
M0201/img001067.jpg,M0201,1067,1473,UnifAll,13,61.24029999773484,9,4,0,11,8,6,0.75,0.6923076923076923
M0201/img001067.jpg,M0201,1067,1473,SAHI640,12,151.08469998813234,10,2,0,11,8,7,0.875,0.8333333333333334
M0201/img001068.jpg,M0201,1068,1474,F640,11,13.417199996183626,9,2,0,11,8,6,0.75,0.8181818181818182
M0201/img001068.jpg,M0201,1068,1474,F1280,12,33.513100002892315,9,3,0,11,8,6,0.75,0.75
M0201/img001068.jpg,M0201,1068,1474,DensK1,15,27.99500001128763,9,6,0,11,8,6,0.75,0.6
M0201/img001068.jpg,M0201,1068,1474,UnifAll,15,41.444200003752485,9,6,0,11,8,6,0.75,0.6
M0201/img001068.jpg,M0201,1068,1474,SAHI640,12,148.65289999579545,11,1,0,11,8,8,1.0,0.9166666666666666
M0201/img001069.jpg,M0201,1069,1475,F640,12,21.711399997002445,9,3,0,11,8,6,0.75,0.75
M0201/img001069.jpg,M0201,1069,1475,F1280,11,35.39479999744799,9,2,0,11,8,6,0.75,0.8181818181818182
M0201/img001069.jpg,M0201,1069,1475,DensK1,12,41.81860000244342,9,3,0,11,8,6,0.75,0.75
M0201/img001069.jpg,M0201,1069,1475,UnifAll,13,57.73179999960121,9,4,0,11,8,6,0.75,0.6923076923076923
M0201/img001069.jpg,M0201,1069,1475,SAHI640,15,173.02629999176133,11,4,0,11,8,8,1.0,0.7333333333333333
M0201/img001070.jpg,M0201,1070,1476,F640,11,15.37829999870155,10,1,0,11,8,7,0.875,0.9090909090909091
M0201/img001070.jpg,M0201,1070,1476,F1280,14,37.30530000757426,9,5,0,11,8,6,0.75,0.6428571428571429
M0201/img001070.jpg,M0201,1070,1476,DensK1,13,34.04319999390282,9,4,0,11,8,6,0.75,0.6923076923076923
M0201/img001070.jpg,M0201,1070,1476,UnifAll,14,49.08870000508614,9,5,0,11,8,6,0.75,0.6428571428571429
M0201/img001070.jpg,M0201,1070,1476,SAHI640,13,164.09749999002088,10,3,0,11,8,7,0.875,0.7692307692307693
M0201/img001071.jpg,M0201,1071,1477,F640,10,20.621999996365048,9,1,0,11,8,6,0.75,0.9
M0201/img001071.jpg,M0201,1071,1477,F1280,12,37.72150000440888,9,3,0,11,8,6,0.75,0.75
M0201/img001071.jpg,M0201,1071,1477,DensK1,12,38.69190000114031,9,3,0,11,8,6,0.75,0.75
M0201/img001071.jpg,M0201,1071,1477,UnifAll,12,51.937100011855364,9,3,0,11,8,6,0.75,0.75
M0201/img001071.jpg,M0201,1071,1477,SAHI640,13,218.49429998837877,11,2,0,11,8,8,1.0,0.8461538461538461
M0201/img001072.jpg,M0201,1072,1478,F640,11,14.000800001667812,10,1,0,11,8,7,0.875,0.9090909090909091
M0201/img001072.jpg,M0201,1072,1478,F1280,13,27.911800003494136,9,4,0,11,8,6,0.75,0.6923076923076923
M0201/img001072.jpg,M0201,1072,1478,DensK1,13,50.82350000157021,9,4,0,11,8,6,0.75,0.6923076923076923
M0201/img001072.jpg,M0201,1072,1478,UnifAll,13,80.44099999824539,9,4,0,11,8,6,0.75,0.6923076923076923
M0201/img001072.jpg,M0201,1072,1478,SAHI640,15,193.42919999326114,10,5,0,11,8,7,0.875,0.6666666666666666
M0201/img001073.jpg,M0201,1073,1479,F640,11,19.231099999160506,9,2,0,11,8,6,0.75,0.8181818181818182
M0201/img001073.jpg,M0201,1073,1479,F1280,13,27.897899999516085,9,4,0,11,8,6,0.75,0.6923076923076923
M0201/img001073.jpg,M0201,1073,1479,DensK1,14,62.048899999354035,10,4,0,11,8,7,0.875,0.7142857142857143
M0201/img001073.jpg,M0201,1073,1479,UnifAll,14,46.50719999335706,10,4,0,11,8,7,0.875,0.7142857142857143
M0201/img001073.jpg,M0201,1073,1479,SAHI640,14,170.1374999975087,10,4,0,11,8,7,0.875,0.7142857142857143
M0201/img001074.jpg,M0201,1074,1480,F640,10,13.837899998179637,9,1,0,11,8,6,0.75,0.9
M0201/img001074.jpg,M0201,1074,1480,F1280,12,28.367100007017143,9,3,0,11,8,6,0.75,0.75
M0201/img001074.jpg,M0201,1074,1480,DensK1,13,28.04989999276586,10,3,0,11,8,7,0.875,0.7692307692307693
M0201/img001074.jpg,M0201,1074,1480,UnifAll,13,40.5004999920493,10,3,0,11,8,7,0.875,0.7692307692307693
M0201/img001074.jpg,M0201,1074,1480,SAHI640,13,248.13719998928718,10,3,0,11,8,7,0.875,0.7692307692307693
M0201/img001075.jpg,M0201,1075,1481,F640,12,30.356999996001832,9,3,0,11,8,6,0.75,0.75
M0201/img001075.jpg,M0201,1075,1481,F1280,12,34.45110000029672,9,3,0,11,8,6,0.75,0.75
M0201/img001075.jpg,M0201,1075,1481,DensK1,15,56.33229999511968,10,5,0,11,8,7,0.875,0.6666666666666666
M0201/img001075.jpg,M0201,1075,1481,UnifAll,15,49.80500000237953,10,5,0,11,8,7,0.875,0.6666666666666666
M0201/img001075.jpg,M0201,1075,1481,SAHI640,14,161.92250000312924,11,3,0,11,8,8,1.0,0.7857142857142857
M0201/img001076.jpg,M0201,1076,1482,F640,12,29.822799988323823,9,3,0,11,8,6,0.75,0.75
M0201/img001076.jpg,M0201,1076,1482,F1280,13,42.94720001053065,9,4,0,11,8,6,0.75,0.6923076923076923
M0201/img001076.jpg,M0201,1076,1482,DensK1,14,32.63860000879504,9,5,0,11,8,6,0.75,0.6428571428571429
M0201/img001076.jpg,M0201,1076,1482,UnifAll,14,45.84150000300724,9,5,0,11,8,6,0.75,0.6428571428571429
M0201/img001076.jpg,M0201,1076,1482,SAHI640,13,149.29649999248795,11,2,0,11,8,8,1.0,0.8461538461538461
M0202/img000001.jpg,M0202,1,1483,F640,13,25.692900002468377,12,1,0,12,0,0,nan,0.9230769230769231
M0202/img000001.jpg,M0202,1,1483,F1280,13,37.54489999846555,12,1,0,12,0,0,nan,0.9230769230769231
M0202/img000001.jpg,M0202,1,1483,DensK1,13,43.7409000005573,12,1,0,12,0,0,nan,0.9230769230769231
M0202/img000001.jpg,M0202,1,1483,UnifAll,16,88.10480000101961,12,4,0,12,0,0,nan,0.75
M0202/img000001.jpg,M0202,1,1483,SAHI640,15,141.74559999082703,9,6,0,12,0,0,nan,0.6
M0202/img000002.jpg,M0202,2,1484,F640,15,14.03299999947194,12,3,0,12,0,0,nan,0.8
M0202/img000002.jpg,M0202,2,1484,F1280,14,30.290800001239404,12,2,0,12,0,0,nan,0.8571428571428571
M0202/img000002.jpg,M0202,2,1484,DensK1,16,39.14870000153314,12,4,0,12,0,0,nan,0.75
M0202/img000002.jpg,M0202,2,1484,UnifAll,17,44.03259999526199,12,5,0,12,0,0,nan,0.7058823529411765
M0202/img000002.jpg,M0202,2,1484,SAHI640,14,142.62689999304712,10,4,0,12,0,0,nan,0.7142857142857143
M0202/img000003.jpg,M0202,3,1485,F640,13,20.881699994788505,12,1,0,12,0,0,nan,0.9230769230769231
M0202/img000003.jpg,M0202,3,1485,F1280,15,27.057600003900006,12,3,0,12,0,0,nan,0.8
M0202/img000003.jpg,M0202,3,1485,DensK1,13,54.80489999172278,12,1,0,12,0,0,nan,0.9230769230769231
M0202/img000003.jpg,M0202,3,1485,UnifAll,15,94.02780000527855,12,3,0,12,0,0,nan,0.8
M0202/img000003.jpg,M0202,3,1485,SAHI640,13,180.94679999921937,10,3,0,12,0,0,nan,0.7692307692307693
M0202/img000004.jpg,M0202,4,1486,F640,13,13.654599999426864,12,1,0,12,0,0,nan,0.9230769230769231
M0202/img000004.jpg,M0202,4,1486,F1280,16,46.83140000270214,12,4,0,12,0,0,nan,0.75
M0202/img000004.jpg,M0202,4,1486,DensK1,14,30.16379999462515,12,2,0,12,0,0,nan,0.8571428571428571
M0202/img000004.jpg,M0202,4,1486,UnifAll,17,42.003999988082796,12,5,0,12,0,0,nan,0.7058823529411765
M0202/img000004.jpg,M0202,4,1486,SAHI640,14,139.11910000024363,11,3,0,12,0,0,nan,0.7857142857142857
M0202/img000005.jpg,M0202,5,1487,F640,13,25.06109999376349,12,1,0,12,0,0,nan,0.9230769230769231
M0202/img000005.jpg,M0202,5,1487,F1280,15,26.754700011224486,12,3,0,12,0,0,nan,0.8
M0202/img000005.jpg,M0202,5,1487,DensK1,15,56.895799993071705,12,3,0,12,0,0,nan,0.8
M0202/img000005.jpg,M0202,5,1487,UnifAll,17,81.7657000006875,12,5,0,12,0,0,nan,0.7058823529411765
M0202/img000005.jpg,M0202,5,1487,SAHI640,15,168.6887999967439,11,4,0,12,0,0,nan,0.7333333333333333
M0202/img000006.jpg,M0202,6,1488,F640,13,14.222499987226911,12,1,0,12,0,0,nan,0.9230769230769231
M0202/img000006.jpg,M0202,6,1488,F1280,14,32.01170000829734,12,2,0,12,0,0,nan,0.8571428571428571
M0202/img000006.jpg,M0202,6,1488,DensK1,14,38.33310000482015,12,2,0,12,0,0,nan,0.8571428571428571
M0202/img000006.jpg,M0202,6,1488,UnifAll,16,40.887800001655705,12,4,0,12,0,0,nan,0.75
M0202/img000006.jpg,M0202,6,1488,SAHI640,14,181.42540000553709,11,3,0,12,0,0,nan,0.7857142857142857
M0202/img000007.jpg,M0202,7,1489,F640,13,14.987599992309697,12,1,0,12,0,0,nan,0.9230769230769231
M0202/img000007.jpg,M0202,7,1489,F1280,16,25.494099987554364,12,4,0,12,0,0,nan,0.75
M0202/img000007.jpg,M0202,7,1489,DensK1,15,34.78509999695234,12,3,0,12,0,0,nan,0.8
M0202/img000007.jpg,M0202,7,1489,UnifAll,18,51.95139998977538,12,6,0,12,0,0,nan,0.6666666666666666
M0202/img000007.jpg,M0202,7,1489,SAHI640,14,141.88920000742655,11,3,0,12,0,0,nan,0.7857142857142857
M0202/img000008.jpg,M0202,8,1490,F640,14,13.659699994605035,12,2,0,12,0,0,nan,0.8571428571428571
M0202/img000008.jpg,M0202,8,1490,F1280,16,31.787400002940558,12,4,0,12,0,0,nan,0.75
M0202/img000008.jpg,M0202,8,1490,DensK1,15,36.75299999304116,12,3,0,12,0,0,nan,0.8
M0202/img000008.jpg,M0202,8,1490,UnifAll,17,61.50019999768119,12,5,0,12,0,0,nan,0.7058823529411765
M0202/img000008.jpg,M0202,8,1490,SAHI640,15,157.9020000062883,11,4,0,12,0,0,nan,0.7333333333333333
M0202/img000009.jpg,M0202,9,1491,F640,15,15.2451000030851,12,3,0,12,0,0,nan,0.8
M0202/img000009.jpg,M0202,9,1491,F1280,17,25.559700006851926,12,5,0,12,0,0,nan,0.7058823529411765
M0202/img000009.jpg,M0202,9,1491,DensK1,16,30.343799997353926,12,4,0,12,0,0,nan,0.75
M0202/img000009.jpg,M0202,9,1491,UnifAll,17,57.04729999706615,12,5,0,12,0,0,nan,0.7058823529411765
M0202/img000009.jpg,M0202,9,1491,SAHI640,15,177.82640000223182,11,4,0,12,0,0,nan,0.7333333333333333
M0202/img000010.jpg,M0202,10,1492,F640,13,16.60289999563247,12,1,0,12,0,0,nan,0.9230769230769231
M0202/img000010.jpg,M0202,10,1492,F1280,19,33.72740000486374,11,8,0,12,0,0,nan,0.5789473684210527
M0202/img000010.jpg,M0202,10,1492,DensK1,15,40.01810000045225,12,3,0,12,0,0,nan,0.8
M0202/img000010.jpg,M0202,10,1492,UnifAll,16,56.099399997037835,12,4,0,12,0,0,nan,0.75
M0202/img000010.jpg,M0202,10,1492,SAHI640,14,149.51460000884254,11,3,0,12,0,0,nan,0.7857142857142857
M0202/img000011.jpg,M0202,11,1493,F640,13,20.512399991275743,13,0,0,13,0,0,nan,1.0
M0202/img000011.jpg,M0202,11,1493,F1280,16,33.59490000002552,12,4,0,13,0,0,nan,0.75
M0202/img000011.jpg,M0202,11,1493,DensK1,14,29.109399998560548,13,1,0,13,0,0,nan,0.9285714285714286
M0202/img000011.jpg,M0202,11,1493,UnifAll,16,54.025100005674176,13,3,0,13,0,0,nan,0.8125
M0202/img000011.jpg,M0202,11,1493,SAHI640,14,187.06789999851026,12,2,0,13,0,0,nan,0.8571428571428571
M0202/img000012.jpg,M0202,12,1494,F640,13,19.831799989333376,13,0,0,13,0,0,nan,1.0
M0202/img000012.jpg,M0202,12,1494,F1280,15,31.098500010557473,13,2,0,13,0,0,nan,0.8666666666666667
M0202/img000012.jpg,M0202,12,1494,DensK1,14,27.88099998724647,13,1,0,13,0,0,nan,0.9285714285714286
M0202/img000012.jpg,M0202,12,1494,UnifAll,15,47.16780000308063,13,2,0,13,0,0,nan,0.8666666666666667
M0202/img000012.jpg,M0202,12,1494,SAHI640,14,141.4951999904588,12,2,0,13,0,0,nan,0.8571428571428571
M0202/img000013.jpg,M0202,13,1495,F640,13,20.51299999584444,13,0,0,13,0,0,nan,1.0
M0202/img000013.jpg,M0202,13,1495,F1280,13,34.05600000405684,12,1,0,13,0,0,nan,0.9230769230769231
M0202/img000013.jpg,M0202,13,1495,DensK1,13,29.12409999407828,13,0,0,13,0,0,nan,1.0
M0202/img000013.jpg,M0202,13,1495,UnifAll,14,42.49300000083167,13,1,0,13,0,0,nan,0.9285714285714286
M0202/img000013.jpg,M0202,13,1495,SAHI640,14,133.75290000112727,11,3,0,13,0,0,nan,0.7857142857142857
M0202/img000014.jpg,M0202,14,1496,F640,13,16.351800004485995,12,1,0,12,0,0,nan,0.9230769230769231
M0202/img000014.jpg,M0202,14,1496,F1280,14,27.725599997211248,11,3,0,12,0,0,nan,0.7857142857142857
M0202/img000014.jpg,M0202,14,1496,DensK1,13,42.685100008384325,12,1,0,12,0,0,nan,0.9230769230769231
M0202/img000014.jpg,M0202,14,1496,UnifAll,14,53.71980000927579,12,2,0,12,0,0,nan,0.8571428571428571
M0202/img000014.jpg,M0202,14,1496,SAHI640,14,145.05510000162758,11,3,0,12,0,0,nan,0.7857142857142857
M0202/img000015.jpg,M0202,15,1497,F640,13,14.94259999890346,12,1,0,12,0,0,nan,0.9230769230769231
M0202/img000015.jpg,M0202,15,1497,F1280,15,28.720100002828985,11,4,0,12,0,0,nan,0.7333333333333333
M0202/img000015.jpg,M0202,15,1497,DensK1,13,36.08140000142157,12,1,0,12,0,0,nan,0.9230769230769231
M0202/img000015.jpg,M0202,15,1497,UnifAll,13,66.77269999636337,12,1,0,12,0,0,nan,0.9230769230769231
M0202/img000015.jpg,M0202,15,1497,SAHI640,14,149.80179999838583,11,3,0,12,0,0,nan,0.7857142857142857
M0202/img000016.jpg,M0202,16,1498,F640,13,14.15810000617057,12,1,0,12,0,0,nan,0.9230769230769231
M0202/img000016.jpg,M0202,16,1498,F1280,13,26.24390000710264,11,2,0,12,0,0,nan,0.8461538461538461
M0202/img000016.jpg,M0202,16,1498,DensK1,13,27.813000007881783,12,1,0,12,0,0,nan,0.9230769230769231
M0202/img000016.jpg,M0202,16,1498,UnifAll,13,54.17240000679158,12,1,0,12,0,0,nan,0.9230769230769231
M0202/img000016.jpg,M0202,16,1498,SAHI640,13,156.3843000039924,11,2,0,12,0,0,nan,0.8461538461538461
M0202/img000017.jpg,M0202,17,1499,F640,13,22.624800010817125,12,1,0,12,0,0,nan,0.9230769230769231
M0202/img000017.jpg,M0202,17,1499,F1280,14,33.19940000073984,11,3,0,12,0,0,nan,0.7857142857142857
M0202/img000017.jpg,M0202,17,1499,DensK1,13,40.95260000030976,12,1,0,12,0,0,nan,0.9230769230769231
M0202/img000017.jpg,M0202,17,1499,UnifAll,13,48.332300008041784,11,2,0,12,0,0,nan,0.8461538461538461
M0202/img000017.jpg,M0202,17,1499,SAHI640,13,160.02269998716656,11,2,0,12,0,0,nan,0.8461538461538461
M0202/img000018.jpg,M0202,18,1500,F640,13,14.684399997349828,12,1,0,12,0,0,nan,0.9230769230769231
M0202/img000018.jpg,M0202,18,1500,F1280,13,30.496000006678514,11,2,0,12,0,0,nan,0.8461538461538461
M0202/img000018.jpg,M0202,18,1500,DensK1,14,38.858799991430715,12,2,0,12,0,0,nan,0.8571428571428571
M0202/img000018.jpg,M0202,18,1500,UnifAll,14,77.61610001034569,12,2,0,12,0,0,nan,0.8571428571428571
M0202/img000018.jpg,M0202,18,1500,SAHI640,14,181.03039999550674,11,3,0,12,0,0,nan,0.7857142857142857
M0202/img000019.jpg,M0202,19,1501,F640,12,17.682999998214655,11,1,0,12,0,0,nan,0.9166666666666666
M0202/img000019.jpg,M0202,19,1501,F1280,13,33.80699999979697,11,2,0,12,0,0,nan,0.8461538461538461
M0202/img000019.jpg,M0202,19,1501,DensK1,12,42.617700004484504,11,1,0,12,0,0,nan,0.9166666666666666
M0202/img000019.jpg,M0202,19,1501,UnifAll,13,80.78809999278747,12,1,0,12,0,0,nan,0.9230769230769231
M0202/img000019.jpg,M0202,19,1501,SAHI640,12,172.9577999940375,11,1,0,12,0,0,nan,0.9166666666666666
M0202/img000020.jpg,M0202,20,1502,F640,13,22.67389999178704,12,1,0,12,0,0,nan,0.9230769230769231
M0202/img000020.jpg,M0202,20,1502,F1280,12,29.429100002744235,11,1,0,12,0,0,nan,0.9166666666666666
M0202/img000020.jpg,M0202,20,1502,DensK1,13,63.954900004318915,12,1,0,12,0,0,nan,0.9230769230769231
M0202/img000020.jpg,M0202,20,1502,UnifAll,13,48.47020001034252,12,1,0,12,0,0,nan,0.9230769230769231
M0202/img000020.jpg,M0202,20,1502,SAHI640,14,186.11320000491105,11,3,0,12,0,0,nan,0.7857142857142857
M0202/img000021.jpg,M0202,21,1503,F640,14,16.17850000911858,11,3,0,12,0,0,nan,0.7857142857142857
M0202/img000021.jpg,M0202,21,1503,F1280,14,25.666600005934015,11,3,0,12,0,0,nan,0.7857142857142857
M0202/img000021.jpg,M0202,21,1503,DensK1,14,63.397299993084744,11,3,0,12,0,0,nan,0.7857142857142857
M0202/img000021.jpg,M0202,21,1503,UnifAll,15,48.92390000168234,11,4,0,12,0,0,nan,0.7333333333333333
M0202/img000021.jpg,M0202,21,1503,SAHI640,14,169.7075000120094,11,3,0,12,0,0,nan,0.7857142857142857
M0202/img000022.jpg,M0202,22,1504,F640,14,15.524800008279271,11,3,0,12,0,0,nan,0.7857142857142857
M0202/img000022.jpg,M0202,22,1504,F1280,13,27.0613000029698,11,2,0,12,0,0,nan,0.8461538461538461
M0202/img000022.jpg,M0202,22,1504,DensK1,14,64.08820000069682,11,3,0,12,0,0,nan,0.7857142857142857
M0202/img000022.jpg,M0202,22,1504,UnifAll,14,77.98339999862947,11,3,0,12,0,0,nan,0.7857142857142857
M0202/img000022.jpg,M0202,22,1504,SAHI640,15,149.62789999844972,11,4,0,12,0,0,nan,0.7333333333333333
M0202/img000023.jpg,M0202,23,1505,F640,13,14.703900000313297,12,1,0,12,0,0,nan,0.9230769230769231
M0202/img000023.jpg,M0202,23,1505,F1280,14,25.00220001093112,11,3,0,12,0,0,nan,0.7857142857142857
M0202/img000023.jpg,M0202,23,1505,DensK1,13,39.08509999746457,12,1,0,12,0,0,nan,0.9230769230769231
M0202/img000023.jpg,M0202,23,1505,UnifAll,13,52.145800000289455,12,1,0,12,0,0,nan,0.9230769230769231
M0202/img000023.jpg,M0202,23,1505,SAHI640,14,189.5280000026105,10,4,0,12,0,0,nan,0.7142857142857143
M0202/img000024.jpg,M0202,24,1506,F640,13,24.81699999771081,12,1,0,12,0,0,nan,0.9230769230769231
M0202/img000024.jpg,M0202,24,1506,F1280,12,27.019100001780316,11,1,0,12,0,0,nan,0.9166666666666666
M0202/img000024.jpg,M0202,24,1506,DensK1,14,64.46130000404082,12,2,0,12,0,0,nan,0.8571428571428571
M0202/img000024.jpg,M0202,24,1506,UnifAll,14,83.37200000823941,12,2,0,12,0,0,nan,0.8571428571428571
M0202/img000024.jpg,M0202,24,1506,SAHI640,14,186.5858999954071,11,3,0,12,0,0,nan,0.7857142857142857
M0202/img000025.jpg,M0202,25,1507,F640,11,17.637099997955374,11,0,0,12,0,0,nan,1.0
M0202/img000025.jpg,M0202,25,1507,F1280,14,31.43810000619851,11,3,0,12,0,0,nan,0.7857142857142857
M0202/img000025.jpg,M0202,25,1507,DensK1,11,32.52920000522863,11,0,0,12,0,0,nan,1.0
M0202/img000025.jpg,M0202,25,1507,UnifAll,11,44.186099999933504,11,0,0,12,0,0,nan,1.0
M0202/img000025.jpg,M0202,25,1507,SAHI640,14,142.44190001045354,11,3,0,12,0,0,nan,0.7857142857142857
M0202/img000026.jpg,M0202,26,1508,F640,11,20.34859999548644,11,0,0,12,0,0,nan,1.0
M0202/img000026.jpg,M0202,26,1508,F1280,14,32.39150000445079,11,3,0,12,0,0,nan,0.7857142857142857
M0202/img000026.jpg,M0202,26,1508,DensK1,12,51.163600001018494,11,1,0,12,0,0,nan,0.9166666666666666
M0202/img000026.jpg,M0202,26,1508,UnifAll,13,78.66810000268742,11,2,0,12,0,0,nan,0.8461538461538461
M0202/img000026.jpg,M0202,26,1508,SAHI640,11,156.20969999872614,11,0,0,12,0,0,nan,1.0
M0202/img000027.jpg,M0202,27,1509,F640,11,17.286899994360283,11,0,0,12,0,0,nan,1.0
M0202/img000027.jpg,M0202,27,1509,F1280,13,27.439700003014877,11,2,0,12,0,0,nan,0.8461538461538461
M0202/img000027.jpg,M0202,27,1509,DensK1,12,55.48550000821706,11,1,0,12,0,0,nan,0.9166666666666666
M0202/img000027.jpg,M0202,27,1509,UnifAll,12,91.81729999545496,11,1,0,12,0,0,nan,0.9166666666666666
M0202/img000027.jpg,M0202,27,1509,SAHI640,12,182.80230001255404,11,1,0,12,0,0,nan,0.9166666666666666
M0202/img000028.jpg,M0202,28,1510,F640,12,32.00829999695998,12,0,0,12,0,0,nan,1.0
M0202/img000028.jpg,M0202,28,1510,F1280,13,39.38289999496192,12,1,0,12,0,0,nan,0.9230769230769231
M0202/img000028.jpg,M0202,28,1510,DensK1,13,40.30649999913294,12,1,0,12,0,0,nan,0.9230769230769231
M0202/img000028.jpg,M0202,28,1510,UnifAll,13,58.74740000581369,12,1,0,12,0,0,nan,0.9230769230769231
M0202/img000028.jpg,M0202,28,1510,SAHI640,14,186.4449999993667,11,3,0,12,0,0,nan,0.7857142857142857
M0202/img000029.jpg,M0202,29,1511,F640,12,20.297700000810437,11,1,0,12,0,0,nan,0.9166666666666666
M0202/img000029.jpg,M0202,29,1511,F1280,13,33.4255000052508,12,1,0,12,0,0,nan,0.9230769230769231
M0202/img000029.jpg,M0202,29,1511,DensK1,14,32.13029999460559,11,3,0,12,0,0,nan,0.7857142857142857
M0202/img000029.jpg,M0202,29,1511,UnifAll,16,50.02039999817498,11,5,0,12,0,0,nan,0.6875
M0202/img000029.jpg,M0202,29,1511,SAHI640,13,148.7736999988556,11,2,0,12,0,0,nan,0.8461538461538461
M0202/img000030.jpg,M0202,30,1512,F640,12,15.060199992149137,11,1,0,12,0,0,nan,0.9166666666666666
M0202/img000030.jpg,M0202,30,1512,F1280,12,35.75209999689832,11,1,0,12,0,0,nan,0.9166666666666666
M0202/img000030.jpg,M0202,30,1512,DensK1,13,39.22659999807365,11,2,0,12,0,0,nan,0.8461538461538461
M0202/img000030.jpg,M0202,30,1512,UnifAll,14,52.009400009410456,11,3,0,12,0,0,nan,0.7857142857142857
M0202/img000030.jpg,M0202,30,1512,SAHI640,14,128.92020000435878,11,3,0,12,0,0,nan,0.7857142857142857
M0202/img000031.jpg,M0202,31,1513,F640,12,18.985199989401735,11,1,0,12,0,0,nan,0.9166666666666666
M0202/img000031.jpg,M0202,31,1513,F1280,12,33.00159999344032,11,1,0,12,0,0,nan,0.9166666666666666
M0202/img000031.jpg,M0202,31,1513,DensK1,13,37.516999989748,11,2,0,12,0,0,nan,0.8461538461538461
M0202/img000031.jpg,M0202,31,1513,UnifAll,13,43.0076999909943,11,2,0,12,0,0,nan,0.8461538461538461
M0202/img000031.jpg,M0202,31,1513,SAHI640,14,127.38910000189207,11,3,0,12,0,0,nan,0.7857142857142857
M0202/img000032.jpg,M0202,32,1514,F640,13,14.45170000079088,11,2,0,12,0,0,nan,0.8461538461538461
M0202/img000032.jpg,M0202,32,1514,F1280,12,24.702199996681884,11,1,0,12,0,0,nan,0.9166666666666666
M0202/img000032.jpg,M0202,32,1514,DensK1,14,33.69880000536796,11,3,0,12,0,0,nan,0.7857142857142857
M0202/img000032.jpg,M0202,32,1514,UnifAll,15,48.41560000204481,11,4,0,12,0,0,nan,0.7333333333333333
M0202/img000032.jpg,M0202,32,1514,SAHI640,13,136.68710000638384,11,2,0,12,0,0,nan,0.8461538461538461
M0202/img000033.jpg,M0202,33,1515,F640,13,14.528800005791709,11,2,0,12,0,0,nan,0.8461538461538461
M0202/img000033.jpg,M0202,33,1515,F1280,13,32.33789998921566,12,1,0,12,0,0,nan,0.9230769230769231
M0202/img000033.jpg,M0202,33,1515,DensK1,14,31.93029999965802,11,3,0,12,0,0,nan,0.7857142857142857
M0202/img000033.jpg,M0202,33,1515,UnifAll,14,50.476100004743785,11,3,0,12,0,0,nan,0.7857142857142857
M0202/img000033.jpg,M0202,33,1515,SAHI640,12,295.9861999988789,11,1,0,12,0,0,nan,0.9166666666666666
M0202/img000034.jpg,M0202,34,1516,F640,12,18.321199997444637,11,1,0,12,0,0,nan,0.9166666666666666
M0202/img000034.jpg,M0202,34,1516,F1280,13,25.062400003662333,12,1,0,12,0,0,nan,0.9230769230769231
M0202/img000034.jpg,M0202,34,1516,DensK1,12,44.63299999770243,11,1,0,12,0,0,nan,0.9166666666666666
M0202/img000034.jpg,M0202,34,1516,UnifAll,13,44.1385000012815,12,1,0,12,0,0,nan,0.9230769230769231
M0202/img000034.jpg,M0202,34,1516,SAHI640,13,128.52319999365136,11,2,0,12,0,0,nan,0.8461538461538461
M0202/img000035.jpg,M0202,35,1517,F640,12,14.08929999161046,11,1,0,12,0,0,nan,0.9166666666666666
M0202/img000035.jpg,M0202,35,1517,F1280,12,33.17349999269936,11,1,0,12,0,0,nan,0.9166666666666666
M0202/img000035.jpg,M0202,35,1517,DensK1,12,31.471299997065216,11,1,0,12,0,0,nan,0.9166666666666666
M0202/img000035.jpg,M0202,35,1517,UnifAll,13,55.808400007663295,11,2,0,12,0,0,nan,0.8461538461538461
M0202/img000035.jpg,M0202,35,1517,SAHI640,13,136.47209999908227,11,2,0,12,0,0,nan,0.8461538461538461
M0202/img000036.jpg,M0202,36,1518,F640,12,19.703399986610748,11,1,0,12,0,0,nan,0.9166666666666666
M0202/img000036.jpg,M0202,36,1518,F1280,13,35.98640000564046,12,1,0,12,0,0,nan,0.9230769230769231
M0202/img000036.jpg,M0202,36,1518,DensK1,12,37.563899997621775,11,1,0,12,0,0,nan,0.9166666666666666
M0202/img000036.jpg,M0202,36,1518,UnifAll,12,53.81140000827145,11,1,0,12,0,0,nan,0.9166666666666666
M0202/img000036.jpg,M0202,36,1518,SAHI640,13,154.85579999221954,11,2,0,12,0,0,nan,0.8461538461538461
M0202/img000037.jpg,M0202,37,1519,F640,12,16.11540000885725,11,1,0,12,0,0,nan,0.9166666666666666
M0202/img000037.jpg,M0202,37,1519,F1280,14,37.974300008499995,12,2,0,12,0,0,nan,0.8571428571428571
M0202/img000037.jpg,M0202,37,1519,DensK1,12,35.5178000027081,11,1,0,12,0,0,nan,0.9166666666666666
M0202/img000037.jpg,M0202,37,1519,UnifAll,13,55.875600010040216,11,2,0,12,0,0,nan,0.8461538461538461
M0202/img000037.jpg,M0202,37,1519,SAHI640,14,156.46199999901,11,3,0,12,0,0,nan,0.7857142857142857
M0202/img000038.jpg,M0202,38,1520,F640,12,19.943899998907,11,1,0,12,0,0,nan,0.9166666666666666
M0202/img000038.jpg,M0202,38,1520,F1280,14,33.444399989093654,11,3,0,12,0,0,nan,0.7857142857142857
M0202/img000038.jpg,M0202,38,1520,DensK1,12,47.078800009330735,11,1,0,12,0,0,nan,0.9166666666666666
M0202/img000038.jpg,M0202,38,1520,UnifAll,13,45.56769999908283,11,2,0,12,0,0,nan,0.8461538461538461
M0202/img000038.jpg,M0202,38,1520,SAHI640,15,173.7857999978587,11,4,0,12,0,0,nan,0.7333333333333333
M0202/img000039.jpg,M0202,39,1521,F640,12,20.605600002454594,11,1,0,12,0,0,nan,0.9166666666666666
M0202/img000039.jpg,M0202,39,1521,F1280,14,32.64099999796599,12,2,0,12,0,0,nan,0.8571428571428571
M0202/img000039.jpg,M0202,39,1521,DensK1,12,37.10650000721216,11,1,0,12,0,0,nan,0.9166666666666666
M0202/img000039.jpg,M0202,39,1521,UnifAll,14,71.9429000018863,11,3,0,12,0,0,nan,0.7857142857142857
M0202/img000039.jpg,M0202,39,1521,SAHI640,14,189.74709999747574,11,3,0,12,0,0,nan,0.7857142857142857
M0202/img000040.jpg,M0202,40,1522,F640,13,23.82210000359919,12,1,0,12,0,0,nan,0.9230769230769231
M0202/img000040.jpg,M0202,40,1522,F1280,13,28.01510000426788,12,1,0,12,0,0,nan,0.9230769230769231
M0202/img000040.jpg,M0202,40,1522,DensK1,13,43.41080000449438,12,1,0,12,0,0,nan,0.9230769230769231
M0202/img000040.jpg,M0202,40,1522,UnifAll,15,52.32939998677466,12,3,0,12,0,0,nan,0.8
M0202/img000040.jpg,M0202,40,1522,SAHI640,12,183.07379999896511,11,1,0,12,0,0,nan,0.9166666666666666
M0202/img000041.jpg,M0202,41,1523,F640,13,29.55439999641385,12,1,0,13,0,0,nan,0.9230769230769231
M0202/img000041.jpg,M0202,41,1523,F1280,13,33.176900004036725,12,1,0,13,0,0,nan,0.9230769230769231
M0202/img000041.jpg,M0202,41,1523,DensK1,13,48.02989999006968,12,1,0,13,0,0,nan,0.9230769230769231
M0202/img000041.jpg,M0202,41,1523,UnifAll,16,71.84459999552928,12,4,0,13,0,0,nan,0.75
M0202/img000041.jpg,M0202,41,1523,SAHI640,13,138.08160000189673,11,2,0,13,0,0,nan,0.8461538461538461
M0202/img000042.jpg,M0202,42,1524,F640,13,20.491799994488247,12,1,0,13,0,0,nan,0.9230769230769231
M0202/img000042.jpg,M0202,42,1524,F1280,14,27.43620000546798,13,1,0,13,0,0,nan,0.9285714285714286
M0202/img000042.jpg,M0202,42,1524,DensK1,13,36.589900002582,12,1,0,13,0,0,nan,0.9230769230769231
M0202/img000042.jpg,M0202,42,1524,UnifAll,16,68.59219999751076,12,4,0,13,0,0,nan,0.75
M0202/img000042.jpg,M0202,42,1524,SAHI640,13,148.63610001339111,12,1,0,13,0,0,nan,0.9230769230769231
M0202/img000043.jpg,M0202,43,1525,F640,13,23.42859999043867,13,0,0,13,0,0,nan,1.0
M0202/img000043.jpg,M0202,43,1525,F1280,14,26.446199990459718,13,1,0,13,0,0,nan,0.9285714285714286
M0202/img000043.jpg,M0202,43,1525,DensK1,13,50.384200003463775,13,0,0,13,0,0,nan,1.0
M0202/img000043.jpg,M0202,43,1525,UnifAll,15,53.0803999863565,13,2,0,13,0,0,nan,0.8666666666666667
M0202/img000043.jpg,M0202,43,1525,SAHI640,14,132.63659999938682,11,3,0,13,0,0,nan,0.7857142857142857
M0202/img000044.jpg,M0202,44,1526,F640,13,16.573800006881356,12,1,0,13,0,0,nan,0.9230769230769231
M0202/img000044.jpg,M0202,44,1526,F1280,14,23.297600011574104,13,1,0,13,0,0,nan,0.9285714285714286
M0202/img000044.jpg,M0202,44,1526,DensK1,13,28.309100001933984,12,1,0,13,0,0,nan,0.9230769230769231
M0202/img000044.jpg,M0202,44,1526,UnifAll,15,44.514900000649504,12,3,0,13,0,0,nan,0.8
M0202/img000044.jpg,M0202,44,1526,SAHI640,13,152.63779999804683,11,2,0,13,0,0,nan,0.8461538461538461
M0202/img000045.jpg,M0202,45,1527,F640,13,15.260000000125729,13,0,0,13,0,0,nan,1.0
M0202/img000045.jpg,M0202,45,1527,F1280,14,40.68109999934677,13,1,0,13,0,0,nan,0.9285714285714286
M0202/img000045.jpg,M0202,45,1527,DensK1,15,55.04530000325758,13,2,0,13,0,0,nan,0.8666666666666667
M0202/img000045.jpg,M0202,45,1527,UnifAll,15,44.05669998959638,13,2,0,13,0,0,nan,0.8666666666666667
M0202/img000045.jpg,M0202,45,1527,SAHI640,13,208.02249999542255,11,2,0,13,0,0,nan,0.8461538461538461
M0202/img000046.jpg,M0202,46,1528,F640,13,19.085700012510642,13,0,0,13,0,0,nan,1.0
M0202/img000046.jpg,M0202,46,1528,F1280,15,31.280800001695752,13,2,0,13,0,0,nan,0.8666666666666667
M0202/img000046.jpg,M0202,46,1528,DensK1,13,45.618399992235936,13,0,0,13,0,0,nan,1.0
M0202/img000046.jpg,M0202,46,1528,UnifAll,14,80.52860001043882,12,2,0,13,0,0,nan,0.8571428571428571
M0202/img000046.jpg,M0202,46,1528,SAHI640,13,248.05280000146013,11,2,0,13,0,0,nan,0.8461538461538461
M0202/img000047.jpg,M0202,47,1529,F640,13,15.91309999639634,13,0,0,13,0,0,nan,1.0
M0202/img000047.jpg,M0202,47,1529,F1280,13,34.33910000603646,13,0,0,13,0,0,nan,1.0
M0202/img000047.jpg,M0202,47,1529,DensK1,14,41.814700001850724,13,1,0,13,0,0,nan,0.9285714285714286
M0202/img000047.jpg,M0202,47,1529,UnifAll,16,65.25369999872055,13,3,0,13,0,0,nan,0.8125
M0202/img000047.jpg,M0202,47,1529,SAHI640,13,187.10250000003725,12,1,0,13,0,0,nan,0.9230769230769231
M0202/img000048.jpg,M0202,48,1530,F640,13,18.936199994641356,13,0,0,13,0,0,nan,1.0
M0202/img000048.jpg,M0202,48,1530,F1280,13,31.772700007422827,13,0,0,13,0,0,nan,1.0
M0202/img000048.jpg,M0202,48,1530,DensK1,14,48.589300000458024,13,1,0,13,0,0,nan,0.9285714285714286
M0202/img000048.jpg,M0202,48,1530,UnifAll,16,63.67470000986941,13,3,0,13,0,0,nan,0.8125
M0202/img000048.jpg,M0202,48,1530,SAHI640,13,217.2253000026103,12,1,0,13,0,0,nan,0.9230769230769231
M0202/img000049.jpg,M0202,49,1531,F640,13,23.239600006490946,13,0,0,13,0,0,nan,1.0
M0202/img000049.jpg,M0202,49,1531,F1280,13,30.086700004176237,13,0,0,13,0,0,nan,1.0
M0202/img000049.jpg,M0202,49,1531,DensK1,15,41.429999997490086,13,2,0,13,0,0,nan,0.8666666666666667
M0202/img000049.jpg,M0202,49,1531,UnifAll,16,61.52970000403002,13,3,0,13,0,0,nan,0.8125
M0202/img000049.jpg,M0202,49,1531,SAHI640,13,200.54189999063965,12,1,0,13,0,0,nan,0.9230769230769231
M0202/img000050.jpg,M0202,50,1532,F640,13,21.928099988144822,13,0,0,13,0,0,nan,1.0
M0202/img000050.jpg,M0202,50,1532,F1280,13,38.294099998893216,13,0,0,13,0,0,nan,1.0
M0202/img000050.jpg,M0202,50,1532,DensK1,14,40.27050000149757,13,1,0,13,0,0,nan,0.9285714285714286
M0202/img000050.jpg,M0202,50,1532,UnifAll,16,68.11399999423884,13,3,0,13,0,0,nan,0.8125
M0202/img000050.jpg,M0202,50,1532,SAHI640,13,203.85769999120384,12,1,0,13,0,0,nan,0.9230769230769231
M0202/img000051.jpg,M0202,51,1533,F640,13,15.261199994711205,13,0,0,13,0,0,nan,1.0
M0202/img000051.jpg,M0202,51,1533,F1280,13,30.041999998502433,13,0,0,13,0,0,nan,1.0
M0202/img000051.jpg,M0202,51,1533,DensK1,14,42.354000004706904,13,1,0,13,0,0,nan,0.9285714285714286
M0202/img000051.jpg,M0202,51,1533,UnifAll,16,65.335999999661,13,3,0,13,0,0,nan,0.8125
M0202/img000051.jpg,M0202,51,1533,SAHI640,14,180.06330000935122,13,1,0,13,0,0,nan,0.9285714285714286
M0202/img000052.jpg,M0202,52,1534,F640,14,21.62309999403078,13,1,0,13,0,0,nan,0.9285714285714286
M0202/img000052.jpg,M0202,52,1534,F1280,14,35.57140000339132,13,1,0,13,0,0,nan,0.9285714285714286
M0202/img000052.jpg,M0202,52,1534,DensK1,14,46.757100004469976,13,1,0,13,0,0,nan,0.9285714285714286
M0202/img000052.jpg,M0202,52,1534,UnifAll,15,62.32789999921806,13,2,0,13,0,0,nan,0.8666666666666667
M0202/img000052.jpg,M0202,52,1534,SAHI640,13,224.7922000096878,12,1,0,13,0,0,nan,0.9230769230769231
M0202/img000053.jpg,M0202,53,1535,F640,13,22.547700005816296,13,0,0,13,0,0,nan,1.0
M0202/img000053.jpg,M0202,53,1535,F1280,13,41.699499997776,13,0,0,13,0,0,nan,1.0
M0202/img000053.jpg,M0202,53,1535,DensK1,13,41.84960000566207,12,1,0,13,0,0,nan,0.9230769230769231
M0202/img000053.jpg,M0202,53,1535,UnifAll,14,66.87130000500474,13,1,0,13,0,0,nan,0.9285714285714286
M0202/img000053.jpg,M0202,53,1535,SAHI640,13,225.62040000048,13,0,0,13,0,0,nan,1.0
M0202/img000054.jpg,M0202,54,1536,F640,13,20.869300002232194,13,0,0,13,0,0,nan,1.0
M0202/img000054.jpg,M0202,54,1536,F1280,13,29.572399987955578,13,0,0,13,0,0,nan,1.0
M0202/img000054.jpg,M0202,54,1536,DensK1,13,46.75439999846276,13,0,0,13,0,0,nan,1.0
M0202/img000054.jpg,M0202,54,1536,UnifAll,14,63.03950000437908,13,1,0,13,0,0,nan,0.9285714285714286
M0202/img000054.jpg,M0202,54,1536,SAHI640,14,215.50080001179595,13,1,0,13,0,0,nan,0.9285714285714286
M0202/img000055.jpg,M0202,55,1537,F640,13,18.816099996911362,13,0,0,13,0,0,nan,1.0
M0202/img000055.jpg,M0202,55,1537,F1280,13,29.12750000541564,13,0,0,13,0,0,nan,1.0
M0202/img000055.jpg,M0202,55,1537,DensK1,13,41.27860000880901,13,0,0,13,0,0,nan,1.0
M0202/img000055.jpg,M0202,55,1537,UnifAll,16,61.51069999032188,13,3,0,13,0,0,nan,0.8125
M0202/img000055.jpg,M0202,55,1537,SAHI640,15,215.8906999975443,13,2,0,13,0,0,nan,0.8666666666666667
M0202/img000056.jpg,M0202,56,1538,F640,13,23.06840001256205,13,0,0,13,0,0,nan,1.0
M0202/img000056.jpg,M0202,56,1538,F1280,14,31.816900009289384,13,1,0,13,0,0,nan,0.9285714285714286
M0202/img000056.jpg,M0202,56,1538,DensK1,14,45.15960000571795,13,1,0,13,0,0,nan,0.9285714285714286
M0202/img000056.jpg,M0202,56,1538,UnifAll,14,66.00910000270233,13,1,0,13,0,0,nan,0.9285714285714286
M0202/img000056.jpg,M0202,56,1538,SAHI640,13,219.87040000385605,13,0,0,13,0,0,nan,1.0
M0202/img000057.jpg,M0202,57,1539,F640,13,21.35949999501463,13,0,0,13,0,0,nan,1.0
M0202/img000057.jpg,M0202,57,1539,F1280,14,31.36899998935405,13,1,0,13,0,0,nan,0.9285714285714286
M0202/img000057.jpg,M0202,57,1539,DensK1,13,48.71849999472033,13,0,0,13,0,0,nan,1.0
M0202/img000057.jpg,M0202,57,1539,UnifAll,14,60.08260000089649,13,1,0,13,0,0,nan,0.9285714285714286
M0202/img000057.jpg,M0202,57,1539,SAHI640,14,230.9151999943424,13,1,0,13,0,0,nan,0.9285714285714286
M0202/img000058.jpg,M0202,58,1540,F640,13,21.8380000005709,13,0,0,13,0,0,nan,1.0
M0202/img000058.jpg,M0202,58,1540,F1280,15,33.05350001028273,13,2,0,13,0,0,nan,0.8666666666666667
M0202/img000058.jpg,M0202,58,1540,DensK1,14,45.41050000989344,13,1,0,13,0,0,nan,0.9285714285714286
M0202/img000058.jpg,M0202,58,1540,UnifAll,15,74.39219999650959,13,2,0,13,0,0,nan,0.8666666666666667
M0202/img000058.jpg,M0202,58,1540,SAHI640,14,201.97229999757838,13,1,0,13,0,0,nan,0.9285714285714286
M0202/img000059.jpg,M0202,59,1541,F640,13,23.339599996688776,13,0,0,13,0,0,nan,1.0
M0202/img000059.jpg,M0202,59,1541,F1280,13,28.70999999868218,13,0,0,13,0,0,nan,1.0
M0202/img000059.jpg,M0202,59,1541,DensK1,13,45.988300000317395,13,0,0,13,0,0,nan,1.0
M0202/img000059.jpg,M0202,59,1541,UnifAll,15,59.9445999978343,13,2,0,13,0,0,nan,0.8666666666666667
M0202/img000059.jpg,M0202,59,1541,SAHI640,14,215.68249999836553,13,1,0,13,0,0,nan,0.9285714285714286
M0202/img000060.jpg,M0202,60,1542,F640,14,19.980900004156865,13,1,0,13,0,0,nan,0.9285714285714286
M0202/img000060.jpg,M0202,60,1542,F1280,13,33.772599999792874,13,0,0,13,0,0,nan,1.0
M0202/img000060.jpg,M0202,60,1542,DensK1,14,51.773300001514144,13,1,0,13,0,0,nan,0.9285714285714286
M0202/img000060.jpg,M0202,60,1542,UnifAll,15,66.89320001169108,13,2,0,13,0,0,nan,0.8666666666666667
M0202/img000060.jpg,M0202,60,1542,SAHI640,14,247.28730000788346,13,1,0,13,0,0,nan,0.9285714285714286
M0202/img000061.jpg,M0202,61,1543,F640,14,22.533200011821464,13,1,0,13,0,0,nan,0.9285714285714286
M0202/img000061.jpg,M0202,61,1543,F1280,14,29.60160000657197,13,1,0,13,0,0,nan,0.9285714285714286
M0202/img000061.jpg,M0202,61,1543,DensK1,14,49.23500001314096,13,1,0,13,0,0,nan,0.9285714285714286
M0202/img000061.jpg,M0202,61,1543,UnifAll,14,77.08259999344591,13,1,0,13,0,0,nan,0.9285714285714286
M0202/img000061.jpg,M0202,61,1543,SAHI640,14,166.47529999318067,13,1,0,13,0,0,nan,0.9285714285714286
M0202/img000062.jpg,M0202,62,1544,F640,12,32.03209998901002,12,0,0,12,0,0,nan,1.0
M0202/img000062.jpg,M0202,62,1544,F1280,15,26.347599996370263,12,3,0,12,0,0,nan,0.8
M0202/img000062.jpg,M0202,62,1544,DensK1,12,59.05549999442883,12,0,0,12,0,0,nan,1.0
M0202/img000062.jpg,M0202,62,1544,UnifAll,15,58.952199993655086,12,3,0,12,0,0,nan,0.8
M0202/img000062.jpg,M0202,62,1544,SAHI640,14,218.27929999562912,12,2,0,12,0,0,nan,0.8571428571428571
M0202/img000063.jpg,M0202,63,1545,F640,12,20.068700003321283,12,0,0,12,0,0,nan,1.0
M0202/img000063.jpg,M0202,63,1545,F1280,14,35.07629998784978,12,2,0,12,0,0,nan,0.8571428571428571
M0202/img000063.jpg,M0202,63,1545,DensK1,12,43.54070000408683,12,0,0,12,0,0,nan,1.0
M0202/img000063.jpg,M0202,63,1545,UnifAll,14,59.96830000367481,12,2,0,12,0,0,nan,0.8571428571428571
M0202/img000063.jpg,M0202,63,1545,SAHI640,14,215.3486999886809,12,2,0,12,0,0,nan,0.8571428571428571
M0202/img000064.jpg,M0202,64,1546,F640,12,22.070300008635968,12,0,0,12,0,0,nan,1.0
M0202/img000064.jpg,M0202,64,1546,F1280,14,32.170799997402355,12,2,0,12,0,0,nan,0.8571428571428571
M0202/img000064.jpg,M0202,64,1546,DensK1,12,38.59180001018103,12,0,0,12,0,0,nan,1.0
M0202/img000064.jpg,M0202,64,1546,UnifAll,14,62.3494000028586,12,2,0,12,0,0,nan,0.8571428571428571
M0202/img000064.jpg,M0202,64,1546,SAHI640,15,211.57529999618419,12,3,0,12,0,0,nan,0.8
M0202/img000065.jpg,M0202,65,1547,F640,13,14.73690000420902,12,1,0,12,0,0,nan,0.9230769230769231
M0202/img000065.jpg,M0202,65,1547,F1280,13,26.53489999647718,12,1,0,12,0,0,nan,0.9230769230769231
M0202/img000065.jpg,M0202,65,1547,DensK1,13,58.56919998768717,12,1,0,12,0,0,nan,0.9230769230769231
M0202/img000065.jpg,M0202,65,1547,UnifAll,14,140.32079999742564,12,2,0,12,0,0,nan,0.8571428571428571
M0202/img000065.jpg,M0202,65,1547,SAHI640,14,168.98569998738822,12,2,0,12,0,0,nan,0.8571428571428571
M0202/img000066.jpg,M0202,66,1548,F640,12,21.57489999081008,12,0,0,12,0,0,nan,1.0
M0202/img000066.jpg,M0202,66,1548,F1280,13,27.440699996077456,12,1,0,12,0,0,nan,0.9230769230769231
M0202/img000066.jpg,M0202,66,1548,DensK1,12,44.39219999767374,12,0,0,12,0,0,nan,1.0
M0202/img000066.jpg,M0202,66,1548,UnifAll,13,58.00499999895692,12,1,0,12,0,0,nan,0.9230769230769231
M0202/img000066.jpg,M0202,66,1548,SAHI640,14,186.1549000022933,12,2,0,12,0,0,nan,0.8571428571428571
M0202/img000067.jpg,M0202,67,1549,F640,13,23.334999990765937,12,1,0,12,0,0,nan,0.9230769230769231
M0202/img000067.jpg,M0202,67,1549,F1280,13,28.73150000232272,12,1,0,12,0,0,nan,0.9230769230769231
M0202/img000067.jpg,M0202,67,1549,DensK1,13,49.373200003174134,12,1,0,12,0,0,nan,0.9230769230769231
M0202/img000067.jpg,M0202,67,1549,UnifAll,15,58.24879999272525,12,3,0,12,0,0,nan,0.8
M0202/img000067.jpg,M0202,67,1549,SAHI640,14,178.40129999967758,12,2,0,12,0,0,nan,0.8571428571428571
M0202/img000068.jpg,M0202,68,1550,F640,14,19.52700001129415,12,2,0,12,0,0,nan,0.8571428571428571
M0202/img000068.jpg,M0202,68,1550,F1280,13,28.55400000407826,12,1,0,12,0,0,nan,0.9230769230769231
M0202/img000068.jpg,M0202,68,1550,DensK1,14,44.099800012190826,12,2,0,12,0,0,nan,0.8571428571428571
M0202/img000068.jpg,M0202,68,1550,UnifAll,15,61.17810000432655,12,3,0,12,0,0,nan,0.8
M0202/img000068.jpg,M0202,68,1550,SAHI640,15,240.27869998826645,12,3,0,12,0,0,nan,0.8
M0202/img000069.jpg,M0202,69,1551,F640,15,20.964900002582,12,3,0,12,0,0,nan,0.8
M0202/img000069.jpg,M0202,69,1551,F1280,14,28.766500006895512,12,2,0,12,0,0,nan,0.8571428571428571
M0202/img000069.jpg,M0202,69,1551,DensK1,15,44.0937999956077,12,3,0,12,0,0,nan,0.8
M0202/img000069.jpg,M0202,69,1551,UnifAll,15,62.531099989428185,12,3,0,12,0,0,nan,0.8
M0202/img000069.jpg,M0202,69,1551,SAHI640,15,203.13080000050832,12,3,0,12,0,0,nan,0.8
M0202/img000070.jpg,M0202,70,1552,F640,14,16.811800000141375,12,2,0,12,0,0,nan,0.8571428571428571
M0202/img000070.jpg,M0202,70,1552,F1280,15,35.894999993615784,12,3,0,12,0,0,nan,0.8
M0202/img000070.jpg,M0202,70,1552,DensK1,14,54.488499998115,12,2,0,12,0,0,nan,0.8571428571428571
M0202/img000070.jpg,M0202,70,1552,UnifAll,14,63.59010000596754,12,2,0,12,0,0,nan,0.8571428571428571
M0202/img000070.jpg,M0202,70,1552,SAHI640,14,209.92999999725726,12,2,0,12,0,0,nan,0.8571428571428571
M0202/img000071.jpg,M0202,71,1553,F640,13,20.932100000209175,12,1,0,12,0,0,nan,0.9230769230769231
M0202/img000071.jpg,M0202,71,1553,F1280,14,43.203699999139644,12,2,0,12,0,0,nan,0.8571428571428571
M0202/img000071.jpg,M0202,71,1553,DensK1,14,54.64360000041779,12,2,0,12,0,0,nan,0.8571428571428571
M0202/img000071.jpg,M0202,71,1553,UnifAll,14,72.73850000638049,12,2,0,12,0,0,nan,0.8571428571428571
M0202/img000071.jpg,M0202,71,1553,SAHI640,13,229.71429998870008,12,1,0,12,0,0,nan,0.9230769230769231
M0202/img000072.jpg,M0202,72,1554,F640,13,23.665199987590313,12,1,0,12,0,0,nan,0.9230769230769231
M0202/img000072.jpg,M0202,72,1554,F1280,14,49.42500000470318,12,2,0,12,0,0,nan,0.8571428571428571
M0202/img000072.jpg,M0202,72,1554,DensK1,13,40.06840000511147,12,1,0,12,0,0,nan,0.9230769230769231
M0202/img000072.jpg,M0202,72,1554,UnifAll,13,65.10570000682492,12,1,0,12,0,0,nan,0.9230769230769231
M0202/img000072.jpg,M0202,72,1554,SAHI640,13,221.2662999954773,12,1,0,12,0,0,nan,0.9230769230769231
M0202/img000073.jpg,M0202,73,1555,F640,13,21.024200003012083,12,1,0,12,0,0,nan,0.9230769230769231
M0202/img000073.jpg,M0202,73,1555,F1280,14,46.22950000339188,12,2,0,12,0,0,nan,0.8571428571428571
M0202/img000073.jpg,M0202,73,1555,DensK1,14,45.09189999953378,12,2,0,12,0,0,nan,0.8571428571428571
M0202/img000073.jpg,M0202,73,1555,UnifAll,14,56.14190000051167,12,2,0,12,0,0,nan,0.8571428571428571
M0202/img000073.jpg,M0202,73,1555,SAHI640,14,189.95970000105444,12,2,0,12,0,0,nan,0.8571428571428571
M0202/img000074.jpg,M0202,74,1556,F640,13,21.283299996866845,12,1,0,12,0,0,nan,0.9230769230769231
M0202/img000074.jpg,M0202,74,1556,F1280,13,51.30190000636503,12,1,0,12,0,0,nan,0.9230769230769231
M0202/img000074.jpg,M0202,74,1556,DensK1,14,51.33779998868704,12,2,0,12,0,0,nan,0.8571428571428571
M0202/img000074.jpg,M0202,74,1556,UnifAll,15,60.52759999874979,12,3,0,12,0,0,nan,0.8
M0202/img000074.jpg,M0202,74,1556,SAHI640,14,211.1220999940997,12,2,0,12,0,0,nan,0.8571428571428571
M0202/img000075.jpg,M0202,75,1557,F640,13,21.63519999885466,12,1,0,12,0,0,nan,0.9230769230769231
M0202/img000075.jpg,M0202,75,1557,F1280,13,44.38110000046436,12,1,0,12,0,0,nan,0.9230769230769231
M0202/img000075.jpg,M0202,75,1557,DensK1,14,44.21849999926053,12,2,0,12,0,0,nan,0.8571428571428571
M0202/img000075.jpg,M0202,75,1557,UnifAll,15,67.73539999267086,12,3,0,12,0,0,nan,0.8
M0202/img000075.jpg,M0202,75,1557,SAHI640,14,203.22370000940282,12,2,0,12,0,0,nan,0.8571428571428571
M0202/img000076.jpg,M0202,76,1558,F640,13,21.438399999169633,12,1,0,12,0,0,nan,0.9230769230769231
M0202/img000076.jpg,M0202,76,1558,F1280,13,32.01650000119116,12,1,0,12,0,0,nan,0.9230769230769231
M0202/img000076.jpg,M0202,76,1558,DensK1,14,59.97660000866745,12,2,0,12,0,0,nan,0.8571428571428571
M0202/img000076.jpg,M0202,76,1558,UnifAll,14,60.83360000047833,12,2,0,12,0,0,nan,0.8571428571428571
M0202/img000076.jpg,M0202,76,1558,SAHI640,14,209.8932000080822,12,2,0,12,0,0,nan,0.8571428571428571
M0202/img000077.jpg,M0202,77,1559,F640,13,17.815700004575774,12,1,0,12,0,0,nan,0.9230769230769231
M0202/img000077.jpg,M0202,77,1559,F1280,13,30.417700007092208,12,1,0,12,0,0,nan,0.9230769230769231
M0202/img000077.jpg,M0202,77,1559,DensK1,14,51.494700004695915,12,2,0,12,0,0,nan,0.8571428571428571
M0202/img000077.jpg,M0202,77,1559,UnifAll,14,103.06680000212509,12,2,0,12,0,0,nan,0.8571428571428571
M0202/img000077.jpg,M0202,77,1559,SAHI640,14,227.33419999713078,12,2,0,12,0,0,nan,0.8571428571428571
M0202/img000078.jpg,M0202,78,1560,F640,13,20.462300002691336,12,1,0,12,1,1,1.0,0.9230769230769231
M0202/img000078.jpg,M0202,78,1560,F1280,13,46.819300012430176,12,1,0,12,1,1,1.0,0.9230769230769231
M0202/img000078.jpg,M0202,78,1560,DensK1,13,61.36469999910332,11,2,0,12,1,1,1.0,0.8461538461538461
M0202/img000078.jpg,M0202,78,1560,UnifAll,13,113.31009998684749,12,1,0,12,1,1,1.0,0.9230769230769231
M0202/img000078.jpg,M0202,78,1560,SAHI640,14,173.9644000044791,12,2,0,12,1,1,1.0,0.8571428571428571
M0202/img000079.jpg,M0202,79,1561,F640,14,20.8515999984229,12,2,0,12,1,1,1.0,0.8571428571428571
M0202/img000079.jpg,M0202,79,1561,F1280,14,56.66220000421163,12,2,0,12,1,1,1.0,0.8571428571428571
M0202/img000079.jpg,M0202,79,1561,DensK1,15,46.86509999737609,12,3,0,12,1,1,1.0,0.8
M0202/img000079.jpg,M0202,79,1561,UnifAll,15,66.16550000035204,12,3,0,12,1,1,1.0,0.8
M0202/img000079.jpg,M0202,79,1561,SAHI640,14,199.9420999927679,12,2,0,12,1,1,1.0,0.8571428571428571
M0202/img000080.jpg,M0202,80,1562,F640,13,23.1935999909183,12,1,0,12,1,1,1.0,0.9230769230769231
M0202/img000080.jpg,M0202,80,1562,F1280,14,34.90410000085831,12,2,0,12,1,1,1.0,0.8571428571428571
M0202/img000080.jpg,M0202,80,1562,DensK1,15,46.81069999060128,12,3,0,12,1,1,1.0,0.8
M0202/img000080.jpg,M0202,80,1562,UnifAll,15,63.344899986987,12,3,0,12,1,1,1.0,0.8
M0202/img000080.jpg,M0202,80,1562,SAHI640,13,197.73300000815652,12,1,0,12,1,1,1.0,0.9230769230769231
M0202/img000081.jpg,M0202,81,1563,F640,13,21.92549999745097,12,1,0,12,1,1,1.0,0.9230769230769231
M0202/img000081.jpg,M0202,81,1563,F1280,13,32.50519999710377,12,1,0,12,1,1,1.0,0.9230769230769231
M0202/img000081.jpg,M0202,81,1563,DensK1,15,56.42710000392981,12,3,0,12,1,1,1.0,0.8
M0202/img000081.jpg,M0202,81,1563,UnifAll,14,75.20000000658911,12,2,0,12,1,1,1.0,0.8571428571428571
M0202/img000081.jpg,M0202,81,1563,SAHI640,14,222.29689999949187,12,2,0,12,1,1,1.0,0.8571428571428571
M0202/img000082.jpg,M0202,82,1564,F640,13,19.73730001191143,12,1,0,12,1,1,1.0,0.9230769230769231
M0202/img000082.jpg,M0202,82,1564,F1280,14,31.568299993523397,12,2,0,12,1,1,1.0,0.8571428571428571
M0202/img000082.jpg,M0202,82,1564,DensK1,14,46.25859999214299,12,2,0,12,1,1,1.0,0.8571428571428571
M0202/img000082.jpg,M0202,82,1564,UnifAll,14,78.82680000329856,12,2,0,12,1,1,1.0,0.8571428571428571
M0202/img000082.jpg,M0202,82,1564,SAHI640,14,226.2668999901507,12,2,0,12,1,1,1.0,0.8571428571428571
M0202/img000083.jpg,M0202,83,1565,F640,13,21.96199999889359,12,1,0,12,1,1,1.0,0.9230769230769231
M0202/img000083.jpg,M0202,83,1565,F1280,13,35.26129999954719,12,1,0,12,1,1,1.0,0.9230769230769231
M0202/img000083.jpg,M0202,83,1565,DensK1,14,42.99499999615364,12,2,0,12,1,1,1.0,0.8571428571428571
M0202/img000083.jpg,M0202,83,1565,UnifAll,14,70.90109999990091,12,2,0,12,1,1,1.0,0.8571428571428571
M0202/img000083.jpg,M0202,83,1565,SAHI640,14,211.73690000432543,12,2,0,12,1,1,1.0,0.8571428571428571
M0202/img000084.jpg,M0202,84,1566,F640,13,21.03950000309851,11,2,0,11,1,1,1.0,0.8461538461538461
M0202/img000084.jpg,M0202,84,1566,F1280,13,33.143900000141,11,2,0,11,1,1,1.0,0.8461538461538461
M0202/img000084.jpg,M0202,84,1566,DensK1,14,42.34310000902042,11,3,0,11,1,1,1.0,0.7857142857142857
M0202/img000084.jpg,M0202,84,1566,UnifAll,14,63.12419999449048,11,3,0,11,1,1,1.0,0.7857142857142857
M0202/img000084.jpg,M0202,84,1566,SAHI640,13,236.09050000959542,11,2,0,11,1,1,1.0,0.8461538461538461
M0202/img000085.jpg,M0202,85,1567,F640,13,18.561000004410744,11,2,0,11,1,1,1.0,0.8461538461538461
M0202/img000085.jpg,M0202,85,1567,F1280,13,43.97210000024643,11,2,0,11,1,1,1.0,0.8461538461538461
M0202/img000085.jpg,M0202,85,1567,DensK1,15,45.39870000735391,11,4,0,11,1,1,1.0,0.7333333333333333
M0202/img000085.jpg,M0202,85,1567,UnifAll,15,56.57240000437014,11,4,0,11,1,1,1.0,0.7333333333333333
M0202/img000085.jpg,M0202,85,1567,SAHI640,14,243.3716999948956,11,3,0,11,1,1,1.0,0.7857142857142857
M0202/img000086.jpg,M0202,86,1568,F640,13,22.20310000120662,11,2,0,11,1,1,1.0,0.8461538461538461
M0202/img000086.jpg,M0202,86,1568,F1280,13,34.71370000625029,11,2,0,11,1,1,1.0,0.8461538461538461
M0202/img000086.jpg,M0202,86,1568,DensK1,14,65.47729999874718,11,3,0,11,1,1,1.0,0.7857142857142857
M0202/img000086.jpg,M0202,86,1568,UnifAll,15,64.96199998946395,11,4,0,11,1,1,1.0,0.7333333333333333
M0202/img000086.jpg,M0202,86,1568,SAHI640,14,234.0011000051163,11,3,0,11,1,1,1.0,0.7857142857142857
M0202/img000087.jpg,M0202,87,1569,F640,13,23.3579999912763,11,2,0,11,1,1,1.0,0.8461538461538461
M0202/img000087.jpg,M0202,87,1569,F1280,13,39.339499999186955,11,2,0,11,1,1,1.0,0.8461538461538461
M0202/img000087.jpg,M0202,87,1569,DensK1,14,44.34999999648426,11,3,0,11,1,1,1.0,0.7857142857142857
M0202/img000087.jpg,M0202,87,1569,UnifAll,15,65.68330001027789,11,4,0,11,1,1,1.0,0.7333333333333333
M0202/img000087.jpg,M0202,87,1569,SAHI640,15,234.87000000022817,11,4,0,11,1,1,1.0,0.7333333333333333
M0202/img000088.jpg,M0202,88,1570,F640,13,20.061100003658794,11,2,0,11,1,1,1.0,0.8461538461538461
M0202/img000088.jpg,M0202,88,1570,F1280,15,43.51989999122452,11,4,0,11,1,1,1.0,0.7333333333333333
M0202/img000088.jpg,M0202,88,1570,DensK1,14,46.15140000532847,11,3,0,11,1,1,1.0,0.7857142857142857
M0202/img000088.jpg,M0202,88,1570,UnifAll,14,63.36860000737943,11,3,0,11,1,1,1.0,0.7857142857142857
M0202/img000088.jpg,M0202,88,1570,SAHI640,14,247.20929999602959,11,3,0,11,1,1,1.0,0.7857142857142857
M0202/img000089.jpg,M0202,89,1571,F640,13,22.764299996197224,11,2,0,11,1,1,1.0,0.8461538461538461
M0202/img000089.jpg,M0202,89,1571,F1280,14,49.37019999488257,11,3,0,11,1,1,1.0,0.7857142857142857
M0202/img000089.jpg,M0202,89,1571,DensK1,14,44.98230000899639,11,3,0,11,1,1,1.0,0.7857142857142857
M0202/img000089.jpg,M0202,89,1571,UnifAll,14,74.90279999910854,11,3,0,11,1,1,1.0,0.7857142857142857
M0202/img000089.jpg,M0202,89,1571,SAHI640,14,230.51029999624006,11,3,0,11,1,1,1.0,0.7857142857142857
M0202/img000090.jpg,M0202,90,1572,F640,14,21.203399999649264,10,4,0,10,1,1,1.0,0.7142857142857143
M0202/img000090.jpg,M0202,90,1572,F1280,14,55.526199997984804,10,4,0,10,1,1,1.0,0.7142857142857143
M0202/img000090.jpg,M0202,90,1572,DensK1,14,67.1126999950502,10,4,0,10,1,1,1.0,0.7142857142857143
M0202/img000090.jpg,M0202,90,1572,UnifAll,15,82.36099999339785,10,5,0,10,1,1,1.0,0.6666666666666666
M0202/img000090.jpg,M0202,90,1572,SAHI640,16,243.35370000335388,10,6,0,10,1,1,1.0,0.625
M0202/img000091.jpg,M0202,91,1573,F640,14,22.10400000330992,10,4,0,10,1,1,1.0,0.7142857142857143
M0202/img000091.jpg,M0202,91,1573,F1280,14,50.2186000085203,10,4,0,10,1,1,1.0,0.7142857142857143
M0202/img000091.jpg,M0202,91,1573,DensK1,14,39.89010000077542,10,4,0,10,1,1,1.0,0.7142857142857143
M0202/img000091.jpg,M0202,91,1573,UnifAll,15,67.4486999923829,10,5,0,10,1,1,1.0,0.6666666666666666
M0202/img000091.jpg,M0202,91,1573,SAHI640,15,234.06220000470057,10,5,0,10,1,1,1.0,0.6666666666666666
M0202/img000092.jpg,M0202,92,1574,F640,14,25.968399990233593,10,4,0,10,1,1,1.0,0.7142857142857143
M0202/img000092.jpg,M0202,92,1574,F1280,16,43.07300000800751,10,6,0,10,1,1,1.0,0.625
M0202/img000092.jpg,M0202,92,1574,DensK1,14,39.94240000611171,10,4,0,10,1,1,1.0,0.7142857142857143
M0202/img000092.jpg,M0202,92,1574,UnifAll,16,64.69250000372995,10,6,0,10,1,1,1.0,0.625
M0202/img000092.jpg,M0202,92,1574,SAHI640,14,219.21589999692515,10,4,0,10,1,1,1.0,0.7142857142857143
M0202/img000093.jpg,M0202,93,1575,F640,13,37.489099995582364,10,3,0,10,1,1,1.0,0.7692307692307693
M0202/img000093.jpg,M0202,93,1575,F1280,13,49.17099999147467,10,3,0,10,1,1,1.0,0.7692307692307693
M0202/img000093.jpg,M0202,93,1575,DensK1,13,45.914800008176826,10,3,0,10,1,1,1.0,0.7692307692307693
M0202/img000093.jpg,M0202,93,1575,UnifAll,17,64.35299999429844,10,7,0,10,1,1,1.0,0.5882352941176471
M0202/img000093.jpg,M0202,93,1575,SAHI640,13,223.17699999257457,10,3,0,10,1,1,1.0,0.7692307692307693
M0202/img000094.jpg,M0202,94,1576,F640,13,29.950299998745322,11,2,0,11,1,1,1.0,0.8461538461538461
M0202/img000094.jpg,M0202,94,1576,F1280,14,48.90439999871887,11,3,0,11,1,1,1.0,0.7857142857142857
M0202/img000094.jpg,M0202,94,1576,DensK1,13,53.514800005359575,11,2,0,11,1,1,1.0,0.8461538461538461
M0202/img000094.jpg,M0202,94,1576,UnifAll,15,65.4701000021305,11,4,0,11,1,1,1.0,0.7333333333333333
M0202/img000094.jpg,M0202,94,1576,SAHI640,13,263.562300009653,11,2,0,11,1,1,1.0,0.8461538461538461
M0202/img000095.jpg,M0202,95,1577,F640,13,23.082500003511086,11,2,0,11,1,1,1.0,0.8461538461538461
M0202/img000095.jpg,M0202,95,1577,F1280,14,38.277300001936965,11,3,0,11,1,1,1.0,0.7857142857142857
M0202/img000095.jpg,M0202,95,1577,DensK1,13,43.18390000844374,11,2,0,11,1,1,1.0,0.8461538461538461
M0202/img000095.jpg,M0202,95,1577,UnifAll,15,84.26420000614598,11,4,0,11,1,1,1.0,0.7333333333333333
M0202/img000095.jpg,M0202,95,1577,SAHI640,13,437.3150000028545,11,2,0,11,1,1,1.0,0.8461538461538461
M0202/img000096.jpg,M0202,96,1578,F640,13,21.711900000809692,11,2,0,11,1,1,1.0,0.8461538461538461
M0202/img000096.jpg,M0202,96,1578,F1280,14,37.76200000720564,11,3,0,11,1,1,1.0,0.7857142857142857
M0202/img000096.jpg,M0202,96,1578,DensK1,14,48.00300000351854,11,3,0,11,1,1,1.0,0.7857142857142857
M0202/img000096.jpg,M0202,96,1578,UnifAll,16,76.0314999934053,11,5,0,11,1,1,1.0,0.6875
M0202/img000096.jpg,M0202,96,1578,SAHI640,14,271.96189999813214,11,3,0,11,1,1,1.0,0.7857142857142857
M0202/img000097.jpg,M0202,97,1579,F640,13,22.41199999116361,11,2,0,11,1,1,1.0,0.8461538461538461
M0202/img000097.jpg,M0202,97,1579,F1280,16,33.66939999978058,11,5,0,11,1,1,1.0,0.6875
M0202/img000097.jpg,M0202,97,1579,DensK1,14,59.2470000119647,11,3,0,11,1,1,1.0,0.7857142857142857
M0202/img000097.jpg,M0202,97,1579,UnifAll,17,117.66900001384784,11,6,0,11,1,1,1.0,0.6470588235294118
M0202/img000097.jpg,M0202,97,1579,SAHI640,13,238.90920000849292,10,3,0,11,1,1,1.0,0.7692307692307693
M0202/img000098.jpg,M0202,98,1580,F640,13,19.146799997542985,11,2,0,11,1,1,1.0,0.8461538461538461
M0202/img000098.jpg,M0202,98,1580,F1280,16,39.61849999905098,11,5,0,11,1,1,1.0,0.6875
M0202/img000098.jpg,M0202,98,1580,DensK1,15,50.045600000885315,11,4,0,11,1,1,1.0,0.7333333333333333
M0202/img000098.jpg,M0202,98,1580,UnifAll,17,67.76000000536442,11,6,0,11,1,1,1.0,0.6470588235294118
M0202/img000098.jpg,M0202,98,1580,SAHI640,16,236.27989999658894,11,5,0,11,1,1,1.0,0.6875
M0202/img000099.jpg,M0202,99,1581,F640,13,39.99989999283571,11,2,0,11,1,1,1.0,0.8461538461538461
M0202/img000099.jpg,M0202,99,1581,F1280,14,58.938399990438484,11,3,0,11,1,1,1.0,0.7857142857142857
M0202/img000099.jpg,M0202,99,1581,DensK1,14,45.74770000181161,11,3,0,11,1,1,1.0,0.7857142857142857
M0202/img000099.jpg,M0202,99,1581,UnifAll,15,82.52820000052452,11,4,0,11,1,1,1.0,0.7333333333333333
M0202/img000099.jpg,M0202,99,1581,SAHI640,15,224.62890000315383,11,4,0,11,1,1,1.0,0.7333333333333333
M0202/img000100.jpg,M0202,100,1582,F640,13,22.603400007938035,11,2,0,11,1,1,1.0,0.8461538461538461
M0202/img000100.jpg,M0202,100,1582,F1280,13,37.83359999943059,11,2,0,11,1,1,1.0,0.8461538461538461
M0202/img000100.jpg,M0202,100,1582,DensK1,14,42.84549999283627,11,3,0,11,1,1,1.0,0.7857142857142857
M0202/img000100.jpg,M0202,100,1582,UnifAll,15,66.65770000836346,11,4,0,11,1,1,1.0,0.7333333333333333
M0202/img000100.jpg,M0202,100,1582,SAHI640,15,196.5694000100484,11,4,0,11,1,1,1.0,0.7333333333333333
M0202/img000101.jpg,M0202,101,1583,F640,13,25.899699990986846,11,2,0,11,1,1,1.0,0.8461538461538461
M0202/img000101.jpg,M0202,101,1583,F1280,13,35.1202000019839,11,2,0,11,1,1,1.0,0.8461538461538461
M0202/img000101.jpg,M0202,101,1583,DensK1,14,44.967499998165295,11,3,0,11,1,1,1.0,0.7857142857142857
M0202/img000101.jpg,M0202,101,1583,UnifAll,15,71.45740000123624,11,4,0,11,1,1,1.0,0.7333333333333333
M0202/img000101.jpg,M0202,101,1583,SAHI640,14,206.09339998918585,11,3,0,11,1,1,1.0,0.7857142857142857
M0202/img000102.jpg,M0202,102,1584,F640,13,20.74700000230223,12,1,0,12,1,1,1.0,0.9230769230769231
M0202/img000102.jpg,M0202,102,1584,F1280,14,34.459899994544685,12,2,0,12,1,1,1.0,0.8571428571428571
M0202/img000102.jpg,M0202,102,1584,DensK1,14,42.85189999791328,12,2,0,12,1,1,1.0,0.8571428571428571
M0202/img000102.jpg,M0202,102,1584,UnifAll,15,69.09979999181814,12,3,0,12,1,1,1.0,0.8
M0202/img000102.jpg,M0202,102,1584,SAHI640,15,224.17800000403076,12,3,0,12,1,1,1.0,0.8
M0202/img000103.jpg,M0202,103,1585,F640,13,22.511099989060313,12,1,0,12,1,1,1.0,0.9230769230769231
M0202/img000103.jpg,M0202,103,1585,F1280,12,43.30340000160504,12,0,0,12,1,1,1.0,1.0
M0202/img000103.jpg,M0202,103,1585,DensK1,14,41.91880000871606,12,2,0,12,1,1,1.0,0.8571428571428571
M0202/img000103.jpg,M0202,103,1585,UnifAll,15,66.98129999858793,12,3,0,12,1,1,1.0,0.8
M0202/img000103.jpg,M0202,103,1585,SAHI640,13,246.2117999966722,12,1,0,12,1,1,1.0,0.9230769230769231
M0202/img000104.jpg,M0202,104,1586,F640,13,20.252100002835505,12,1,0,12,1,1,1.0,0.9230769230769231
M0202/img000104.jpg,M0202,104,1586,F1280,13,39.18320000229869,12,1,0,12,1,1,1.0,0.9230769230769231
M0202/img000104.jpg,M0202,104,1586,DensK1,14,47.222599998349324,12,2,0,12,1,1,1.0,0.8571428571428571
M0202/img000104.jpg,M0202,104,1586,UnifAll,15,66.02310000744183,12,3,0,12,1,1,1.0,0.8
M0202/img000104.jpg,M0202,104,1586,SAHI640,14,220.9370999917155,12,2,0,12,1,1,1.0,0.8571428571428571
M0202/img000105.jpg,M0202,105,1587,F640,13,15.235200000461191,12,1,0,12,1,1,1.0,0.9230769230769231
M0202/img000105.jpg,M0202,105,1587,F1280,14,44.06369999924209,12,2,0,12,1,1,1.0,0.8571428571428571
M0202/img000105.jpg,M0202,105,1587,DensK1,13,60.401199996704236,12,1,0,12,1,1,1.0,0.9230769230769231
M0202/img000105.jpg,M0202,105,1587,UnifAll,14,71.67649999610148,12,2,0,12,1,1,1.0,0.8571428571428571
M0202/img000105.jpg,M0202,105,1587,SAHI640,15,232.5042000011308,12,3,0,12,1,1,1.0,0.8
M0202/img000106.jpg,M0202,106,1588,F640,14,22.14349999849219,12,2,0,12,1,1,1.0,0.8571428571428571
M0202/img000106.jpg,M0202,106,1588,F1280,14,41.90810000000056,12,2,0,12,1,1,1.0,0.8571428571428571
M0202/img000106.jpg,M0202,106,1588,DensK1,14,46.63090000394732,12,2,0,12,1,1,1.0,0.8571428571428571
M0202/img000106.jpg,M0202,106,1588,UnifAll,15,63.58800000452902,12,3,0,12,1,1,1.0,0.8
M0202/img000106.jpg,M0202,106,1588,SAHI640,15,203.84509999712463,12,3,0,12,1,1,1.0,0.8
M0202/img000107.jpg,M0202,107,1589,F640,14,18.39690000633709,12,2,0,12,1,1,1.0,0.8571428571428571
M0202/img000107.jpg,M0202,107,1589,F1280,14,48.05550001037773,12,2,0,12,1,1,1.0,0.8571428571428571
M0202/img000107.jpg,M0202,107,1589,DensK1,14,48.746999993454665,12,2,0,12,1,1,1.0,0.8571428571428571
M0202/img000107.jpg,M0202,107,1589,UnifAll,15,65.18360000336543,12,3,0,12,1,1,1.0,0.8
M0202/img000107.jpg,M0202,107,1589,SAHI640,14,194.64209998841397,12,2,0,12,1,1,1.0,0.8571428571428571
M0202/img000108.jpg,M0202,108,1590,F640,14,21.66189999843482,12,2,0,12,1,1,1.0,0.8571428571428571
M0202/img000108.jpg,M0202,108,1590,F1280,13,46.87960000592284,12,1,0,12,1,1,1.0,0.9230769230769231
M0202/img000108.jpg,M0202,108,1590,DensK1,14,62.29970000276808,12,2,0,12,1,1,1.0,0.8571428571428571
M0202/img000108.jpg,M0202,108,1590,UnifAll,16,70.79599999997299,12,4,0,12,1,1,1.0,0.75
M0202/img000108.jpg,M0202,108,1590,SAHI640,15,211.18240000214428,12,3,0,12,1,1,1.0,0.8
M0202/img000109.jpg,M0202,109,1591,F640,14,41.74549999879673,12,2,0,12,1,1,1.0,0.8571428571428571
M0202/img000109.jpg,M0202,109,1591,F1280,13,50.25650000607129,12,1,0,12,1,1,1.0,0.9230769230769231
M0202/img000109.jpg,M0202,109,1591,DensK1,14,46.37150000780821,12,2,0,12,1,1,1.0,0.8571428571428571
M0202/img000109.jpg,M0202,109,1591,UnifAll,16,66.18959999468643,12,4,0,12,1,1,1.0,0.75
M0202/img000109.jpg,M0202,109,1591,SAHI640,15,234.97289999795612,11,4,0,12,1,1,1.0,0.7333333333333333
M0202/img000110.jpg,M0202,110,1592,F640,14,21.47889998741448,12,2,0,12,1,1,1.0,0.8571428571428571
M0202/img000110.jpg,M0202,110,1592,F1280,14,43.62690000561997,12,2,0,12,1,1,1.0,0.8571428571428571
M0202/img000110.jpg,M0202,110,1592,DensK1,14,47.27850000199396,12,2,0,12,1,1,1.0,0.8571428571428571
M0202/img000110.jpg,M0202,110,1592,UnifAll,16,66.64340000133961,12,4,0,12,1,1,1.0,0.75
M0202/img000110.jpg,M0202,110,1592,SAHI640,16,237.62149999674875,11,5,0,12,1,1,1.0,0.6875
M0202/img000111.jpg,M0202,111,1593,F640,14,23.283000002265908,13,1,0,13,1,1,1.0,0.9285714285714286
M0202/img000111.jpg,M0202,111,1593,F1280,14,46.75700000370853,13,1,0,13,1,1,1.0,0.9285714285714286
M0202/img000111.jpg,M0202,111,1593,DensK1,15,49.010000002454035,13,2,0,13,1,1,1.0,0.8666666666666667
M0202/img000111.jpg,M0202,111,1593,UnifAll,17,65.52249999367632,13,4,0,13,1,1,1.0,0.7647058823529411
M0202/img000111.jpg,M0202,111,1593,SAHI640,14,213.51649999269284,12,2,0,13,1,1,1.0,0.8571428571428571
M0202/img000112.jpg,M0202,112,1594,F640,14,21.548300006543286,13,1,0,13,1,1,1.0,0.9285714285714286
M0202/img000112.jpg,M0202,112,1594,F1280,14,33.33289999864064,13,1,0,13,1,1,1.0,0.9285714285714286
M0202/img000112.jpg,M0202,112,1594,DensK1,15,45.806800000718795,13,2,0,13,1,1,1.0,0.8666666666666667
M0202/img000112.jpg,M0202,112,1594,UnifAll,17,65.143599989824,13,4,0,13,1,1,1.0,0.7647058823529411
M0202/img000112.jpg,M0202,112,1594,SAHI640,14,205.74749998922925,11,3,0,13,1,1,1.0,0.7857142857142857
M0202/img000113.jpg,M0202,113,1595,F640,15,21.19230000243988,13,2,0,13,1,1,1.0,0.8666666666666667
M0202/img000113.jpg,M0202,113,1595,F1280,16,45.05639999115374,13,3,0,13,1,1,1.0,0.8125
M0202/img000113.jpg,M0202,113,1595,DensK1,16,57.49019999348093,13,3,0,13,1,1,1.0,0.8125
M0202/img000113.jpg,M0202,113,1595,UnifAll,19,64.57099999533966,13,6,0,13,1,1,1.0,0.6842105263157895
M0202/img000113.jpg,M0202,113,1595,SAHI640,15,268.10739999928046,13,2,0,13,1,1,1.0,0.8666666666666667
M0202/img000114.jpg,M0202,114,1596,F640,16,19.730699990759604,13,3,0,13,1,1,1.0,0.8125
M0202/img000114.jpg,M0202,114,1596,F1280,15,41.83740000007674,13,2,0,13,1,1,1.0,0.8666666666666667
M0202/img000114.jpg,M0202,114,1596,DensK1,17,38.53479999816045,13,4,0,13,1,1,1.0,0.7647058823529411
M0202/img000114.jpg,M0202,114,1596,UnifAll,20,57.43489999440499,13,7,0,13,1,1,1.0,0.65
M0202/img000114.jpg,M0202,114,1596,SAHI640,15,196.22529999469407,12,3,0,13,1,1,1.0,0.8
M0202/img000115.jpg,M0202,115,1597,F640,15,21.508900012122467,13,2,0,13,1,1,1.0,0.8666666666666667
M0202/img000115.jpg,M0202,115,1597,F1280,15,60.99949999770615,13,2,0,13,1,1,1.0,0.8666666666666667
M0202/img000115.jpg,M0202,115,1597,DensK1,16,48.465500003658235,13,3,0,13,1,1,1.0,0.8125
M0202/img000115.jpg,M0202,115,1597,UnifAll,19,131.54129999747965,13,6,0,13,1,1,1.0,0.6842105263157895
M0202/img000115.jpg,M0202,115,1597,SAHI640,16,208.6591999977827,12,4,0,13,1,1,1.0,0.75
M0202/img000116.jpg,M0202,116,1598,F640,15,36.37459999299608,14,1,0,14,1,1,1.0,0.9333333333333333
M0202/img000116.jpg,M0202,116,1598,F1280,15,43.56459999689832,14,1,0,14,1,1,1.0,0.9333333333333333
M0202/img000116.jpg,M0202,116,1598,DensK1,16,48.29330000211485,14,2,0,14,1,1,1.0,0.875
M0202/img000116.jpg,M0202,116,1598,UnifAll,19,77.81170000089332,14,5,0,14,1,1,1.0,0.7368421052631579
M0202/img000116.jpg,M0202,116,1598,SAHI640,16,212.7900000050431,13,3,0,14,1,1,1.0,0.8125
M0202/img000117.jpg,M0202,117,1599,F640,15,18.573499997728504,14,1,0,14,1,1,1.0,0.9333333333333333
M0202/img000117.jpg,M0202,117,1599,F1280,15,44.006399999489076,13,2,0,14,1,1,1.0,0.8666666666666667
M0202/img000117.jpg,M0202,117,1599,DensK1,15,54.00249999365769,14,1,0,14,1,1,1.0,0.9333333333333333
M0202/img000117.jpg,M0202,117,1599,UnifAll,17,68.28479999967385,14,3,0,14,1,1,1.0,0.8235294117647058
M0202/img000117.jpg,M0202,117,1599,SAHI640,15,202.96789999702014,13,2,0,14,1,1,1.0,0.8666666666666667
M0202/img000118.jpg,M0202,118,1600,F640,15,22.782700005336665,14,1,0,14,1,1,1.0,0.9333333333333333
M0202/img000118.jpg,M0202,118,1600,F1280,16,47.553700002026744,14,2,0,14,1,1,1.0,0.875
M0202/img000118.jpg,M0202,118,1600,DensK1,16,45.33100000116974,14,2,0,14,1,1,1.0,0.875
M0202/img000118.jpg,M0202,118,1600,UnifAll,18,63.83700000878889,14,4,0,14,1,1,1.0,0.7777777777777778
M0202/img000118.jpg,M0202,118,1600,SAHI640,15,200.6835000065621,13,2,0,14,1,1,1.0,0.8666666666666667
M0202/img000119.jpg,M0202,119,1601,F640,15,26.307899999665096,14,1,0,14,1,1,1.0,0.9333333333333333
M0202/img000119.jpg,M0202,119,1601,F1280,15,47.42789998999797,14,1,0,14,1,1,1.0,0.9333333333333333
M0202/img000119.jpg,M0202,119,1601,DensK1,15,51.76999999093823,14,1,0,14,1,1,1.0,0.9333333333333333
M0202/img000119.jpg,M0202,119,1601,UnifAll,16,58.55290000909008,14,2,0,14,1,1,1.0,0.875
M0202/img000119.jpg,M0202,119,1601,SAHI640,14,182.75989999528974,13,1,0,14,1,1,1.0,0.9285714285714286
M0202/img000120.jpg,M0202,120,1602,F640,15,33.00390001095366,14,1,0,14,1,1,1.0,0.9333333333333333
M0202/img000120.jpg,M0202,120,1602,F1280,17,37.99539999454282,14,3,0,14,1,1,1.0,0.8235294117647058
M0202/img000120.jpg,M0202,120,1602,DensK1,15,53.07819999870844,14,1,0,14,1,1,1.0,0.9333333333333333
M0202/img000120.jpg,M0202,120,1602,UnifAll,16,64.10039999173023,14,2,0,14,1,1,1.0,0.875
M0202/img000120.jpg,M0202,120,1602,SAHI640,16,273.64099999249447,13,3,0,14,1,1,1.0,0.8125
M0202/img000121.jpg,M0202,121,1603,F640,15,23.988300003111362,15,0,0,15,1,1,1.0,1.0
M0202/img000121.jpg,M0202,121,1603,F1280,19,44.783699995605275,14,5,0,15,1,1,1.0,0.7368421052631579
M0202/img000121.jpg,M0202,121,1603,DensK1,16,51.6055000043707,15,1,0,15,1,1,1.0,0.9375
M0202/img000121.jpg,M0202,121,1603,UnifAll,18,66.36940001044422,15,3,0,15,1,1,1.0,0.8333333333333334
M0202/img000121.jpg,M0202,121,1603,SAHI640,15,219.62010000424925,13,2,0,15,1,1,1.0,0.8666666666666667
M0202/img000122.jpg,M0202,122,1604,F640,16,23.12349999556318,15,1,0,16,1,1,1.0,0.9375
M0202/img000122.jpg,M0202,122,1604,F1280,19,35.78120000020135,15,4,0,16,1,1,1.0,0.7894736842105263
M0202/img000122.jpg,M0202,122,1604,DensK1,16,54.71650000254158,15,1,0,16,1,1,1.0,0.9375
M0202/img000122.jpg,M0202,122,1604,UnifAll,17,88.08900001167785,15,2,0,16,1,1,1.0,0.8823529411764706
M0202/img000122.jpg,M0202,122,1604,SAHI640,16,221.8596000020625,13,3,0,16,1,1,1.0,0.8125
M0202/img000123.jpg,M0202,123,1605,F640,15,23.937000005389564,15,0,0,16,1,1,1.0,1.0
M0202/img000123.jpg,M0202,123,1605,F1280,15,43.86399999202695,13,2,0,16,1,1,1.0,0.8666666666666667
M0202/img000123.jpg,M0202,123,1605,DensK1,16,53.26719999720808,15,1,0,16,1,1,1.0,0.9375
M0202/img000123.jpg,M0202,123,1605,UnifAll,17,73.5417999967467,15,2,0,16,1,1,1.0,0.8823529411764706
M0202/img000123.jpg,M0202,123,1605,SAHI640,16,218.38279999792576,13,3,0,16,1,1,1.0,0.8125
M0202/img000124.jpg,M0202,124,1606,F640,16,21.30340000439901,15,1,0,16,1,1,1.0,0.9375
M0202/img000124.jpg,M0202,124,1606,F1280,17,33.90549999312498,15,2,0,16,1,1,1.0,0.8823529411764706
M0202/img000124.jpg,M0202,124,1606,DensK1,16,51.37089999334421,15,1,0,16,1,1,1.0,0.9375
M0202/img000124.jpg,M0202,124,1606,UnifAll,17,64.61510001099668,16,1,0,16,1,1,1.0,0.9411764705882353
M0202/img000124.jpg,M0202,124,1606,SAHI640,17,253.14859999343753,14,3,0,16,1,1,1.0,0.8235294117647058
M0202/img000125.jpg,M0202,125,1607,F640,16,23.409899993566796,15,1,0,16,1,1,1.0,0.9375
M0202/img000125.jpg,M0202,125,1607,F1280,17,26.707700002589263,15,2,0,16,1,1,1.0,0.8823529411764706
M0202/img000125.jpg,M0202,125,1607,DensK1,17,54.14020000898745,15,2,0,16,1,1,1.0,0.8823529411764706
M0202/img000125.jpg,M0202,125,1607,UnifAll,17,61.318599997321144,15,2,0,16,1,1,1.0,0.8823529411764706
M0202/img000125.jpg,M0202,125,1607,SAHI640,16,245.38600000960287,13,3,0,16,1,0,0.0,0.8125
M0202/img000126.jpg,M0202,126,1608,F640,16,21.66489999217447,16,0,0,17,1,1,1.0,1.0
M0202/img000126.jpg,M0202,126,1608,F1280,17,32.67420000338461,14,3,0,17,1,1,1.0,0.8235294117647058
M0202/img000126.jpg,M0202,126,1608,DensK1,17,44.86419999739155,16,1,0,17,1,1,1.0,0.9411764705882353
M0202/img000126.jpg,M0202,126,1608,UnifAll,17,63.03449999541044,16,1,0,17,1,1,1.0,0.9411764705882353
M0202/img000126.jpg,M0202,126,1608,SAHI640,16,218.30839999893215,14,2,0,17,1,0,0.0,0.875
M0202/img000127.jpg,M0202,127,1609,F640,16,25.105399996391498,16,0,0,17,1,1,1.0,1.0
M0202/img000127.jpg,M0202,127,1609,F1280,17,27.99560000130441,16,1,0,17,1,1,1.0,0.9411764705882353
M0202/img000127.jpg,M0202,127,1609,DensK1,16,53.617099998518825,16,0,0,17,1,1,1.0,1.0
M0202/img000127.jpg,M0202,127,1609,UnifAll,16,66.74239999847487,16,0,0,17,1,1,1.0,1.0
M0202/img000127.jpg,M0202,127,1609,SAHI640,18,267.7892000065185,15,3,0,17,1,1,1.0,0.8333333333333334
M0202/img000128.jpg,M0202,128,1610,F640,17,21.5633999905549,17,0,0,17,1,1,1.0,1.0
M0202/img000128.jpg,M0202,128,1610,F1280,17,33.666599993011914,15,2,0,17,1,1,1.0,0.8823529411764706
M0202/img000128.jpg,M0202,128,1610,DensK1,18,64.5137999963481,17,1,0,17,1,1,1.0,0.9444444444444444
M0202/img000128.jpg,M0202,128,1610,UnifAll,18,60.38490000355523,17,1,0,17,1,1,1.0,0.9444444444444444
M0202/img000128.jpg,M0202,128,1610,SAHI640,18,239.15629999828525,16,2,0,17,1,1,1.0,0.8888888888888888
M0202/img000129.jpg,M0202,129,1611,F640,16,41.54369999014307,16,0,0,17,1,1,1.0,1.0
M0202/img000129.jpg,M0202,129,1611,F1280,17,38.120400000480004,15,2,0,17,1,1,1.0,0.8823529411764706
M0202/img000129.jpg,M0202,129,1611,DensK1,17,40.164000005461276,16,1,0,17,1,1,1.0,0.9411764705882353
M0202/img000129.jpg,M0202,129,1611,UnifAll,17,95.33149999333546,16,1,0,17,1,1,1.0,0.9411764705882353
M0202/img000129.jpg,M0202,129,1611,SAHI640,17,239.76490000495687,15,2,0,17,1,1,1.0,0.8823529411764706
M0202/img000130.jpg,M0202,130,1612,F640,16,20.59220000228379,16,0,0,17,1,1,1.0,1.0
M0202/img000130.jpg,M0202,130,1612,F1280,18,31.941199995344505,15,3,0,17,1,1,1.0,0.8333333333333334
M0202/img000130.jpg,M0202,130,1612,DensK1,20,57.83410000731237,16,4,0,17,1,1,1.0,0.8
M0202/img000130.jpg,M0202,130,1612,UnifAll,23,56.93390000669751,17,6,0,17,1,1,1.0,0.7391304347826086
M0202/img000130.jpg,M0202,130,1612,SAHI640,19,185.54890000086743,17,2,0,17,1,1,1.0,0.8947368421052632
M0202/img000131.jpg,M0202,131,1613,F640,17,19.47929999732878,16,1,0,16,1,1,1.0,0.9411764705882353
M0202/img000131.jpg,M0202,131,1613,F1280,20,51.95609999645967,15,5,0,16,1,1,1.0,0.75
M0202/img000131.jpg,M0202,131,1613,DensK1,21,51.76519999804441,16,5,0,16,1,1,1.0,0.7619047619047619
M0202/img000131.jpg,M0202,131,1613,UnifAll,21,59.281099995132536,16,5,0,16,1,1,1.0,0.7619047619047619
M0202/img000131.jpg,M0202,131,1613,SAHI640,19,248.34760000521783,15,4,0,16,1,1,1.0,0.7894736842105263
M0202/img000132.jpg,M0202,132,1614,F640,17,22.604300000239164,16,1,0,16,1,1,1.0,0.9411764705882353
M0202/img000132.jpg,M0202,132,1614,F1280,19,52.136099999188446,16,3,0,16,1,1,1.0,0.8421052631578947
M0202/img000132.jpg,M0202,132,1614,DensK1,20,74.47950000641868,16,4,0,16,1,1,1.0,0.8
M0202/img000132.jpg,M0202,132,1614,UnifAll,20,76.55040000099689,16,4,0,16,1,1,1.0,0.8
M0202/img000132.jpg,M0202,132,1614,SAHI640,20,317.9173999960767,15,5,0,16,1,1,1.0,0.75
M0202/img000133.jpg,M0202,133,1615,F640,17,37.20869999960996,15,2,0,16,1,1,1.0,0.8823529411764706
M0202/img000133.jpg,M0202,133,1615,F1280,17,42.59119999187533,15,2,0,16,1,1,1.0,0.8823529411764706
M0202/img000133.jpg,M0202,133,1615,DensK1,19,47.038899996550754,15,4,0,16,1,1,1.0,0.7894736842105263
M0202/img000133.jpg,M0202,133,1615,UnifAll,20,63.036299994564615,16,4,0,16,1,1,1.0,0.8
M0202/img000133.jpg,M0202,133,1615,SAHI640,17,255.39020000724122,14,3,0,16,1,1,1.0,0.8235294117647058
M0202/img000134.jpg,M0202,134,1616,F640,17,21.54020000307355,16,1,0,16,1,1,1.0,0.9411764705882353
M0202/img000134.jpg,M0202,134,1616,F1280,18,33.22330000810325,15,3,0,16,1,1,1.0,0.8333333333333334
M0202/img000134.jpg,M0202,134,1616,DensK1,18,40.46219999145251,16,2,0,16,1,1,1.0,0.8888888888888888
M0202/img000134.jpg,M0202,134,1616,UnifAll,19,68.69840000581462,16,3,0,16,1,1,1.0,0.8421052631578947
M0202/img000134.jpg,M0202,134,1616,SAHI640,18,229.41550001269206,14,4,0,16,1,1,1.0,0.7777777777777778
M0202/img000135.jpg,M0202,135,1617,F640,16,21.28899999661371,16,0,0,16,1,1,1.0,1.0
M0202/img000135.jpg,M0202,135,1617,F1280,19,33.19609999016393,16,3,0,16,1,1,1.0,0.8421052631578947
M0202/img000135.jpg,M0202,135,1617,DensK1,18,47.21360000257846,16,2,0,16,1,1,1.0,0.8888888888888888
M0202/img000135.jpg,M0202,135,1617,UnifAll,20,69.77329999790527,16,4,0,16,1,1,1.0,0.8
M0202/img000135.jpg,M0202,135,1617,SAHI640,17,244.82870000065304,14,3,0,16,1,1,1.0,0.8235294117647058
M0202/img000136.jpg,M0202,136,1618,F640,16,21.212500010733493,16,0,0,16,1,1,1.0,1.0
M0202/img000136.jpg,M0202,136,1618,F1280,19,28.134200008935295,16,3,0,16,1,1,1.0,0.8421052631578947
M0202/img000136.jpg,M0202,136,1618,DensK1,16,46.53150000376627,16,0,0,16,1,1,1.0,1.0
M0202/img000136.jpg,M0202,136,1618,UnifAll,17,61.54640000022482,16,1,0,16,1,1,1.0,0.9411764705882353
M0202/img000136.jpg,M0202,136,1618,SAHI640,17,208.76330000464804,14,3,0,16,1,0,0.0,0.8235294117647058
M0202/img000137.jpg,M0202,137,1619,F640,16,21.739999996498227,16,0,0,16,2,2,1.0,1.0
M0202/img000137.jpg,M0202,137,1619,F1280,18,31.077100007678382,15,3,0,16,2,2,1.0,0.8333333333333334
M0202/img000137.jpg,M0202,137,1619,DensK1,17,43.1317000038689,16,1,0,16,2,2,1.0,0.9411764705882353
M0202/img000137.jpg,M0202,137,1619,UnifAll,17,68.12060000083875,16,1,0,16,2,2,1.0,0.9411764705882353
M0202/img000137.jpg,M0202,137,1619,SAHI640,17,243.26089999522083,14,3,0,16,2,1,0.5,0.8235294117647058
M0202/img000138.jpg,M0202,138,1620,F640,16,24.26049999485258,16,0,0,16,2,2,1.0,1.0
M0202/img000138.jpg,M0202,138,1620,F1280,18,30.12690000468865,16,2,0,16,2,2,1.0,0.8888888888888888
M0202/img000138.jpg,M0202,138,1620,DensK1,17,47.88169999665115,16,1,0,16,2,2,1.0,0.9411764705882353
M0202/img000138.jpg,M0202,138,1620,UnifAll,17,60.53619999147486,16,1,0,16,2,2,1.0,0.9411764705882353
M0202/img000138.jpg,M0202,138,1620,SAHI640,17,214.58440000424162,14,3,0,16,2,1,0.5,0.8235294117647058
M0202/img000139.jpg,M0202,139,1621,F640,16,19.194000007701106,16,0,0,16,2,2,1.0,1.0
M0202/img000139.jpg,M0202,139,1621,F1280,18,29.497099996660836,16,2,0,16,2,2,1.0,0.8888888888888888
M0202/img000139.jpg,M0202,139,1621,DensK1,17,44.77589999441989,16,1,0,16,2,2,1.0,0.9411764705882353
M0202/img000139.jpg,M0202,139,1621,UnifAll,17,62.537000005249865,16,1,0,16,2,2,1.0,0.9411764705882353
M0202/img000139.jpg,M0202,139,1621,SAHI640,17,225.46370000054594,14,3,0,16,2,1,0.5,0.8235294117647058
M0202/img000140.jpg,M0202,140,1622,F640,16,31.181699989247136,16,0,0,16,2,2,1.0,1.0
M0202/img000140.jpg,M0202,140,1622,F1280,17,30.83869999682065,16,1,0,16,2,2,1.0,0.9411764705882353
M0202/img000140.jpg,M0202,140,1622,DensK1,17,43.24980000092182,16,1,0,16,2,2,1.0,0.9411764705882353
M0202/img000140.jpg,M0202,140,1622,UnifAll,18,59.332900011213496,16,2,0,16,2,2,1.0,0.8888888888888888
M0202/img000140.jpg,M0202,140,1622,SAHI640,17,196.96280000789557,15,2,0,16,2,1,0.5,0.8823529411764706
M0202/img000141.jpg,M0202,141,1623,F640,15,15.846000009332784,15,0,0,16,2,2,1.0,1.0
M0202/img000141.jpg,M0202,141,1623,F1280,17,27.1978999953717,16,1,0,16,2,2,1.0,0.9411764705882353
M0202/img000141.jpg,M0202,141,1623,DensK1,16,37.18350001145154,15,1,0,16,2,2,1.0,0.9375
M0202/img000141.jpg,M0202,141,1623,UnifAll,18,62.516199992387556,16,2,0,16,2,2,1.0,0.8888888888888888
M0202/img000141.jpg,M0202,141,1623,SAHI640,18,161.71380000014324,15,3,0,16,2,1,0.5,0.8333333333333334
M0202/img000142.jpg,M0202,142,1624,F640,17,14.649499993538484,16,1,0,16,2,2,1.0,0.9411764705882353
M0202/img000142.jpg,M0202,142,1624,F1280,17,25.489100007689558,16,1,0,16,2,2,1.0,0.9411764705882353
M0202/img000142.jpg,M0202,142,1624,DensK1,19,30.828100003418513,16,3,0,16,2,2,1.0,0.8421052631578947
M0202/img000142.jpg,M0202,142,1624,UnifAll,20,45.629900007043034,16,4,0,16,2,2,1.0,0.8
M0202/img000142.jpg,M0202,142,1624,SAHI640,18,139.0665000071749,15,3,0,16,2,1,0.5,0.8333333333333334
M0202/img000143.jpg,M0202,143,1625,F640,16,15.709700004663318,16,0,0,16,2,2,1.0,1.0
M0202/img000143.jpg,M0202,143,1625,F1280,18,34.77900000871159,16,2,0,16,2,2,1.0,0.8888888888888888
M0202/img000143.jpg,M0202,143,1625,DensK1,18,43.76249999040738,16,2,0,16,2,2,1.0,0.8888888888888888
M0202/img000143.jpg,M0202,143,1625,UnifAll,19,64.27060000714846,16,3,0,16,2,2,1.0,0.8421052631578947
M0202/img000143.jpg,M0202,143,1625,SAHI640,17,186.781800002791,16,1,0,16,2,2,1.0,0.9411764705882353
M0202/img000144.jpg,M0202,144,1626,F640,17,13.978999995742925,16,1,0,16,2,2,1.0,0.9411764705882353
M0202/img000144.jpg,M0202,144,1626,F1280,17,24.12000000185799,16,1,0,16,2,2,1.0,0.9411764705882353
M0202/img000144.jpg,M0202,144,1626,DensK1,19,29.462699996656738,16,3,0,16,2,2,1.0,0.8421052631578947
M0202/img000144.jpg,M0202,144,1626,UnifAll,20,73.83779999508988,16,4,0,16,2,2,1.0,0.8
M0202/img000144.jpg,M0202,144,1626,SAHI640,18,196.47219999751542,16,2,0,16,2,2,1.0,0.8888888888888888
M0202/img000145.jpg,M0202,145,1627,F640,16,24.237999998149462,16,0,0,16,2,2,1.0,1.0
M0202/img000145.jpg,M0202,145,1627,F1280,17,28.163900002255104,16,1,0,16,2,2,1.0,0.9411764705882353
M0202/img000145.jpg,M0202,145,1627,DensK1,17,45.243599990499206,16,1,0,16,2,2,1.0,0.9411764705882353
M0202/img000145.jpg,M0202,145,1627,UnifAll,19,61.489400002756156,16,3,0,16,2,2,1.0,0.8421052631578947
M0202/img000145.jpg,M0202,145,1627,SAHI640,18,404.1653000022052,16,2,0,16,2,2,1.0,0.8888888888888888
M0202/img000146.jpg,M0202,146,1628,F640,16,19.62219999404624,15,1,0,16,2,1,0.5,0.9375
M0202/img000146.jpg,M0202,146,1628,F1280,19,45.988199999555945,16,3,0,16,2,2,1.0,0.8421052631578947
M0202/img000146.jpg,M0202,146,1628,DensK1,17,42.02320000331383,16,1,0,16,2,2,1.0,0.9411764705882353
M0202/img000146.jpg,M0202,146,1628,UnifAll,19,58.838799988734536,16,3,0,16,2,2,1.0,0.8421052631578947
M0202/img000146.jpg,M0202,146,1628,SAHI640,17,189.8014000034891,16,1,0,16,2,2,1.0,0.9411764705882353
M0202/img000147.jpg,M0202,147,1629,F640,16,18.865600010030903,15,1,0,16,2,1,0.5,0.9375
M0202/img000147.jpg,M0202,147,1629,F1280,17,48.8517000048887,16,1,0,16,2,2,1.0,0.9411764705882353
M0202/img000147.jpg,M0202,147,1629,DensK1,18,36.89100001065526,16,2,0,16,2,2,1.0,0.8888888888888888
M0202/img000147.jpg,M0202,147,1629,UnifAll,20,54.57759999262635,16,4,0,16,2,2,1.0,0.8
M0202/img000147.jpg,M0202,147,1629,SAHI640,17,218.40209999936633,16,1,0,16,2,2,1.0,0.9411764705882353
M0202/img000148.jpg,M0202,148,1630,F640,16,26.79340000031516,16,0,0,16,2,2,1.0,1.0
M0202/img000148.jpg,M0202,148,1630,F1280,17,43.92189999634866,16,1,0,16,2,2,1.0,0.9411764705882353
M0202/img000148.jpg,M0202,148,1630,DensK1,18,43.24089999136049,16,2,0,16,2,2,1.0,0.8888888888888888
M0202/img000148.jpg,M0202,148,1630,UnifAll,19,56.44440000469331,16,3,0,16,2,2,1.0,0.8421052631578947
M0202/img000148.jpg,M0202,148,1630,SAHI640,18,199.21099999919534,15,3,0,16,2,2,1.0,0.8333333333333334
M0202/img000149.jpg,M0202,149,1631,F640,16,18.899699993198738,16,0,0,16,2,2,1.0,1.0
M0202/img000149.jpg,M0202,149,1631,F1280,17,41.45470001094509,16,1,0,16,2,2,1.0,0.9411764705882353
M0202/img000149.jpg,M0202,149,1631,DensK1,17,36.900000006426126,16,1,0,16,2,2,1.0,0.9411764705882353
M0202/img000149.jpg,M0202,149,1631,UnifAll,19,58.34080000931863,16,3,0,16,2,2,1.0,0.8421052631578947
M0202/img000149.jpg,M0202,149,1631,SAHI640,17,156.09560000302736,15,2,0,16,2,2,1.0,0.8823529411764706
M0202/img000150.jpg,M0202,150,1632,F640,16,19.165400008205324,16,0,0,16,2,2,1.0,1.0
M0202/img000150.jpg,M0202,150,1632,F1280,17,30.14779998920858,16,1,0,16,2,2,1.0,0.9411764705882353
M0202/img000150.jpg,M0202,150,1632,DensK1,17,42.47200000099838,16,1,0,16,2,2,1.0,0.9411764705882353
M0202/img000150.jpg,M0202,150,1632,UnifAll,19,55.05159999302123,16,3,0,16,2,2,1.0,0.8421052631578947
M0202/img000150.jpg,M0202,150,1632,SAHI640,16,169.7262999950908,14,2,0,16,2,2,1.0,0.875
M0202/img000151.jpg,M0202,151,1633,F640,16,21.13600001030136,15,1,0,16,2,1,0.5,0.9375
M0202/img000151.jpg,M0202,151,1633,F1280,17,31.144599997787736,16,1,0,16,2,2,1.0,0.9411764705882353
M0202/img000151.jpg,M0202,151,1633,DensK1,16,40.742800003499724,16,0,0,16,2,2,1.0,1.0
M0202/img000151.jpg,M0202,151,1633,UnifAll,17,56.88649999501649,15,2,0,16,2,2,1.0,0.8823529411764706
M0202/img000151.jpg,M0202,151,1633,SAHI640,17,190.75680000241846,16,1,0,16,2,2,1.0,0.9411764705882353
M0202/img000152.jpg,M0202,152,1634,F640,16,19.308400005684234,15,1,0,16,2,1,0.5,0.9375
M0202/img000152.jpg,M0202,152,1634,F1280,17,35.79389999504201,16,1,0,16,2,2,1.0,0.9411764705882353
M0202/img000152.jpg,M0202,152,1634,DensK1,16,40.67789998953231,16,0,0,16,2,2,1.0,1.0
M0202/img000152.jpg,M0202,152,1634,UnifAll,18,52.015399996889755,16,2,0,16,2,2,1.0,0.8888888888888888
M0202/img000152.jpg,M0202,152,1634,SAHI640,17,200.23449999280274,15,2,0,16,2,1,0.5,0.8823529411764706
M0202/img000153.jpg,M0202,153,1635,F640,16,22.388199999113567,15,1,0,16,2,1,0.5,0.9375
M0202/img000153.jpg,M0202,153,1635,F1280,17,31.584700001985766,16,1,0,16,2,2,1.0,0.9411764705882353
M0202/img000153.jpg,M0202,153,1635,DensK1,16,38.76029999810271,14,2,0,16,2,1,0.5,0.875
M0202/img000153.jpg,M0202,153,1635,UnifAll,17,52.77860000205692,16,1,0,16,2,2,1.0,0.9411764705882353
M0202/img000153.jpg,M0202,153,1635,SAHI640,17,161.6669999930309,14,3,0,16,2,2,1.0,0.8235294117647058
M0202/img000154.jpg,M0202,154,1636,F640,16,22.28350000223145,15,1,0,16,2,1,0.5,0.9375
M0202/img000154.jpg,M0202,154,1636,F1280,18,38.57309999875724,16,2,0,16,2,2,1.0,0.8888888888888888
M0202/img000154.jpg,M0202,154,1636,DensK1,16,40.858799999114126,14,2,0,16,2,1,0.5,0.875
M0202/img000154.jpg,M0202,154,1636,UnifAll,16,52.027199999429286,16,0,0,16,2,2,1.0,1.0
M0202/img000154.jpg,M0202,154,1636,SAHI640,16,161.82059999846388,16,0,0,16,2,2,1.0,1.0
M0202/img000155.jpg,M0202,155,1637,F640,16,24.182399996789172,16,0,0,16,2,2,1.0,1.0
M0202/img000155.jpg,M0202,155,1637,F1280,17,35.45959999610204,16,1,0,16,2,2,1.0,0.9411764705882353
M0202/img000155.jpg,M0202,155,1637,DensK1,16,45.14770000241697,16,0,0,16,2,2,1.0,1.0
M0202/img000155.jpg,M0202,155,1637,UnifAll,16,57.03949999588076,16,0,0,16,2,2,1.0,1.0
M0202/img000155.jpg,M0202,155,1637,SAHI640,17,179.2220999923302,15,2,0,16,2,2,1.0,0.8823529411764706
M0202/img000156.jpg,M0202,156,1638,F640,16,18.841199998860247,16,0,0,16,2,2,1.0,1.0
M0202/img000156.jpg,M0202,156,1638,F1280,18,26.3756999920588,16,2,0,16,2,2,1.0,0.8888888888888888
M0202/img000156.jpg,M0202,156,1638,DensK1,16,42.96889998659026,16,0,0,16,2,2,1.0,1.0
M0202/img000156.jpg,M0202,156,1638,UnifAll,16,59.09039999824017,16,0,0,16,2,2,1.0,1.0
M0202/img000156.jpg,M0202,156,1638,SAHI640,16,192.26830000116024,15,1,0,16,2,2,1.0,0.9375
M0202/img000157.jpg,M0202,157,1639,F640,16,20.60370000253897,16,0,0,16,2,2,1.0,1.0
M0202/img000157.jpg,M0202,157,1639,F1280,18,27.45429999777116,16,2,0,16,2,2,1.0,0.8888888888888888
M0202/img000157.jpg,M0202,157,1639,DensK1,16,40.69130000425503,15,1,0,16,2,2,1.0,0.9375
M0202/img000157.jpg,M0202,157,1639,UnifAll,16,69.3840000021737,16,0,0,16,2,2,1.0,1.0
M0202/img000157.jpg,M0202,157,1639,SAHI640,16,190.04580000182614,16,0,0,16,2,2,1.0,1.0
M0202/img000158.jpg,M0202,158,1640,F640,16,20.06670000264421,16,0,0,16,2,2,1.0,1.0
M0202/img000158.jpg,M0202,158,1640,F1280,17,33.11369998846203,16,1,0,16,2,2,1.0,0.9411764705882353
M0202/img000158.jpg,M0202,158,1640,DensK1,17,42.62480000033975,16,1,0,16,2,2,1.0,0.9411764705882353
M0202/img000158.jpg,M0202,158,1640,UnifAll,17,59.61070000194013,16,1,0,16,2,2,1.0,0.9411764705882353
M0202/img000158.jpg,M0202,158,1640,SAHI640,16,192.35670000489336,16,0,0,16,2,2,1.0,1.0
M0202/img000159.jpg,M0202,159,1641,F640,16,23.391299997456372,16,0,0,16,2,2,1.0,1.0
M0202/img000159.jpg,M0202,159,1641,F1280,17,27.600200002780184,16,1,0,16,2,2,1.0,0.9411764705882353
M0202/img000159.jpg,M0202,159,1641,DensK1,17,39.77480001049116,16,1,0,16,2,2,1.0,0.9411764705882353
M0202/img000159.jpg,M0202,159,1641,UnifAll,17,60.619199997745454,16,1,0,16,2,2,1.0,0.9411764705882353
M0202/img000159.jpg,M0202,159,1641,SAHI640,16,185.6289999996079,16,0,0,16,2,2,1.0,1.0
M0202/img000160.jpg,M0202,160,1642,F640,16,17.58230000268668,16,0,0,16,2,2,1.0,1.0
M0202/img000160.jpg,M0202,160,1642,F1280,19,30.123100004857406,16,3,0,16,2,2,1.0,0.8421052631578947
M0202/img000160.jpg,M0202,160,1642,DensK1,17,35.77889999723993,16,1,0,16,2,2,1.0,0.9411764705882353
M0202/img000160.jpg,M0202,160,1642,UnifAll,17,59.22690000443254,16,1,0,16,2,2,1.0,0.9411764705882353
M0202/img000160.jpg,M0202,160,1642,SAHI640,16,167.4025999964215,16,0,0,16,2,2,1.0,1.0
M0202/img000161.jpg,M0202,161,1643,F640,16,21.525299991481006,16,0,0,16,2,2,1.0,1.0
M0202/img000161.jpg,M0202,161,1643,F1280,17,31.850600003963336,16,1,0,16,2,2,1.0,0.9411764705882353
M0202/img000161.jpg,M0202,161,1643,DensK1,16,39.547200009110384,16,0,0,16,2,2,1.0,1.0
M0202/img000161.jpg,M0202,161,1643,UnifAll,16,62.251200011814944,16,0,0,16,2,2,1.0,1.0
M0202/img000161.jpg,M0202,161,1643,SAHI640,16,159.36790000705514,16,0,0,16,2,2,1.0,1.0
M0202/img000162.jpg,M0202,162,1644,F640,16,21.377199998823926,16,0,0,16,2,2,1.0,1.0
M0202/img000162.jpg,M0202,162,1644,F1280,18,32.862799998838454,16,2,0,16,2,2,1.0,0.8888888888888888
M0202/img000162.jpg,M0202,162,1644,DensK1,16,47.38289999659173,16,0,0,16,2,2,1.0,1.0
M0202/img000162.jpg,M0202,162,1644,UnifAll,16,56.97700000018813,16,0,0,16,2,2,1.0,1.0
M0202/img000162.jpg,M0202,162,1644,SAHI640,17,180.07019998913165,16,1,0,16,2,2,1.0,0.9411764705882353
M0202/img000163.jpg,M0202,163,1645,F640,16,17.5193000031868,16,0,0,16,2,2,1.0,1.0
M0202/img000163.jpg,M0202,163,1645,F1280,18,33.25330000370741,16,2,0,16,2,2,1.0,0.8888888888888888
M0202/img000163.jpg,M0202,163,1645,DensK1,16,37.38500000326894,16,0,0,16,2,2,1.0,1.0
M0202/img000163.jpg,M0202,163,1645,UnifAll,17,58.16739999863785,16,1,0,16,2,2,1.0,0.9411764705882353
M0202/img000163.jpg,M0202,163,1645,SAHI640,17,197.39440000557806,16,1,0,16,2,2,1.0,0.9411764705882353
M0202/img000164.jpg,M0202,164,1646,F640,17,15.616999997291714,16,1,0,16,2,2,1.0,0.9411764705882353
M0202/img000164.jpg,M0202,164,1646,F1280,17,49.67480000050273,16,1,0,16,2,2,1.0,0.9411764705882353
M0202/img000164.jpg,M0202,164,1646,DensK1,17,40.61710000678431,16,1,0,16,2,2,1.0,0.9411764705882353
M0202/img000164.jpg,M0202,164,1646,UnifAll,17,55.840799992438406,16,1,0,16,2,2,1.0,0.9411764705882353
M0202/img000164.jpg,M0202,164,1646,SAHI640,17,181.72449999838136,15,2,0,16,2,2,1.0,0.8823529411764706
M0202/img000165.jpg,M0202,165,1647,F640,17,20.365400006994605,16,1,0,16,2,2,1.0,0.9411764705882353
M0202/img000165.jpg,M0202,165,1647,F1280,18,39.60600000573322,16,2,0,16,2,2,1.0,0.8888888888888888
M0202/img000165.jpg,M0202,165,1647,DensK1,17,41.31629999028519,16,1,0,16,2,2,1.0,0.9411764705882353
M0202/img000165.jpg,M0202,165,1647,UnifAll,17,57.23560000478756,16,1,0,16,2,2,1.0,0.9411764705882353
M0202/img000165.jpg,M0202,165,1647,SAHI640,17,173.47499998868443,16,1,0,16,2,2,1.0,0.9411764705882353
M0202/img000166.jpg,M0202,166,1648,F640,17,15.785900002811104,16,1,0,16,2,2,1.0,0.9411764705882353
M0202/img000166.jpg,M0202,166,1648,F1280,17,26.719599991338328,16,1,0,16,2,2,1.0,0.9411764705882353
M0202/img000166.jpg,M0202,166,1648,DensK1,17,37.68039999704342,16,1,0,16,2,2,1.0,0.9411764705882353
M0202/img000166.jpg,M0202,166,1648,UnifAll,17,63.35529999341816,16,1,0,16,2,2,1.0,0.9411764705882353
M0202/img000166.jpg,M0202,166,1648,SAHI640,17,210.64010000554845,16,1,0,16,2,2,1.0,0.9411764705882353
M0202/img000167.jpg,M0202,167,1649,F640,17,20.31209999404382,14,3,0,15,2,1,0.5,0.8235294117647058
M0202/img000167.jpg,M0202,167,1649,F1280,17,25.6294999999227,15,2,0,15,2,2,1.0,0.8823529411764706
M0202/img000167.jpg,M0202,167,1649,DensK1,17,39.975300009245984,14,3,0,15,2,1,0.5,0.8235294117647058
M0202/img000167.jpg,M0202,167,1649,UnifAll,17,59.835499996552244,14,3,0,15,2,1,0.5,0.8235294117647058
M0202/img000167.jpg,M0202,167,1649,SAHI640,17,175.76470000494737,15,2,0,15,2,2,1.0,0.8823529411764706
M0202/img000168.jpg,M0202,168,1650,F640,16,17.810799996368587,15,1,0,15,2,2,1.0,0.9375
M0202/img000168.jpg,M0202,168,1650,F1280,17,27.631200005998835,15,2,0,15,2,2,1.0,0.8823529411764706
M0202/img000168.jpg,M0202,168,1650,DensK1,16,41.278199991211295,15,1,0,15,2,2,1.0,0.9375
M0202/img000168.jpg,M0202,168,1650,UnifAll,17,55.22749999363441,15,2,0,15,2,2,1.0,0.8823529411764706
M0202/img000168.jpg,M0202,168,1650,SAHI640,17,193.31139999849256,15,2,0,15,2,2,1.0,0.8823529411764706
M0202/img000169.jpg,M0202,169,1651,F640,17,15.260800006217323,15,2,0,15,2,2,1.0,0.8823529411764706
M0202/img000169.jpg,M0202,169,1651,F1280,17,35.08529999817256,15,2,0,15,2,2,1.0,0.8823529411764706
M0202/img000169.jpg,M0202,169,1651,DensK1,18,43.75569999683648,15,3,0,15,2,2,1.0,0.8333333333333334
M0202/img000169.jpg,M0202,169,1651,UnifAll,18,52.01719999604393,15,3,0,15,2,2,1.0,0.8333333333333334
M0202/img000169.jpg,M0202,169,1651,SAHI640,17,189.07339998986572,15,2,0,15,2,2,1.0,0.8823529411764706
M0202/img000170.jpg,M0202,170,1652,F640,17,22.61680000810884,15,2,0,15,2,2,1.0,0.8823529411764706
M0202/img000170.jpg,M0202,170,1652,F1280,17,32.48449999955483,15,2,0,15,2,2,1.0,0.8823529411764706
M0202/img000170.jpg,M0202,170,1652,DensK1,17,42.10759999114089,15,2,0,15,2,2,1.0,0.8823529411764706
M0202/img000170.jpg,M0202,170,1652,UnifAll,18,57.03680000442546,15,3,0,15,2,2,1.0,0.8333333333333334
M0202/img000170.jpg,M0202,170,1652,SAHI640,17,160.2071000088472,15,2,0,15,2,2,1.0,0.8823529411764706
M0202/img000171.jpg,M0202,171,1653,F640,17,22.503499989397824,14,3,0,15,2,1,0.5,0.8235294117647058
M0202/img000171.jpg,M0202,171,1653,F1280,17,26.649000006727874,15,2,0,15,2,2,1.0,0.8823529411764706
M0202/img000171.jpg,M0202,171,1653,DensK1,18,42.079199993168004,14,4,0,15,2,1,0.5,0.7777777777777778
M0202/img000171.jpg,M0202,171,1653,UnifAll,18,53.861299995332956,14,4,0,15,2,1,0.5,0.7777777777777778
M0202/img000171.jpg,M0202,171,1653,SAHI640,17,184.46899999980815,15,2,0,15,2,2,1.0,0.8823529411764706
M0202/img000172.jpg,M0202,172,1654,F640,16,17.71639999060426,15,1,0,15,2,2,1.0,0.9375
M0202/img000172.jpg,M0202,172,1654,F1280,17,27.99050000612624,15,2,0,15,2,2,1.0,0.8823529411764706
M0202/img000172.jpg,M0202,172,1654,DensK1,16,36.934300005668774,15,1,0,15,2,2,1.0,0.9375
M0202/img000172.jpg,M0202,172,1654,UnifAll,16,57.09039999055676,15,1,0,15,2,2,1.0,0.9375
M0202/img000172.jpg,M0202,172,1654,SAHI640,18,170.60870000568684,15,3,0,15,2,2,1.0,0.8333333333333334
M0202/img000173.jpg,M0202,173,1655,F640,16,16.221300000324845,15,1,0,15,2,2,1.0,0.9375
M0202/img000173.jpg,M0202,173,1655,F1280,18,25.6463999976404,15,3,0,15,2,2,1.0,0.8333333333333334
M0202/img000173.jpg,M0202,173,1655,DensK1,16,36.68130000005476,15,1,0,15,2,2,1.0,0.9375
M0202/img000173.jpg,M0202,173,1655,UnifAll,16,58.65599999378901,15,1,0,15,2,2,1.0,0.9375
M0202/img000173.jpg,M0202,173,1655,SAHI640,16,181.41029999242164,15,1,0,15,2,2,1.0,0.9375
M0202/img000174.jpg,M0202,174,1656,F640,17,22.79869999620132,15,2,0,15,2,2,1.0,0.8823529411764706
M0202/img000174.jpg,M0202,174,1656,F1280,17,27.992399991489947,15,2,0,15,2,2,1.0,0.8823529411764706
M0202/img000174.jpg,M0202,174,1656,DensK1,17,45.078499999362975,15,2,0,15,2,2,1.0,0.8823529411764706
M0202/img000174.jpg,M0202,174,1656,UnifAll,17,59.94770000688732,15,2,0,15,2,2,1.0,0.8823529411764706
M0202/img000174.jpg,M0202,174,1656,SAHI640,17,170.03600001044106,15,2,0,15,2,2,1.0,0.8823529411764706
M0202/img000175.jpg,M0202,175,1657,F640,17,20.627399993827567,15,2,0,15,2,2,1.0,0.8823529411764706
M0202/img000175.jpg,M0202,175,1657,F1280,16,28.10470000258647,15,1,0,15,2,2,1.0,0.9375
M0202/img000175.jpg,M0202,175,1657,DensK1,17,45.337899995502084,15,2,0,15,2,2,1.0,0.8823529411764706
M0202/img000175.jpg,M0202,175,1657,UnifAll,19,45.806399997673,15,4,0,15,2,2,1.0,0.7894736842105263
M0202/img000175.jpg,M0202,175,1657,SAHI640,18,197.05589998920914,15,3,0,15,2,2,1.0,0.8333333333333334
M0202/img000176.jpg,M0202,176,1658,F640,16,17.386500010616146,15,1,0,15,2,2,1.0,0.9375
M0202/img000176.jpg,M0202,176,1658,F1280,16,32.12160000111908,15,1,0,15,2,2,1.0,0.9375
M0202/img000176.jpg,M0202,176,1658,DensK1,16,45.38219999813009,15,1,0,15,2,2,1.0,0.9375
M0202/img000176.jpg,M0202,176,1658,UnifAll,18,60.568899993086234,15,3,0,15,2,2,1.0,0.8333333333333334
M0202/img000176.jpg,M0202,176,1658,SAHI640,16,193.50560000748374,15,1,0,15,2,2,1.0,0.9375
M0202/img000177.jpg,M0202,177,1659,F640,15,20.84409999952186,15,0,0,15,2,2,1.0,1.0
M0202/img000177.jpg,M0202,177,1659,F1280,15,30.34759999718517,15,0,0,15,2,2,1.0,1.0
M0202/img000177.jpg,M0202,177,1659,DensK1,17,35.51349999906961,15,2,0,15,2,2,1.0,0.8823529411764706
M0202/img000177.jpg,M0202,177,1659,UnifAll,18,55.35539999254979,15,3,0,15,2,2,1.0,0.8333333333333334
M0202/img000177.jpg,M0202,177,1659,SAHI640,17,188.31420000060461,14,3,0,15,2,1,0.5,0.8235294117647058
M0202/img000178.jpg,M0202,178,1660,F640,16,14.595100001315586,15,1,0,15,2,2,1.0,0.9375
M0202/img000178.jpg,M0202,178,1660,F1280,15,33.71879999758676,15,0,0,15,2,2,1.0,1.0
M0202/img000178.jpg,M0202,178,1660,DensK1,17,41.118199995253235,15,2,0,15,2,2,1.0,0.8823529411764706
M0202/img000178.jpg,M0202,178,1660,UnifAll,19,60.225199995329604,15,4,0,15,2,2,1.0,0.7894736842105263
M0202/img000178.jpg,M0202,178,1660,SAHI640,17,186.1678999994183,15,2,0,15,2,2,1.0,0.8823529411764706
M0202/img000179.jpg,M0202,179,1661,F640,16,21.13439999811817,15,1,0,15,2,2,1.0,0.9375
M0202/img000179.jpg,M0202,179,1661,F1280,16,31.630500001483597,15,1,0,15,2,2,1.0,0.9375
M0202/img000179.jpg,M0202,179,1661,DensK1,16,40.90009999345057,15,1,0,15,2,2,1.0,0.9375
M0202/img000179.jpg,M0202,179,1661,UnifAll,17,52.98130000301171,15,2,0,15,2,2,1.0,0.8823529411764706
M0202/img000179.jpg,M0202,179,1661,SAHI640,16,174.22929999884218,15,1,0,15,2,2,1.0,0.9375
M0202/img000180.jpg,M0202,180,1662,F640,15,16.41830000153277,15,0,0,15,2,2,1.0,1.0
M0202/img000180.jpg,M0202,180,1662,F1280,16,29.541699987021275,15,1,0,15,2,2,1.0,0.9375
M0202/img000180.jpg,M0202,180,1662,DensK1,17,35.4049000015948,15,2,0,15,2,2,1.0,0.8823529411764706
M0202/img000180.jpg,M0202,180,1662,UnifAll,18,52.40790000243578,15,3,0,15,2,2,1.0,0.8333333333333334
M0202/img000180.jpg,M0202,180,1662,SAHI640,17,200.73479998973198,15,2,0,15,2,2,1.0,0.8823529411764706
M0202/img000181.jpg,M0202,181,1663,F640,16,15.3812999924412,15,1,0,15,2,2,1.0,0.9375
M0202/img000181.jpg,M0202,181,1663,F1280,16,33.42379999230616,15,1,0,15,2,2,1.0,0.9375
M0202/img000181.jpg,M0202,181,1663,DensK1,16,44.15380000136793,15,1,0,15,2,2,1.0,0.9375
M0202/img000181.jpg,M0202,181,1663,UnifAll,17,58.95099999906961,15,2,0,15,2,2,1.0,0.8823529411764706
M0202/img000181.jpg,M0202,181,1663,SAHI640,17,199.78379999520257,15,2,0,15,2,2,1.0,0.8823529411764706
M0202/img000182.jpg,M0202,182,1664,F640,17,22.071600003982894,15,2,0,15,2,2,1.0,0.8823529411764706
M0202/img000182.jpg,M0202,182,1664,F1280,16,32.526999988476746,15,1,0,15,2,2,1.0,0.9375
M0202/img000182.jpg,M0202,182,1664,DensK1,17,35.78039999410976,15,2,0,15,2,2,1.0,0.8823529411764706
M0202/img000182.jpg,M0202,182,1664,UnifAll,18,52.41570000362117,15,3,0,15,2,2,1.0,0.8333333333333334
M0202/img000182.jpg,M0202,182,1664,SAHI640,17,253.24560000444762,15,2,0,15,2,2,1.0,0.8823529411764706
M0202/img000183.jpg,M0202,183,1665,F640,16,19.715300004463643,15,1,0,15,2,2,1.0,0.9375
M0202/img000183.jpg,M0202,183,1665,F1280,16,31.015600005048327,15,1,0,15,2,2,1.0,0.9375
M0202/img000183.jpg,M0202,183,1665,DensK1,16,39.825600004405715,15,1,0,15,2,2,1.0,0.9375
M0202/img000183.jpg,M0202,183,1665,UnifAll,17,65.41159999324009,15,2,0,15,2,2,1.0,0.8823529411764706
M0202/img000183.jpg,M0202,183,1665,SAHI640,17,193.43699999444652,14,3,0,15,2,1,0.5,0.8235294117647058
M0202/img000184.jpg,M0202,184,1666,F640,17,18.234100003610365,15,2,0,15,2,2,1.0,0.8823529411764706
M0202/img000184.jpg,M0202,184,1666,F1280,16,28.351800006930716,15,1,0,15,2,2,1.0,0.9375
M0202/img000184.jpg,M0202,184,1666,DensK1,17,39.888400002382696,15,2,0,15,2,2,1.0,0.8823529411764706
M0202/img000184.jpg,M0202,184,1666,UnifAll,18,55.68380000477191,15,3,0,15,2,2,1.0,0.8333333333333334
M0202/img000184.jpg,M0202,184,1666,SAHI640,17,183.9897000027122,14,3,0,15,2,1,0.5,0.8235294117647058
M0202/img000185.jpg,M0202,185,1667,F640,17,20.803300008992665,15,2,0,15,2,2,1.0,0.8823529411764706
M0202/img000185.jpg,M0202,185,1667,F1280,17,46.76559999643359,15,2,0,15,2,2,1.0,0.8823529411764706
M0202/img000185.jpg,M0202,185,1667,DensK1,17,43.08839999430347,15,2,0,15,2,2,1.0,0.8823529411764706
M0202/img000185.jpg,M0202,185,1667,UnifAll,18,56.27770000137389,15,3,0,15,2,2,1.0,0.8333333333333334
M0202/img000185.jpg,M0202,185,1667,SAHI640,17,171.83330000261776,14,3,0,15,2,1,0.5,0.8235294117647058
M0202/img000186.jpg,M0202,186,1668,F640,17,18.18199999979697,15,2,0,15,2,2,1.0,0.8823529411764706
M0202/img000186.jpg,M0202,186,1668,F1280,15,51.74080000142567,15,0,0,15,2,2,1.0,1.0
M0202/img000186.jpg,M0202,186,1668,DensK1,17,38.272999998298474,15,2,0,15,2,2,1.0,0.8823529411764706
M0202/img000186.jpg,M0202,186,1668,UnifAll,19,53.63999999826774,15,4,0,15,2,2,1.0,0.7894736842105263
M0202/img000186.jpg,M0202,186,1668,SAHI640,17,176.57719999260735,14,3,0,15,2,1,0.5,0.8235294117647058
M0202/img000187.jpg,M0202,187,1669,F640,16,20.233200004440732,15,1,0,15,2,2,1.0,0.9375
M0202/img000187.jpg,M0202,187,1669,F1280,15,23.213299995404668,15,0,0,15,2,2,1.0,1.0
M0202/img000187.jpg,M0202,187,1669,DensK1,17,39.59929999837186,15,2,0,15,2,2,1.0,0.8823529411764706
M0202/img000187.jpg,M0202,187,1669,UnifAll,19,72.83819999429397,15,4,0,15,2,2,1.0,0.7894736842105263
M0202/img000187.jpg,M0202,187,1669,SAHI640,18,191.44179999420885,15,3,0,15,2,2,1.0,0.8333333333333334
M0202/img000188.jpg,M0202,188,1670,F640,17,17.05319999018684,15,2,0,15,2,2,1.0,0.8823529411764706
M0202/img000188.jpg,M0202,188,1670,F1280,15,49.67539999051951,15,0,0,15,2,2,1.0,1.0
M0202/img000188.jpg,M0202,188,1670,DensK1,18,38.05249999277294,15,3,0,15,2,2,1.0,0.8333333333333334
M0202/img000188.jpg,M0202,188,1670,UnifAll,20,54.637699999148026,15,5,0,15,2,2,1.0,0.75
M0202/img000188.jpg,M0202,188,1670,SAHI640,17,183.54150000959635,15,2,0,15,2,2,1.0,0.8823529411764706
M0202/img000189.jpg,M0202,189,1671,F640,17,16.31170000473503,15,2,0,15,2,2,1.0,0.8823529411764706
M0202/img000189.jpg,M0202,189,1671,F1280,16,27.58209999592509,15,1,0,15,2,2,1.0,0.9375
M0202/img000189.jpg,M0202,189,1671,DensK1,18,44.65619999973569,15,3,0,15,2,2,1.0,0.8333333333333334
M0202/img000189.jpg,M0202,189,1671,UnifAll,20,58.238199999323115,15,5,0,15,2,2,1.0,0.75
M0202/img000189.jpg,M0202,189,1671,SAHI640,16,186.7803999921307,15,1,0,15,2,2,1.0,0.9375
M0202/img000190.jpg,M0202,190,1672,F640,16,16.28329999221023,15,1,0,15,2,2,1.0,0.9375
M0202/img000190.jpg,M0202,190,1672,F1280,15,36.32389999984298,15,0,0,15,2,2,1.0,1.0
M0202/img000190.jpg,M0202,190,1672,DensK1,18,43.58179999690037,15,3,0,15,2,2,1.0,0.8333333333333334
M0202/img000190.jpg,M0202,190,1672,UnifAll,20,58.92370000947267,15,5,0,15,2,2,1.0,0.75
M0202/img000190.jpg,M0202,190,1672,SAHI640,16,176.37220000324305,14,2,0,15,2,1,0.5,0.875
M0202/img000191.jpg,M0202,191,1673,F640,16,22.23910001339391,15,1,0,15,2,2,1.0,0.9375
M0202/img000191.jpg,M0202,191,1673,F1280,15,26.985699994838797,15,0,0,15,2,2,1.0,1.0
M0202/img000191.jpg,M0202,191,1673,DensK1,17,43.779200001154095,15,2,0,15,2,2,1.0,0.8823529411764706
M0202/img000191.jpg,M0202,191,1673,UnifAll,18,61.07139999221545,15,3,0,15,2,2,1.0,0.8333333333333334
M0202/img000191.jpg,M0202,191,1673,SAHI640,15,164.47530000004917,14,1,0,15,2,1,0.5,0.9333333333333333
M0202/img000192.jpg,M0202,192,1674,F640,15,22.9383000114467,15,0,0,15,2,2,1.0,1.0
M0202/img000192.jpg,M0202,192,1674,F1280,15,23.58690000255592,15,0,0,15,2,2,1.0,1.0
M0202/img000192.jpg,M0202,192,1674,DensK1,16,39.57169999193866,15,1,0,15,2,2,1.0,0.9375
M0202/img000192.jpg,M0202,192,1674,UnifAll,18,58.61439999716822,15,3,0,15,2,2,1.0,0.8333333333333334
M0202/img000192.jpg,M0202,192,1674,SAHI640,17,178.85549999482464,14,3,0,15,2,1,0.5,0.8235294117647058
M0202/img000193.jpg,M0202,193,1675,F640,15,23.18790000572335,15,0,0,15,2,2,1.0,1.0
M0202/img000193.jpg,M0202,193,1675,F1280,15,25.956700003007427,15,0,0,15,2,2,1.0,1.0
M0202/img000193.jpg,M0202,193,1675,DensK1,16,36.66209999937564,15,1,0,15,2,2,1.0,0.9375
M0202/img000193.jpg,M0202,193,1675,UnifAll,18,83.59920000657439,15,3,0,15,2,2,1.0,0.8333333333333334
M0202/img000193.jpg,M0202,193,1675,SAHI640,15,191.32949999766424,14,1,0,15,2,1,0.5,0.9333333333333333
M0202/img000194.jpg,M0202,194,1676,F640,16,18.338199995923787,15,1,0,15,2,2,1.0,0.9375
M0202/img000194.jpg,M0202,194,1676,F1280,15,34.208199998829514,15,0,0,15,2,2,1.0,1.0
M0202/img000194.jpg,M0202,194,1676,DensK1,17,37.06639999290928,15,2,0,15,2,2,1.0,0.8823529411764706
M0202/img000194.jpg,M0202,194,1676,UnifAll,18,58.329899999080226,15,3,0,15,2,2,1.0,0.8333333333333334
M0202/img000194.jpg,M0202,194,1676,SAHI640,17,181.62540000048466,14,3,0,15,2,1,0.5,0.8235294117647058
M0202/img000195.jpg,M0202,195,1677,F640,16,16.582500000367872,15,1,0,15,2,2,1.0,0.9375
M0202/img000195.jpg,M0202,195,1677,F1280,15,27.2629999963101,15,0,0,15,2,2,1.0,1.0
M0202/img000195.jpg,M0202,195,1677,DensK1,17,44.180500000948086,15,2,0,15,2,2,1.0,0.8823529411764706
M0202/img000195.jpg,M0202,195,1677,UnifAll,18,54.196200013393536,15,3,0,15,2,2,1.0,0.8333333333333334
M0202/img000195.jpg,M0202,195,1677,SAHI640,15,158.98880000167992,14,1,0,15,2,1,0.5,0.9333333333333333
M0202/img000196.jpg,M0202,196,1678,F640,16,19.344600004842505,15,1,0,15,2,2,1.0,0.9375
M0202/img000196.jpg,M0202,196,1678,F1280,15,28.057100003934465,15,0,0,15,2,2,1.0,1.0
M0202/img000196.jpg,M0202,196,1678,DensK1,17,36.4112999959616,15,2,0,15,2,2,1.0,0.8823529411764706
M0202/img000196.jpg,M0202,196,1678,UnifAll,17,62.06729999394156,15,2,0,15,2,2,1.0,0.8823529411764706
M0202/img000196.jpg,M0202,196,1678,SAHI640,16,163.01259999454487,14,2,0,15,2,1,0.5,0.875
M0202/img000197.jpg,M0202,197,1679,F640,16,14.58940000156872,15,1,0,15,2,2,1.0,0.9375
M0202/img000197.jpg,M0202,197,1679,F1280,15,27.928900002734736,15,0,0,15,2,2,1.0,1.0
M0202/img000197.jpg,M0202,197,1679,DensK1,18,45.75679999834392,15,3,0,15,2,2,1.0,0.8333333333333334
M0202/img000197.jpg,M0202,197,1679,UnifAll,19,57.091599999694154,15,4,0,15,2,2,1.0,0.7894736842105263
M0202/img000197.jpg,M0202,197,1679,SAHI640,17,198.89359999797307,14,3,0,15,2,1,0.5,0.8235294117647058
M0202/img000198.jpg,M0202,198,1680,F640,16,33.20380000513978,15,1,0,15,2,2,1.0,0.9375
M0202/img000198.jpg,M0202,198,1680,F1280,15,24.81689999694936,15,0,0,15,2,2,1.0,1.0
M0202/img000198.jpg,M0202,198,1680,DensK1,18,39.77679999661632,15,3,0,15,2,2,1.0,0.8333333333333334
M0202/img000198.jpg,M0202,198,1680,UnifAll,18,58.89190000016242,15,3,0,15,2,2,1.0,0.8333333333333334
M0202/img000198.jpg,M0202,198,1680,SAHI640,17,180.09449999954086,15,2,0,15,2,2,1.0,0.8823529411764706
M0202/img000199.jpg,M0202,199,1681,F640,16,20.046300007379614,15,1,0,15,2,2,1.0,0.9375
M0202/img000199.jpg,M0202,199,1681,F1280,15,25.95379999547731,15,0,0,15,2,2,1.0,1.0
M0202/img000199.jpg,M0202,199,1681,DensK1,17,37.166000009165145,15,2,0,15,2,2,1.0,0.8823529411764706
M0202/img000199.jpg,M0202,199,1681,UnifAll,18,56.13650000304915,15,3,0,15,2,2,1.0,0.8333333333333334
M0202/img000199.jpg,M0202,199,1681,SAHI640,16,211.71060000779107,15,1,0,15,2,2,1.0,0.9375
M0202/img000200.jpg,M0202,200,1682,F640,16,18.97550000285264,15,1,0,15,2,2,1.0,0.9375
M0202/img000200.jpg,M0202,200,1682,F1280,15,25.844299991149455,15,0,0,15,2,2,1.0,1.0
M0202/img000200.jpg,M0202,200,1682,DensK1,16,35.00170000188518,15,1,0,15,2,2,1.0,0.9375
M0202/img000200.jpg,M0202,200,1682,UnifAll,17,59.51799999456853,15,2,0,15,2,2,1.0,0.8823529411764706
M0202/img000200.jpg,M0202,200,1682,SAHI640,16,187.53239999932703,15,1,0,15,2,2,1.0,0.9375
M0202/img000201.jpg,M0202,201,1683,F640,15,18.007199993007816,13,2,0,14,3,2,0.6666666666666666,0.8666666666666667
M0202/img000201.jpg,M0202,201,1683,F1280,15,32.48829999938607,14,1,0,14,3,3,1.0,0.9333333333333333
M0202/img000201.jpg,M0202,201,1683,DensK1,15,31.333100007032044,13,2,0,14,3,2,0.6666666666666666,0.8666666666666667
M0202/img000201.jpg,M0202,201,1683,UnifAll,16,56.23470000864472,13,3,0,14,3,2,0.6666666666666666,0.8125
M0202/img000201.jpg,M0202,201,1683,SAHI640,15,203.17389999399893,13,2,0,14,3,2,0.6666666666666666,0.8666666666666667
M0202/img000202.jpg,M0202,202,1684,F640,16,20.24340000934899,14,2,0,14,3,3,1.0,0.875
M0202/img000202.jpg,M0202,202,1684,F1280,16,24.85030000389088,14,2,0,14,3,3,1.0,0.875
M0202/img000202.jpg,M0202,202,1684,DensK1,16,35.271800006739795,14,2,0,14,3,3,1.0,0.875
M0202/img000202.jpg,M0202,202,1684,UnifAll,17,58.277599993743934,14,3,0,14,3,3,1.0,0.8235294117647058
M0202/img000202.jpg,M0202,202,1684,SAHI640,15,192.1894999977667,14,1,0,14,3,3,1.0,0.9333333333333333
M0202/img000203.jpg,M0202,203,1685,F640,15,16.80830000259448,12,3,0,14,3,1,0.3333333333333333,0.8
M0202/img000203.jpg,M0202,203,1685,F1280,16,27.082499989774078,14,2,0,14,3,3,1.0,0.875
M0202/img000203.jpg,M0202,203,1685,DensK1,15,36.2411000096472,13,2,0,14,3,2,0.6666666666666666,0.8666666666666667
M0202/img000203.jpg,M0202,203,1685,UnifAll,16,60.077000001911074,13,3,0,14,3,2,0.6666666666666666,0.8125
M0202/img000203.jpg,M0202,203,1685,SAHI640,16,185.46259999857284,14,2,0,14,3,3,1.0,0.875
M0202/img000204.jpg,M0202,204,1686,F640,15,19.761399991693906,14,1,0,14,3,3,1.0,0.9333333333333333
M0202/img000204.jpg,M0202,204,1686,F1280,16,28.33670000836719,14,2,0,14,3,3,1.0,0.875
M0202/img000204.jpg,M0202,204,1686,DensK1,15,45.06920000130776,14,1,0,14,3,3,1.0,0.9333333333333333
M0202/img000204.jpg,M0202,204,1686,UnifAll,15,63.47700000333134,14,1,0,14,3,3,1.0,0.9333333333333333
M0202/img000204.jpg,M0202,204,1686,SAHI640,15,187.6410999975633,14,1,0,14,3,3,1.0,0.9333333333333333
M0202/img000205.jpg,M0202,205,1687,F640,15,20.676000000094064,14,1,0,14,3,3,1.0,0.9333333333333333
M0202/img000205.jpg,M0202,205,1687,F1280,16,35.45799999847077,14,2,0,14,3,3,1.0,0.875
M0202/img000205.jpg,M0202,205,1687,DensK1,15,29.860399998142384,14,1,0,14,3,3,1.0,0.9333333333333333
M0202/img000205.jpg,M0202,205,1687,UnifAll,15,59.917000005953014,14,1,0,14,3,3,1.0,0.9333333333333333
M0202/img000205.jpg,M0202,205,1687,SAHI640,16,210.6935999909183,13,3,0,14,3,2,0.6666666666666666,0.8125
M0202/img000206.jpg,M0202,206,1688,F640,15,17.390399996656924,13,2,0,14,3,2,0.6666666666666666,0.8666666666666667
M0202/img000206.jpg,M0202,206,1688,F1280,15,29.605200004880317,14,1,0,14,3,3,1.0,0.9333333333333333
M0202/img000206.jpg,M0202,206,1688,DensK1,16,36.28549999848474,13,3,0,14,3,2,0.6666666666666666,0.8125
M0202/img000206.jpg,M0202,206,1688,UnifAll,16,59.586199990008026,13,3,0,14,3,2,0.6666666666666666,0.8125
M0202/img000206.jpg,M0202,206,1688,SAHI640,16,179.1708000091603,13,3,0,14,3,2,0.6666666666666666,0.8125
M0202/img000207.jpg,M0202,207,1689,F640,15,20.180599996820092,14,1,0,14,3,3,1.0,0.9333333333333333
M0202/img000207.jpg,M0202,207,1689,F1280,16,34.637500008102506,14,2,0,14,3,3,1.0,0.875
M0202/img000207.jpg,M0202,207,1689,DensK1,16,33.517700008815154,14,2,0,14,3,3,1.0,0.875
M0202/img000207.jpg,M0202,207,1689,UnifAll,16,53.080099998624064,14,2,0,14,3,3,1.0,0.875
M0202/img000207.jpg,M0202,207,1689,SAHI640,15,184.00769999425393,13,2,0,14,3,2,0.6666666666666666,0.8666666666666667
M0202/img000208.jpg,M0202,208,1690,F640,14,28.217500002938323,14,0,0,14,3,3,1.0,1.0
M0202/img000208.jpg,M0202,208,1690,F1280,16,34.14089999569114,14,2,0,14,3,3,1.0,0.875
M0202/img000208.jpg,M0202,208,1690,DensK1,15,38.81759999785572,14,1,0,14,3,3,1.0,0.9333333333333333
M0202/img000208.jpg,M0202,208,1690,UnifAll,15,64.05380000069272,14,1,0,14,3,3,1.0,0.9333333333333333
M0202/img000208.jpg,M0202,208,1690,SAHI640,16,208.5269000090193,13,3,0,14,3,2,0.6666666666666666,0.8125
M0202/img000209.jpg,M0202,209,1691,F640,13,20.26929998828564,13,0,0,14,3,3,1.0,1.0
M0202/img000209.jpg,M0202,209,1691,F1280,15,38.81399999954738,14,1,0,14,3,3,1.0,0.9333333333333333
M0202/img000209.jpg,M0202,209,1691,DensK1,15,40.55760000483133,14,1,0,14,3,3,1.0,0.9333333333333333
M0202/img000209.jpg,M0202,209,1691,UnifAll,15,66.26859999960288,14,1,0,14,3,3,1.0,0.9333333333333333
M0202/img000209.jpg,M0202,209,1691,SAHI640,16,208.0808999889996,14,2,0,14,3,3,1.0,0.875
M0202/img000210.jpg,M0202,210,1692,F640,15,20.51279999432154,13,2,0,14,3,3,1.0,0.8666666666666667
M0202/img000210.jpg,M0202,210,1692,F1280,14,31.488799999351613,14,0,0,14,3,3,1.0,1.0
M0202/img000210.jpg,M0202,210,1692,DensK1,17,31.96849999949336,14,3,0,14,3,3,1.0,0.8235294117647058
M0202/img000210.jpg,M0202,210,1692,UnifAll,17,48.82959999667946,14,3,0,14,3,3,1.0,0.8235294117647058
M0202/img000210.jpg,M0202,210,1692,SAHI640,15,183.06989999837242,12,3,0,14,3,1,0.3333333333333333,0.8
M0202/img000211.jpg,M0202,211,1693,F640,14,18.188999994890764,13,1,0,14,3,3,1.0,0.9285714285714286
M0202/img000211.jpg,M0202,211,1693,F1280,14,35.255700000561774,14,0,0,14,3,3,1.0,1.0
M0202/img000211.jpg,M0202,211,1693,DensK1,16,35.033199994359165,13,3,0,14,3,2,0.6666666666666666,0.8125
M0202/img000211.jpg,M0202,211,1693,UnifAll,16,63.445099993259646,13,3,0,14,3,2,0.6666666666666666,0.8125
M0202/img000211.jpg,M0202,211,1693,SAHI640,15,173.25810001057107,12,3,0,14,3,1,0.3333333333333333,0.8
M0202/img000212.jpg,M0202,212,1694,F640,15,19.89410001260694,14,1,0,14,3,3,1.0,0.9333333333333333
M0202/img000212.jpg,M0202,212,1694,F1280,15,28.33400000235997,13,2,0,14,3,2,0.6666666666666666,0.8666666666666667
M0202/img000212.jpg,M0202,212,1694,DensK1,16,35.18380000605248,14,2,0,14,3,3,1.0,0.875
M0202/img000212.jpg,M0202,212,1694,UnifAll,16,61.91699999908451,14,2,0,14,3,3,1.0,0.875
M0202/img000212.jpg,M0202,212,1694,SAHI640,15,167.7215000090655,12,3,0,14,3,1,0.3333333333333333,0.8
M0202/img000213.jpg,M0202,213,1695,F640,14,20.416799990925938,14,0,0,14,3,3,1.0,1.0
M0202/img000213.jpg,M0202,213,1695,F1280,15,39.58589999820106,14,1,0,14,3,3,1.0,0.9333333333333333
M0202/img000213.jpg,M0202,213,1695,DensK1,15,40.31620000023395,13,2,0,14,3,2,0.6666666666666666,0.8666666666666667
M0202/img000213.jpg,M0202,213,1695,UnifAll,16,59.17049999698065,13,3,0,14,3,2,0.6666666666666666,0.8125
M0202/img000213.jpg,M0202,213,1695,SAHI640,15,203.4879999991972,13,2,0,14,3,2,0.6666666666666666,0.8666666666666667
M0202/img000214.jpg,M0202,214,1696,F640,15,19.02649999829009,13,2,0,13,3,3,1.0,0.8666666666666667
M0202/img000214.jpg,M0202,214,1696,F1280,14,35.38469999330118,13,1,0,13,3,3,1.0,0.9285714285714286
M0202/img000214.jpg,M0202,214,1696,DensK1,17,38.70280001137871,12,5,0,13,3,2,0.6666666666666666,0.7058823529411765
M0202/img000214.jpg,M0202,214,1696,UnifAll,17,64.7538000048371,12,5,0,13,3,2,0.6666666666666666,0.7058823529411765
M0202/img000214.jpg,M0202,214,1696,SAHI640,14,184.03650000982452,12,2,0,13,3,2,0.6666666666666666,0.8571428571428571
M0202/img000215.jpg,M0202,215,1697,F640,15,20.0743000023067,13,2,0,13,3,3,1.0,0.8666666666666667
M0202/img000215.jpg,M0202,215,1697,F1280,15,35.12039998895489,13,2,0,13,3,3,1.0,0.8666666666666667
M0202/img000215.jpg,M0202,215,1697,DensK1,16,36.59139999945182,13,3,0,13,3,3,1.0,0.8125
M0202/img000215.jpg,M0202,215,1697,UnifAll,16,53.85759999626316,13,3,0,13,3,3,1.0,0.8125
M0202/img000215.jpg,M0202,215,1697,SAHI640,15,349.88130000419915,12,3,0,13,3,2,0.6666666666666666,0.8
M0202/img000216.jpg,M0202,216,1698,F640,16,22.79009998892434,13,3,0,13,3,3,1.0,0.8125
M0202/img000216.jpg,M0202,216,1698,F1280,15,32.269200004520826,13,2,0,13,3,3,1.0,0.8666666666666667
M0202/img000216.jpg,M0202,216,1698,DensK1,18,44.51760000665672,13,5,0,13,3,3,1.0,0.7222222222222222
M0202/img000216.jpg,M0202,216,1698,UnifAll,18,64.93150000460446,13,5,0,13,3,3,1.0,0.7222222222222222
M0202/img000216.jpg,M0202,216,1698,SAHI640,15,204.51470000261907,12,3,0,13,3,2,0.6666666666666666,0.8
M0202/img000217.jpg,M0202,217,1699,F640,15,15.674000009312294,13,2,0,13,3,3,1.0,0.8666666666666667
M0202/img000217.jpg,M0202,217,1699,F1280,14,25.095899996813387,13,1,0,13,3,3,1.0,0.9285714285714286
M0202/img000217.jpg,M0202,217,1699,DensK1,17,42.12810000171885,13,4,0,13,3,3,1.0,0.7647058823529411
M0202/img000217.jpg,M0202,217,1699,UnifAll,17,53.88150000362657,13,4,0,13,3,3,1.0,0.7647058823529411
M0202/img000217.jpg,M0202,217,1699,SAHI640,15,199.07270000840072,13,2,0,13,3,3,1.0,0.8666666666666667
M0202/img000218.jpg,M0202,218,1700,F640,16,19.529500001226552,12,4,0,13,3,2,0.6666666666666666,0.75
M0202/img000218.jpg,M0202,218,1700,F1280,14,26.946400001179427,13,1,0,13,3,3,1.0,0.9285714285714286
M0202/img000218.jpg,M0202,218,1700,DensK1,18,55.039600003510714,12,6,0,13,3,3,1.0,0.6666666666666666
M0202/img000218.jpg,M0202,218,1700,UnifAll,18,69.3092000001343,13,5,0,13,3,3,1.0,0.7222222222222222
M0202/img000218.jpg,M0202,218,1700,SAHI640,16,180.71599998802412,13,3,0,13,3,3,1.0,0.8125
M0202/img000219.jpg,M0202,219,1701,F640,16,19.11560000735335,12,4,0,13,3,2,0.6666666666666666,0.75
M0202/img000219.jpg,M0202,219,1701,F1280,14,26.493800003663637,13,1,0,13,3,3,1.0,0.9285714285714286
M0202/img000219.jpg,M0202,219,1701,DensK1,17,39.94260000763461,11,6,0,13,3,2,0.6666666666666666,0.6470588235294118
M0202/img000219.jpg,M0202,219,1701,UnifAll,17,62.1545000030892,12,5,0,13,3,2,0.6666666666666666,0.7058823529411765
M0202/img000219.jpg,M0202,219,1701,SAHI640,15,186.7859999911161,13,2,0,13,3,3,1.0,0.8666666666666667
M0202/img000220.jpg,M0202,220,1702,F640,15,18.655299994861707,12,3,0,13,3,2,0.6666666666666666,0.8
M0202/img000220.jpg,M0202,220,1702,F1280,14,23.59250000154134,13,1,0,13,3,3,1.0,0.9285714285714286
M0202/img000220.jpg,M0202,220,1702,DensK1,15,36.78090000175871,12,3,0,13,3,2,0.6666666666666666,0.8
M0202/img000220.jpg,M0202,220,1702,UnifAll,18,62.65940000594128,12,6,0,13,3,2,0.6666666666666666,0.6666666666666666
M0202/img000220.jpg,M0202,220,1702,SAHI640,17,193.1332999956794,13,4,0,13,3,3,1.0,0.7647058823529411
M0202/img000221.jpg,M0202,221,1703,F640,14,16.79399999557063,12,2,0,13,3,2,0.6666666666666666,0.8571428571428571
M0202/img000221.jpg,M0202,221,1703,F1280,13,24.595800001407042,13,0,0,13,3,3,1.0,1.0
M0202/img000221.jpg,M0202,221,1703,DensK1,14,42.046999995363876,12,2,0,13,3,2,0.6666666666666666,0.8571428571428571
M0202/img000221.jpg,M0202,221,1703,UnifAll,17,61.37509999098256,12,5,0,13,3,2,0.6666666666666666,0.7058823529411765
M0202/img000221.jpg,M0202,221,1703,SAHI640,17,200.77100000344217,13,4,0,13,3,3,1.0,0.7647058823529411
M0202/img000222.jpg,M0202,222,1704,F640,14,15.177799999946728,11,3,0,13,3,1,0.3333333333333333,0.7857142857142857
M0202/img000222.jpg,M0202,222,1704,F1280,13,23.065400004270487,13,0,0,13,3,3,1.0,1.0
M0202/img000222.jpg,M0202,222,1704,DensK1,14,39.14880000229459,11,3,0,13,3,1,0.3333333333333333,0.7857142857142857
M0202/img000222.jpg,M0202,222,1704,UnifAll,16,58.07630000344943,12,4,0,13,3,2,0.6666666666666666,0.75
M0202/img000222.jpg,M0202,222,1704,SAHI640,14,211.4028999931179,12,2,0,13,3,3,1.0,0.8571428571428571
M0202/img000223.jpg,M0202,223,1705,F640,15,22.814399999333546,12,3,0,13,3,2,0.6666666666666666,0.8
M0202/img000223.jpg,M0202,223,1705,F1280,13,23.888600000645965,13,0,0,13,3,3,1.0,1.0
M0202/img000223.jpg,M0202,223,1705,DensK1,17,35.07270000409335,12,5,0,13,3,2,0.6666666666666666,0.7058823529411765
M0202/img000223.jpg,M0202,223,1705,UnifAll,17,56.13630000152625,12,5,0,13,3,2,0.6666666666666666,0.7058823529411765
M0202/img000223.jpg,M0202,223,1705,SAHI640,15,194.93929999589454,13,2,0,13,3,3,1.0,0.8666666666666667
M0202/img000224.jpg,M0202,224,1706,F640,13,22.77539999340661,12,1,0,13,3,2,0.6666666666666666,0.9230769230769231
M0202/img000224.jpg,M0202,224,1706,F1280,14,24.902899996959604,13,1,0,13,3,3,1.0,0.9285714285714286
M0202/img000224.jpg,M0202,224,1706,DensK1,14,42.70639999595005,12,2,0,13,3,2,0.6666666666666666,0.8571428571428571
M0202/img000224.jpg,M0202,224,1706,UnifAll,14,59.93560000206344,12,2,0,13,3,2,0.6666666666666666,0.8571428571428571
M0202/img000224.jpg,M0202,224,1706,SAHI640,13,183.60110001231078,12,1,0,13,3,3,1.0,0.9230769230769231
M0202/img000225.jpg,M0202,225,1707,F640,14,21.99500000278931,12,2,0,13,3,2,0.6666666666666666,0.8571428571428571
M0202/img000225.jpg,M0202,225,1707,F1280,14,24.840199999744073,13,1,0,13,3,3,1.0,0.9285714285714286
M0202/img000225.jpg,M0202,225,1707,DensK1,15,36.81180000421591,12,3,0,13,3,2,0.6666666666666666,0.8
M0202/img000225.jpg,M0202,225,1707,UnifAll,15,52.85699998785276,12,3,0,13,3,2,0.6666666666666666,0.8
M0202/img000225.jpg,M0202,225,1707,SAHI640,13,221.62499999103602,12,1,0,13,3,3,1.0,0.9230769230769231
M0202/img000226.jpg,M0202,226,1708,F640,14,20.03030000196304,12,2,0,13,3,2,0.6666666666666666,0.8571428571428571
M0202/img000226.jpg,M0202,226,1708,F1280,13,26.043600009870715,13,0,0,13,3,3,1.0,1.0
M0202/img000226.jpg,M0202,226,1708,DensK1,16,43.98590000346303,12,4,0,13,3,2,0.6666666666666666,0.75
M0202/img000226.jpg,M0202,226,1708,UnifAll,16,55.98220000683796,12,4,0,13,3,2,0.6666666666666666,0.75
M0202/img000226.jpg,M0202,226,1708,SAHI640,15,176.92949999764096,12,3,0,13,3,3,1.0,0.8
M0202/img000227.jpg,M0202,227,1709,F640,14,19.44240000739228,12,2,0,13,3,2,0.6666666666666666,0.8571428571428571
M0202/img000227.jpg,M0202,227,1709,F1280,13,26.32209999137558,13,0,0,13,3,3,1.0,1.0
M0202/img000227.jpg,M0202,227,1709,DensK1,16,39.96319998987019,12,4,0,13,3,2,0.6666666666666666,0.75
M0202/img000227.jpg,M0202,227,1709,UnifAll,16,59.82969999604393,12,4,0,13,3,2,0.6666666666666666,0.75
M0202/img000227.jpg,M0202,227,1709,SAHI640,13,200.39849999011494,13,0,0,13,3,3,1.0,1.0
M0202/img000228.jpg,M0202,228,1710,F640,14,18.761500003165565,13,1,0,13,3,3,1.0,0.9285714285714286
M0202/img000228.jpg,M0202,228,1710,F1280,13,30.464800001936965,13,0,0,13,3,3,1.0,1.0
M0202/img000228.jpg,M0202,228,1710,DensK1,14,38.43129999586381,13,1,0,13,3,3,1.0,0.9285714285714286
M0202/img000228.jpg,M0202,228,1710,UnifAll,15,55.29530000058003,13,2,0,13,3,3,1.0,0.8666666666666667
M0202/img000228.jpg,M0202,228,1710,SAHI640,13,192.96129999565892,13,0,0,13,3,3,1.0,1.0
M0202/img000229.jpg,M0202,229,1711,F640,14,19.94929999636952,13,1,0,13,3,3,1.0,0.9285714285714286
M0202/img000229.jpg,M0202,229,1711,F1280,14,31.242199998814613,13,1,0,13,3,3,1.0,0.9285714285714286
M0202/img000229.jpg,M0202,229,1711,DensK1,14,45.96599999058526,13,1,0,13,3,3,1.0,0.9285714285714286
M0202/img000229.jpg,M0202,229,1711,UnifAll,17,52.23790000309236,13,4,0,13,3,3,1.0,0.7647058823529411
M0202/img000229.jpg,M0202,229,1711,SAHI640,15,177.3999000142794,12,3,0,13,3,3,1.0,0.8
M0202/img000230.jpg,M0202,230,1712,F640,14,20.46610000252258,12,2,0,13,3,2,0.6666666666666666,0.8571428571428571
M0202/img000230.jpg,M0202,230,1712,F1280,15,33.0482999997912,13,2,0,13,3,3,1.0,0.8666666666666667
M0202/img000230.jpg,M0202,230,1712,DensK1,16,37.861499993596226,13,3,0,13,3,3,1.0,0.8125
M0202/img000230.jpg,M0202,230,1712,UnifAll,16,43.88700000708923,13,3,0,13,3,3,1.0,0.8125
M0202/img000230.jpg,M0202,230,1712,SAHI640,13,193.68120000581257,13,0,0,13,3,3,1.0,1.0
M0202/img000231.jpg,M0202,231,1713,F640,15,20.538199998554774,12,3,0,12,3,3,1.0,0.8
M0202/img000231.jpg,M0202,231,1713,F1280,14,34.6789000032004,12,2,0,12,3,3,1.0,0.8571428571428571
M0202/img000231.jpg,M0202,231,1713,DensK1,17,41.495299999951385,12,5,0,12,3,3,1.0,0.7058823529411765
M0202/img000231.jpg,M0202,231,1713,UnifAll,17,57.54880000313278,12,5,0,12,3,3,1.0,0.7058823529411765
M0202/img000231.jpg,M0202,231,1713,SAHI640,14,210.23569999670144,11,3,0,12,3,3,1.0,0.7857142857142857
M0202/img000232.jpg,M0202,232,1714,F640,13,18.787099994369783,10,3,0,12,3,1,0.3333333333333333,0.7692307692307693
M0202/img000232.jpg,M0202,232,1714,F1280,14,32.37789998820517,11,3,0,12,3,2,0.6666666666666666,0.7857142857142857
M0202/img000232.jpg,M0202,232,1714,DensK1,15,37.11860001203604,11,4,0,12,3,2,0.6666666666666666,0.7333333333333333
M0202/img000232.jpg,M0202,232,1714,UnifAll,16,50.52310001337901,11,5,0,12,3,2,0.6666666666666666,0.6875
M0202/img000232.jpg,M0202,232,1714,SAHI640,15,213.55749999929685,12,3,0,12,3,3,1.0,0.8
M0202/img000233.jpg,M0202,233,1715,F640,14,19.002499990165234,12,2,0,12,3,3,1.0,0.8571428571428571
M0202/img000233.jpg,M0202,233,1715,F1280,13,34.152499996707775,12,1,0,12,3,3,1.0,0.9230769230769231
M0202/img000233.jpg,M0202,233,1715,DensK1,16,52.45209998975042,12,4,0,12,3,3,1.0,0.75
M0202/img000233.jpg,M0202,233,1715,UnifAll,17,53.6835999955656,12,5,0,12,3,3,1.0,0.7058823529411765
M0202/img000233.jpg,M0202,233,1715,SAHI640,14,215.5176000087522,11,3,0,12,3,3,1.0,0.7857142857142857
M0202/img000234.jpg,M0202,234,1716,F640,13,33.59859999909531,11,2,0,12,3,2,0.6666666666666666,0.8461538461538461
M0202/img000234.jpg,M0202,234,1716,F1280,15,28.991600003791973,12,3,0,12,3,3,1.0,0.8
M0202/img000234.jpg,M0202,234,1716,DensK1,14,45.83190000266768,11,3,0,12,3,2,0.6666666666666666,0.7857142857142857
M0202/img000234.jpg,M0202,234,1716,UnifAll,14,56.38890000409447,11,3,0,12,3,2,0.6666666666666666,0.7857142857142857
M0202/img000234.jpg,M0202,234,1716,SAHI640,13,194.60509999771602,12,1,0,12,3,3,1.0,0.9230769230769231
M0202/img000235.jpg,M0202,235,1717,F640,14,21.98919998772908,12,2,0,12,3,3,1.0,0.8571428571428571
M0202/img000235.jpg,M0202,235,1717,F1280,15,28.870499998447485,12,3,0,12,3,3,1.0,0.8
M0202/img000235.jpg,M0202,235,1717,DensK1,17,37.663099996279925,12,5,0,12,3,3,1.0,0.7058823529411765
M0202/img000235.jpg,M0202,235,1717,UnifAll,17,53.062300008605234,12,5,0,12,3,3,1.0,0.7058823529411765
M0202/img000235.jpg,M0202,235,1717,SAHI640,14,219.55579999485053,11,3,0,12,3,2,0.6666666666666666,0.7857142857142857
M0202/img000236.jpg,M0202,236,1718,F640,14,18.515199990360998,12,2,0,12,3,3,1.0,0.8571428571428571
M0202/img000236.jpg,M0202,236,1718,F1280,15,27.962300009676255,12,3,0,12,3,3,1.0,0.8
M0202/img000236.jpg,M0202,236,1718,DensK1,16,45.33449999871664,12,4,0,12,3,3,1.0,0.75
M0202/img000236.jpg,M0202,236,1718,UnifAll,16,65.13550000090618,12,4,0,12,3,3,1.0,0.75
M0202/img000236.jpg,M0202,236,1718,SAHI640,15,179.51760000141803,10,5,0,12,3,1,0.3333333333333333,0.6666666666666666
M0202/img000237.jpg,M0202,237,1719,F640,13,19.519099994795397,12,1,0,12,3,3,1.0,0.9230769230769231
M0202/img000237.jpg,M0202,237,1719,F1280,14,34.382699988782406,12,2,0,12,3,3,1.0,0.8571428571428571
M0202/img000237.jpg,M0202,237,1719,DensK1,15,37.14699999545701,12,3,0,12,3,3,1.0,0.8
M0202/img000237.jpg,M0202,237,1719,UnifAll,15,66.06349999492522,12,3,0,12,3,3,1.0,0.8
M0202/img000237.jpg,M0202,237,1719,SAHI640,15,197.67270000011194,10,5,0,12,3,1,0.3333333333333333,0.6666666666666666
M0202/img000238.jpg,M0202,238,1720,F640,14,18.266200000653043,12,2,0,12,3,3,1.0,0.8571428571428571
M0202/img000238.jpg,M0202,238,1720,F1280,14,28.665399993769825,12,2,0,12,3,3,1.0,0.8571428571428571
M0202/img000238.jpg,M0202,238,1720,DensK1,15,40.37190000235569,12,3,0,12,3,3,1.0,0.8
M0202/img000238.jpg,M0202,238,1720,UnifAll,15,56.71989999245852,12,3,0,12,3,3,1.0,0.8
M0202/img000238.jpg,M0202,238,1720,SAHI640,14,181.25310000323225,11,3,0,12,3,2,0.6666666666666666,0.7857142857142857
M0202/img000239.jpg,M0202,239,1721,F640,13,22.802199993748218,12,1,0,12,3,3,1.0,0.9230769230769231
M0202/img000239.jpg,M0202,239,1721,F1280,13,35.73879999748897,12,1,0,12,3,3,1.0,0.9230769230769231
M0202/img000239.jpg,M0202,239,1721,DensK1,14,52.11810000764672,12,2,0,12,3,3,1.0,0.8571428571428571
M0202/img000239.jpg,M0202,239,1721,UnifAll,14,62.42960000236053,12,2,0,12,3,3,1.0,0.8571428571428571
M0202/img000239.jpg,M0202,239,1721,SAHI640,13,217.1777000039583,11,2,0,12,3,2,0.6666666666666666,0.8461538461538461
M0202/img000240.jpg,M0202,240,1722,F640,14,18.24970000598114,12,2,0,12,3,3,1.0,0.8571428571428571
M0202/img000240.jpg,M0202,240,1722,F1280,13,34.26990000298247,12,1,0,12,3,3,1.0,0.9230769230769231
M0202/img000240.jpg,M0202,240,1722,DensK1,15,40.743399993516505,12,3,0,12,3,3,1.0,0.8
M0202/img000240.jpg,M0202,240,1722,UnifAll,15,54.13350000162609,12,3,0,12,3,3,1.0,0.8
M0202/img000240.jpg,M0202,240,1722,SAHI640,15,184.95749999419786,11,4,0,12,3,2,0.6666666666666666,0.7333333333333333
M0202/img000241.jpg,M0202,241,1723,F640,15,21.537499997066334,12,3,0,12,3,3,1.0,0.8
M0202/img000241.jpg,M0202,241,1723,F1280,12,36.6096999932779,12,0,0,12,3,3,1.0,1.0
M0202/img000241.jpg,M0202,241,1723,DensK1,15,38.579500003834255,12,3,0,12,3,3,1.0,0.8
M0202/img000241.jpg,M0202,241,1723,UnifAll,15,60.15879999904428,12,3,0,12,3,3,1.0,0.8
M0202/img000241.jpg,M0202,241,1723,SAHI640,13,182.75779999385122,11,2,0,12,3,2,0.6666666666666666,0.8461538461538461
M0202/img000242.jpg,M0202,242,1724,F640,14,19.234499995945953,12,2,0,12,3,3,1.0,0.8571428571428571
M0202/img000242.jpg,M0202,242,1724,F1280,13,32.85410000535194,12,1,0,12,3,3,1.0,0.9230769230769231
M0202/img000242.jpg,M0202,242,1724,DensK1,14,39.92110000399407,12,2,0,12,3,3,1.0,0.8571428571428571
M0202/img000242.jpg,M0202,242,1724,UnifAll,14,58.33870000788011,12,2,0,12,3,3,1.0,0.8571428571428571
M0202/img000242.jpg,M0202,242,1724,SAHI640,14,181.18169999797828,12,2,0,12,3,3,1.0,0.8571428571428571
M0202/img000243.jpg,M0202,243,1725,F640,13,19.80409999669064,12,1,0,12,3,3,1.0,0.9230769230769231
M0202/img000243.jpg,M0202,243,1725,F1280,13,37.92329999851063,12,1,0,12,3,3,1.0,0.9230769230769231
M0202/img000243.jpg,M0202,243,1725,DensK1,13,54.28180001035798,12,1,0,12,3,3,1.0,0.9230769230769231
M0202/img000243.jpg,M0202,243,1725,UnifAll,13,58.05490000057034,12,1,0,12,3,3,1.0,0.9230769230769231
M0202/img000243.jpg,M0202,243,1725,SAHI640,13,193.5317000024952,12,1,0,12,3,3,1.0,0.9230769230769231
M0202/img000244.jpg,M0202,244,1726,F640,14,19.738999995752238,12,2,0,12,3,3,1.0,0.8571428571428571
M0202/img000244.jpg,M0202,244,1726,F1280,14,32.0928000001004,12,2,0,12,3,3,1.0,0.8571428571428571
M0202/img000244.jpg,M0202,244,1726,DensK1,14,39.003400001092814,12,2,0,12,3,3,1.0,0.8571428571428571
M0202/img000244.jpg,M0202,244,1726,UnifAll,14,66.69250001141336,12,2,0,12,3,3,1.0,0.8571428571428571
M0202/img000244.jpg,M0202,244,1726,SAHI640,14,172.6479999924777,12,2,0,12,3,3,1.0,0.8571428571428571
M0202/img000245.jpg,M0202,245,1727,F640,15,19.284199996036477,11,4,0,12,4,3,0.75,0.7333333333333333
M0202/img000245.jpg,M0202,245,1727,F1280,15,37.003099991125055,12,3,0,12,4,4,1.0,0.8
M0202/img000245.jpg,M0202,245,1727,DensK1,15,41.30799999984447,11,4,0,12,4,3,0.75,0.7333333333333333
M0202/img000245.jpg,M0202,245,1727,UnifAll,15,67.94179999269545,11,4,0,12,4,3,0.75,0.7333333333333333
M0202/img000245.jpg,M0202,245,1727,SAHI640,15,170.18000000098255,12,3,0,12,4,4,1.0,0.8
M0202/img000246.jpg,M0202,246,1728,F640,14,23.043900000629947,11,3,0,11,3,3,1.0,0.7857142857142857
M0202/img000246.jpg,M0202,246,1728,F1280,13,40.31599999871105,11,2,0,11,3,3,1.0,0.8461538461538461
M0202/img000246.jpg,M0202,246,1728,DensK1,14,69.28120000520721,11,3,0,11,3,3,1.0,0.7857142857142857
M0202/img000246.jpg,M0202,246,1728,UnifAll,14,76.78950000263285,11,3,0,11,3,3,1.0,0.7857142857142857
M0202/img000246.jpg,M0202,246,1728,SAHI640,14,184.0335999877425,11,3,0,11,3,3,1.0,0.7857142857142857
M0202/img000247.jpg,M0202,247,1729,F640,15,21.537599997827783,11,4,0,11,3,3,1.0,0.7333333333333333
M0202/img000247.jpg,M0202,247,1729,F1280,15,39.98989998945035,11,4,0,11,3,3,1.0,0.7333333333333333
M0202/img000247.jpg,M0202,247,1729,DensK1,15,36.85250000853557,11,4,0,11,3,3,1.0,0.7333333333333333
M0202/img000247.jpg,M0202,247,1729,UnifAll,16,54.79369999375194,11,5,0,11,3,3,1.0,0.6875
M0202/img000247.jpg,M0202,247,1729,SAHI640,15,175.22760000429116,11,4,0,11,3,3,1.0,0.7333333333333333
M0202/img000248.jpg,M0202,248,1730,F640,15,15.309100010199472,11,4,0,11,3,3,1.0,0.7333333333333333
M0202/img000248.jpg,M0202,248,1730,F1280,16,36.878600003547035,11,5,0,11,3,3,1.0,0.6875
M0202/img000248.jpg,M0202,248,1730,DensK1,15,41.5659999998752,11,4,0,11,3,3,1.0,0.7333333333333333
M0202/img000248.jpg,M0202,248,1730,UnifAll,15,58.30630000855308,11,4,0,11,3,3,1.0,0.7333333333333333
M0202/img000248.jpg,M0202,248,1730,SAHI640,14,175.883400006569,11,3,0,11,3,3,1.0,0.7857142857142857
M0202/img000249.jpg,M0202,249,1731,F640,14,19.0195000031963,11,3,0,11,3,3,1.0,0.7857142857142857
M0202/img000249.jpg,M0202,249,1731,F1280,15,38.215700013097376,11,4,0,11,3,3,1.0,0.7333333333333333
M0202/img000249.jpg,M0202,249,1731,DensK1,14,41.5666000044439,11,3,0,11,3,3,1.0,0.7857142857142857
M0202/img000249.jpg,M0202,249,1731,UnifAll,15,52.830300002824515,11,4,0,11,3,3,1.0,0.7333333333333333
M0202/img000249.jpg,M0202,249,1731,SAHI640,15,186.35760000324808,11,4,0,11,3,3,1.0,0.7333333333333333
M0202/img000250.jpg,M0202,250,1732,F640,14,16.85179999913089,11,3,0,11,3,3,1.0,0.7857142857142857
M0202/img000250.jpg,M0202,250,1732,F1280,15,34.444999997504056,11,4,0,11,3,3,1.0,0.7333333333333333
M0202/img000250.jpg,M0202,250,1732,DensK1,14,35.07660000468604,11,3,0,11,3,3,1.0,0.7857142857142857
M0202/img000250.jpg,M0202,250,1732,UnifAll,14,56.74300000828225,11,3,0,11,3,3,1.0,0.7857142857142857
M0202/img000250.jpg,M0202,250,1732,SAHI640,15,167.08710000966676,11,4,0,11,3,3,1.0,0.7333333333333333
M0202/img000251.jpg,M0202,251,1733,F640,13,17.95769999444019,11,2,0,11,3,3,1.0,0.8461538461538461
M0202/img000251.jpg,M0202,251,1733,F1280,16,27.838900001370348,11,5,0,11,3,3,1.0,0.6875
M0202/img000251.jpg,M0202,251,1733,DensK1,13,41.94100000313483,11,2,0,11,3,3,1.0,0.8461538461538461
M0202/img000251.jpg,M0202,251,1733,UnifAll,14,67.65870000526775,11,3,0,11,3,3,1.0,0.7857142857142857
M0202/img000251.jpg,M0202,251,1733,SAHI640,16,157.6700999867171,11,5,0,11,3,3,1.0,0.6875
M0202/img000252.jpg,M0202,252,1734,F640,14,20.896399990306236,11,3,0,11,3,3,1.0,0.7857142857142857
M0202/img000252.jpg,M0202,252,1734,F1280,15,40.45490000862628,11,4,0,11,3,3,1.0,0.7333333333333333
M0202/img000252.jpg,M0202,252,1734,DensK1,14,38.93709999101702,11,3,0,11,3,3,1.0,0.7857142857142857
M0202/img000252.jpg,M0202,252,1734,UnifAll,16,57.38220000057481,11,5,0,11,3,3,1.0,0.6875
M0202/img000252.jpg,M0202,252,1734,SAHI640,15,183.80260000412818,11,4,0,11,3,3,1.0,0.7333333333333333
M0202/img000253.jpg,M0202,253,1735,F640,14,21.0778000036953,11,3,0,11,3,3,1.0,0.7857142857142857
M0202/img000253.jpg,M0202,253,1735,F1280,14,37.89700000197627,11,3,0,11,3,3,1.0,0.7857142857142857
M0202/img000253.jpg,M0202,253,1735,DensK1,14,38.47169999789912,11,3,0,11,3,3,1.0,0.7857142857142857
M0202/img000253.jpg,M0202,253,1735,UnifAll,15,56.86430000059772,11,4,0,11,3,3,1.0,0.7333333333333333
M0202/img000253.jpg,M0202,253,1735,SAHI640,16,175.74409999360796,10,6,0,11,3,2,0.6666666666666666,0.625
M0202/img000254.jpg,M0202,254,1736,F640,15,20.69439999468159,11,4,0,11,3,3,1.0,0.7333333333333333
M0202/img000254.jpg,M0202,254,1736,F1280,16,31.312299994169734,11,5,0,11,3,3,1.0,0.6875
M0202/img000254.jpg,M0202,254,1736,DensK1,15,40.57189999730326,11,4,0,11,3,3,1.0,0.7333333333333333
M0202/img000254.jpg,M0202,254,1736,UnifAll,15,55.346200009807944,11,4,0,11,3,3,1.0,0.7333333333333333
M0202/img000254.jpg,M0202,254,1736,SAHI640,16,182.02789999486413,10,6,0,11,3,2,0.6666666666666666,0.625
M0202/img000255.jpg,M0202,255,1737,F640,15,19.86909999686759,11,4,0,11,3,3,1.0,0.7333333333333333
M0202/img000255.jpg,M0202,255,1737,F1280,14,39.69529998721555,11,3,0,11,3,3,1.0,0.7857142857142857
M0202/img000255.jpg,M0202,255,1737,DensK1,15,39.762500004144385,11,4,0,11,3,3,1.0,0.7333333333333333
M0202/img000255.jpg,M0202,255,1737,UnifAll,15,54.57300000125542,11,4,0,11,3,3,1.0,0.7333333333333333
M0202/img000255.jpg,M0202,255,1737,SAHI640,16,163.56159999850206,11,5,0,11,3,3,1.0,0.6875
M0202/img000256.jpg,M0202,256,1738,F640,15,23.555299994768575,11,4,0,11,3,3,1.0,0.7333333333333333
M0202/img000256.jpg,M0202,256,1738,F1280,16,31.131199997616932,11,5,0,11,3,3,1.0,0.6875
M0202/img000256.jpg,M0202,256,1738,DensK1,15,49.648600004729815,11,4,0,11,3,3,1.0,0.7333333333333333
M0202/img000256.jpg,M0202,256,1738,UnifAll,15,150.17599999555387,11,4,0,11,3,3,1.0,0.7333333333333333
M0202/img000256.jpg,M0202,256,1738,SAHI640,15,171.07310000574216,10,5,0,11,3,3,1.0,0.6666666666666666
M0202/img000257.jpg,M0202,257,1739,F640,14,23.46870000474155,11,3,0,11,3,3,1.0,0.7857142857142857
M0202/img000257.jpg,M0202,257,1739,F1280,16,39.891599997645244,11,5,0,11,3,3,1.0,0.6875
M0202/img000257.jpg,M0202,257,1739,DensK1,14,43.176100007258356,11,3,0,11,3,3,1.0,0.7857142857142857
M0202/img000257.jpg,M0202,257,1739,UnifAll,14,60.940600000321865,11,3,0,11,3,3,1.0,0.7857142857142857
M0202/img000257.jpg,M0202,257,1739,SAHI640,14,190.8392999903299,10,4,0,11,3,3,1.0,0.7142857142857143
M0202/img000258.jpg,M0202,258,1740,F640,14,21.435599992400967,11,3,0,11,3,3,1.0,0.7857142857142857
M0202/img000258.jpg,M0202,258,1740,F1280,14,36.92849999060854,11,3,0,11,3,3,1.0,0.7857142857142857
M0202/img000258.jpg,M0202,258,1740,DensK1,14,39.74789999483619,11,3,0,11,3,3,1.0,0.7857142857142857
M0202/img000258.jpg,M0202,258,1740,UnifAll,15,54.37679999158718,11,4,0,11,3,3,1.0,0.7333333333333333
M0202/img000258.jpg,M0202,258,1740,SAHI640,13,174.32299999927636,11,2,0,11,3,3,1.0,0.8461538461538461
M0202/img000259.jpg,M0202,259,1741,F640,14,20.056699999258853,11,3,0,11,3,3,1.0,0.7857142857142857
M0202/img000259.jpg,M0202,259,1741,F1280,15,37.42749999219086,11,4,0,11,3,3,1.0,0.7333333333333333
M0202/img000259.jpg,M0202,259,1741,DensK1,14,35.2880999998888,11,3,0,11,3,3,1.0,0.7857142857142857
M0202/img000259.jpg,M0202,259,1741,UnifAll,15,54.18649999774061,11,4,0,11,3,3,1.0,0.7333333333333333
M0202/img000259.jpg,M0202,259,1741,SAHI640,15,166.4807000051951,11,4,0,11,3,3,1.0,0.7333333333333333
M0202/img000260.jpg,M0202,260,1742,F640,16,20.025700010592118,11,5,0,11,3,3,1.0,0.6875
M0202/img000260.jpg,M0202,260,1742,F1280,15,45.23909999988973,11,4,0,11,3,3,1.0,0.7333333333333333
M0202/img000260.jpg,M0202,260,1742,DensK1,16,45.960900009959005,11,5,0,11,3,3,1.0,0.6875
M0202/img000260.jpg,M0202,260,1742,UnifAll,17,83.23899999959394,11,6,0,11,3,3,1.0,0.6470588235294118
M0202/img000260.jpg,M0202,260,1742,SAHI640,15,211.2431999994442,11,4,0,11,3,3,1.0,0.7333333333333333
M0202/img000261.jpg,M0202,261,1743,F640,14,21.74090000335127,11,3,0,11,3,3,1.0,0.7857142857142857
M0202/img000261.jpg,M0202,261,1743,F1280,14,49.20589999528602,11,3,0,11,3,3,1.0,0.7857142857142857
M0202/img000261.jpg,M0202,261,1743,DensK1,14,40.62060000433121,11,3,0,11,3,3,1.0,0.7857142857142857
M0202/img000261.jpg,M0202,261,1743,UnifAll,17,61.336900005699135,11,6,0,11,3,3,1.0,0.6470588235294118
M0202/img000261.jpg,M0202,261,1743,SAHI640,17,197.08040000114124,10,7,0,11,3,2,0.6666666666666666,0.5882352941176471
M0202/img000262.jpg,M0202,262,1744,F640,14,21.425300001283176,11,3,0,11,3,3,1.0,0.7857142857142857
M0202/img000262.jpg,M0202,262,1744,F1280,16,41.80150000320282,11,5,0,11,3,3,1.0,0.6875
M0202/img000262.jpg,M0202,262,1744,DensK1,14,62.51230000634678,11,3,0,11,3,3,1.0,0.7857142857142857
M0202/img000262.jpg,M0202,262,1744,UnifAll,16,57.410499997786246,11,5,0,11,3,3,1.0,0.6875
M0202/img000262.jpg,M0202,262,1744,SAHI640,16,206.98750000155997,11,5,0,11,3,3,1.0,0.6875
M0202/img000263.jpg,M0202,263,1745,F640,14,24.186900001950562,11,3,0,11,3,3,1.0,0.7857142857142857
M0202/img000263.jpg,M0202,263,1745,F1280,14,34.00889999466017,11,3,0,11,3,3,1.0,0.7857142857142857
M0202/img000263.jpg,M0202,263,1745,DensK1,14,50.88389999582432,11,3,0,11,3,3,1.0,0.7857142857142857
M0202/img000263.jpg,M0202,263,1745,UnifAll,16,92.19039999879897,11,5,0,11,3,3,1.0,0.6875
M0202/img000263.jpg,M0202,263,1745,SAHI640,15,213.1078999955207,10,5,0,11,3,2,0.6666666666666666,0.6666666666666666
M0202/img000264.jpg,M0202,264,1746,F640,13,24.336300004506484,11,2,0,11,3,3,1.0,0.8461538461538461
M0202/img000264.jpg,M0202,264,1746,F1280,16,49.80290000094101,11,5,0,11,3,3,1.0,0.6875
M0202/img000264.jpg,M0202,264,1746,DensK1,13,38.65159999986645,11,2,0,11,3,3,1.0,0.8461538461538461
M0202/img000264.jpg,M0202,264,1746,UnifAll,15,60.07429999590386,11,4,0,11,3,3,1.0,0.7333333333333333
M0202/img000264.jpg,M0202,264,1746,SAHI640,14,179.80440000246745,11,3,0,11,3,3,1.0,0.7857142857142857
M0202/img000265.jpg,M0202,265,1747,F640,13,14.020799993886612,11,2,0,11,3,3,1.0,0.8461538461538461
M0202/img000265.jpg,M0202,265,1747,F1280,14,23.41599999635946,11,3,0,11,3,3,1.0,0.7857142857142857
M0202/img000265.jpg,M0202,265,1747,DensK1,14,40.17860000021756,11,3,0,11,3,3,1.0,0.7857142857142857
M0202/img000265.jpg,M0202,265,1747,UnifAll,16,50.898399989819154,11,5,0,11,3,3,1.0,0.6875
M0202/img000265.jpg,M0202,265,1747,SAHI640,13,185.92469999566674,10,3,0,11,3,2,0.6666666666666666,0.7692307692307693
M0202/img000266.jpg,M0202,266,1748,F640,12,17.161700001452118,11,1,0,11,3,3,1.0,0.9166666666666666
M0202/img000266.jpg,M0202,266,1748,F1280,15,33.647399992332794,11,4,0,11,3,3,1.0,0.7333333333333333
M0202/img000266.jpg,M0202,266,1748,DensK1,13,40.98170000361279,11,2,0,11,3,3,1.0,0.8461538461538461
M0202/img000266.jpg,M0202,266,1748,UnifAll,15,55.23019999964163,11,4,0,11,3,3,1.0,0.7333333333333333
M0202/img000266.jpg,M0202,266,1748,SAHI640,14,192.4445999902673,10,4,0,11,3,2,0.6666666666666666,0.7142857142857143
M0202/img000267.jpg,M0202,267,1749,F640,12,19.769499995163642,11,1,0,11,3,3,1.0,0.9166666666666666
M0202/img000267.jpg,M0202,267,1749,F1280,16,39.46350001206156,11,5,0,11,3,3,1.0,0.6875
M0202/img000267.jpg,M0202,267,1749,DensK1,13,44.952600001124665,11,2,0,11,3,3,1.0,0.8461538461538461
M0202/img000267.jpg,M0202,267,1749,UnifAll,15,72.59630000044126,11,4,0,11,3,3,1.0,0.7333333333333333
M0202/img000267.jpg,M0202,267,1749,SAHI640,13,174.29470000206493,11,2,0,11,3,3,1.0,0.8461538461538461
M0202/img000268.jpg,M0202,268,1750,F640,12,19.212300001527183,11,1,0,11,3,3,1.0,0.9166666666666666
M0202/img000268.jpg,M0202,268,1750,F1280,14,36.177000001771376,11,3,0,11,3,3,1.0,0.7857142857142857
M0202/img000268.jpg,M0202,268,1750,DensK1,13,41.87400000228081,11,2,0,11,3,3,1.0,0.8461538461538461
M0202/img000268.jpg,M0202,268,1750,UnifAll,15,77.89500000944827,11,4,0,11,3,3,1.0,0.7333333333333333
M0202/img000268.jpg,M0202,268,1750,SAHI640,13,260.7391999918036,10,3,0,11,3,2,0.6666666666666666,0.7692307692307693
M0202/img000269.jpg,M0202,269,1751,F640,12,20.61209999374114,11,1,0,11,3,3,1.0,0.9166666666666666
M0202/img000269.jpg,M0202,269,1751,F1280,14,41.669899990665726,11,3,0,11,3,3,1.0,0.7857142857142857
M0202/img000269.jpg,M0202,269,1751,DensK1,13,70.70490000478458,11,2,0,11,3,3,1.0,0.8461538461538461
M0202/img000269.jpg,M0202,269,1751,UnifAll,15,67.06780000240542,11,4,0,11,3,3,1.0,0.7333333333333333
M0202/img000269.jpg,M0202,269,1751,SAHI640,13,240.82539998926222,10,3,0,11,3,2,0.6666666666666666,0.7692307692307693
M0202/img000270.jpg,M0202,270,1752,F640,12,19.55949999683071,11,1,0,11,3,3,1.0,0.9166666666666666
M0202/img000270.jpg,M0202,270,1752,F1280,13,31.921799993142486,11,2,0,11,3,3,1.0,0.8461538461538461
M0202/img000270.jpg,M0202,270,1752,DensK1,13,37.93059999588877,11,2,0,11,3,3,1.0,0.8461538461538461
M0202/img000270.jpg,M0202,270,1752,UnifAll,16,64.93229999614414,11,5,0,11,3,3,1.0,0.6875
M0202/img000270.jpg,M0202,270,1752,SAHI640,14,192.08200000866782,10,4,0,11,3,2,0.6666666666666666,0.7142857142857143
M0202/img000271.jpg,M0202,271,1753,F640,12,22.3485000024084,11,1,0,12,4,3,0.75,0.9166666666666666
M0202/img000271.jpg,M0202,271,1753,F1280,14,34.13229998841416,11,3,0,12,4,3,0.75,0.7857142857142857
M0202/img000271.jpg,M0202,271,1753,DensK1,13,52.937000000383705,11,2,0,12,4,3,0.75,0.8461538461538461
M0202/img000271.jpg,M0202,271,1753,UnifAll,15,96.4832000026945,12,3,0,12,4,4,1.0,0.8
M0202/img000271.jpg,M0202,271,1753,SAHI640,14,234.36480000964366,10,4,0,12,4,2,0.5,0.7142857142857143
M0202/img000272.jpg,M0202,272,1754,F640,12,19.87889999873005,11,1,0,12,4,3,0.75,0.9166666666666666
M0202/img000272.jpg,M0202,272,1754,F1280,16,35.81139999732841,11,5,0,12,4,3,0.75,0.6875
M0202/img000272.jpg,M0202,272,1754,DensK1,14,42.67529999196995,11,3,0,12,4,3,0.75,0.7857142857142857
M0202/img000272.jpg,M0202,272,1754,UnifAll,17,64.60189999779686,12,5,0,12,4,4,1.0,0.7058823529411765
M0202/img000272.jpg,M0202,272,1754,SAHI640,15,175.04129999724682,10,5,0,12,4,2,0.5,0.6666666666666666
M0202/img000273.jpg,M0202,273,1755,F640,12,21.720400007325225,11,1,0,12,4,3,0.75,0.9166666666666666
M0202/img000273.jpg,M0202,273,1755,F1280,14,26.71030000783503,11,3,0,12,4,3,0.75,0.7857142857142857
M0202/img000273.jpg,M0202,273,1755,DensK1,13,37.07539998868015,11,2,0,12,4,3,0.75,0.8461538461538461
M0202/img000273.jpg,M0202,273,1755,UnifAll,16,59.92329999571666,12,4,0,12,4,4,1.0,0.75
M0202/img000273.jpg,M0202,273,1755,SAHI640,14,181.53349999920465,11,3,0,12,4,3,0.75,0.7857142857142857
M0202/img000274.jpg,M0202,274,1756,F640,13,23.432700007106178,11,2,0,12,4,3,0.75,0.8461538461538461
M0202/img000274.jpg,M0202,274,1756,F1280,16,35.20910000952426,11,5,0,12,4,3,0.75,0.6875
M0202/img000274.jpg,M0202,274,1756,DensK1,15,43.85470000852365,11,4,0,12,4,3,0.75,0.7333333333333333
M0202/img000274.jpg,M0202,274,1756,UnifAll,17,54.47829999320675,11,6,0,12,4,3,0.75,0.6470588235294118
M0202/img000274.jpg,M0202,274,1756,SAHI640,14,194.77780000306666,11,3,0,12,4,3,0.75,0.7857142857142857
M0202/img000275.jpg,M0202,275,1757,F640,13,21.4951999951154,11,2,0,12,4,3,0.75,0.8461538461538461
M0202/img000275.jpg,M0202,275,1757,F1280,14,36.49959999893326,11,3,0,12,4,3,0.75,0.7857142857142857
M0202/img000275.jpg,M0202,275,1757,DensK1,15,38.42330000770744,11,4,0,12,4,3,0.75,0.7333333333333333
M0202/img000275.jpg,M0202,275,1757,UnifAll,17,51.52779999480117,12,5,0,12,4,4,1.0,0.7058823529411765
M0202/img000275.jpg,M0202,275,1757,SAHI640,14,192.9734000004828,11,3,0,12,4,3,0.75,0.7857142857142857
M0202/img000276.jpg,M0202,276,1758,F640,13,20.72770000086166,12,1,0,12,3,3,1.0,0.9230769230769231
M0202/img000276.jpg,M0202,276,1758,F1280,15,38.33100000338163,11,4,0,12,3,3,1.0,0.7333333333333333
M0202/img000276.jpg,M0202,276,1758,DensK1,15,40.35140000632964,12,3,0,12,3,3,1.0,0.8
M0202/img000276.jpg,M0202,276,1758,UnifAll,16,58.229099988238886,11,5,0,12,3,3,1.0,0.6875
M0202/img000276.jpg,M0202,276,1758,SAHI640,14,195.2915000001667,11,3,0,12,3,3,1.0,0.7857142857142857
M0202/img000277.jpg,M0202,277,1759,F640,16,18.066800010274164,11,5,0,12,3,3,1.0,0.6875
M0202/img000277.jpg,M0202,277,1759,F1280,15,32.38749998854473,12,3,0,12,3,3,1.0,0.8
M0202/img000277.jpg,M0202,277,1759,DensK1,16,37.262900004861876,11,5,0,12,3,3,1.0,0.6875
M0202/img000277.jpg,M0202,277,1759,UnifAll,16,55.48070000077132,11,5,0,12,3,3,1.0,0.6875
M0202/img000277.jpg,M0202,277,1759,SAHI640,16,212.75279999827035,10,6,0,12,3,2,0.6666666666666666,0.625
M0202/img000278.jpg,M0202,278,1760,F640,14,18.48759999847971,11,3,0,12,3,3,1.0,0.7857142857142857
M0202/img000278.jpg,M0202,278,1760,F1280,15,31.996899997466244,12,3,0,12,3,3,1.0,0.8
M0202/img000278.jpg,M0202,278,1760,DensK1,14,42.162700003245845,11,3,0,12,3,3,1.0,0.7857142857142857
M0202/img000278.jpg,M0202,278,1760,UnifAll,14,60.274700008449145,12,2,0,12,3,3,1.0,0.8571428571428571
M0202/img000278.jpg,M0202,278,1760,SAHI640,15,176.5659999946365,11,4,0,12,3,3,1.0,0.7333333333333333
M0202/img000279.jpg,M0202,279,1761,F640,14,15.169299993431196,11,3,0,12,3,2,0.6666666666666666,0.7857142857142857
M0202/img000279.jpg,M0202,279,1761,F1280,16,33.27880000870209,12,4,0,12,3,3,1.0,0.75
M0202/img000279.jpg,M0202,279,1761,DensK1,14,40.42729998764116,11,3,0,12,3,2,0.6666666666666666,0.7857142857142857
M0202/img000279.jpg,M0202,279,1761,UnifAll,14,50.47040000499692,11,3,0,12,3,2,0.6666666666666666,0.7857142857142857
M0202/img000279.jpg,M0202,279,1761,SAHI640,15,184.71410000347532,11,4,0,12,3,3,1.0,0.7333333333333333
M0202/img000280.jpg,M0202,280,1762,F640,14,17.17099999950733,12,2,0,12,3,3,1.0,0.8571428571428571
M0202/img000280.jpg,M0202,280,1762,F1280,15,39.056399997207336,11,4,0,12,3,3,1.0,0.7333333333333333
M0202/img000280.jpg,M0202,280,1762,DensK1,14,38.95040000497829,12,2,0,12,3,3,1.0,0.8571428571428571
M0202/img000280.jpg,M0202,280,1762,UnifAll,14,56.54320000030566,12,2,0,12,3,3,1.0,0.8571428571428571
M0202/img000280.jpg,M0202,280,1762,SAHI640,14,373.9029999997001,11,3,0,12,3,3,1.0,0.7857142857142857
M0202/img000281.jpg,M0202,281,1763,F640,14,17.029100010404363,12,2,0,12,3,3,1.0,0.8571428571428571
M0202/img000281.jpg,M0202,281,1763,F1280,14,34.326599998166785,11,3,0,12,3,3,1.0,0.7857142857142857
M0202/img000281.jpg,M0202,281,1763,DensK1,15,34.99089999240823,12,3,0,12,3,3,1.0,0.8
M0202/img000281.jpg,M0202,281,1763,UnifAll,15,51.383500001975335,12,3,0,12,3,3,1.0,0.8
M0202/img000281.jpg,M0202,281,1763,SAHI640,15,216.56689999508671,11,4,0,12,3,3,1.0,0.7333333333333333
M0202/img000282.jpg,M0202,282,1764,F640,14,17.027499998221174,12,2,0,12,3,3,1.0,0.8571428571428571
M0202/img000282.jpg,M0202,282,1764,F1280,15,32.26419999555219,11,4,0,12,3,3,1.0,0.7333333333333333
M0202/img000282.jpg,M0202,282,1764,DensK1,14,36.14630000083707,12,2,0,12,3,3,1.0,0.8571428571428571
M0202/img000282.jpg,M0202,282,1764,UnifAll,14,59.05649998749141,12,2,0,12,3,3,1.0,0.8571428571428571
M0202/img000282.jpg,M0202,282,1764,SAHI640,14,173.40339999645948,11,3,0,12,3,3,1.0,0.7857142857142857
M0202/img000283.jpg,M0202,283,1765,F640,14,21.057300007669255,12,2,0,12,3,3,1.0,0.8571428571428571
M0202/img000283.jpg,M0202,283,1765,F1280,14,34.59809999912977,11,3,0,12,3,3,1.0,0.7857142857142857
M0202/img000283.jpg,M0202,283,1765,DensK1,15,44.557199988048524,12,3,0,12,3,3,1.0,0.8
M0202/img000283.jpg,M0202,283,1765,UnifAll,15,53.5270000109449,12,3,0,12,3,3,1.0,0.8
M0202/img000283.jpg,M0202,283,1765,SAHI640,14,167.5093000085326,11,3,0,12,3,3,1.0,0.7857142857142857
M0202/img000284.jpg,M0202,284,1766,F640,14,19.023899993044324,12,2,0,12,3,3,1.0,0.8571428571428571
M0202/img000284.jpg,M0202,284,1766,F1280,15,29.144000000087544,12,3,0,12,3,3,1.0,0.8
M0202/img000284.jpg,M0202,284,1766,DensK1,15,36.825200004386716,12,3,0,12,3,3,1.0,0.8
M0202/img000284.jpg,M0202,284,1766,UnifAll,15,53.587999995215796,12,3,0,12,3,3,1.0,0.8
M0202/img000284.jpg,M0202,284,1766,SAHI640,14,162.01220000220928,11,3,0,12,3,3,1.0,0.7857142857142857
M0202/img000285.jpg,M0202,285,1767,F640,14,17.137700007879175,12,2,0,12,3,3,1.0,0.8571428571428571
M0202/img000285.jpg,M0202,285,1767,F1280,16,27.39350000047125,12,4,0,12,3,3,1.0,0.75
M0202/img000285.jpg,M0202,285,1767,DensK1,15,32.32300000672694,12,3,0,12,3,3,1.0,0.8
M0202/img000285.jpg,M0202,285,1767,UnifAll,15,50.60970000340603,12,3,0,12,3,3,1.0,0.8
M0202/img000285.jpg,M0202,285,1767,SAHI640,16,165.44189999694936,11,5,0,12,3,3,1.0,0.6875
M0202/img000286.jpg,M0202,286,1768,F640,14,19.401799989282154,12,2,0,12,3,3,1.0,0.8571428571428571
M0202/img000286.jpg,M0202,286,1768,F1280,15,36.005999994813465,12,3,0,12,3,3,1.0,0.8
M0202/img000286.jpg,M0202,286,1768,DensK1,14,35.60260000813287,12,2,0,12,3,3,1.0,0.8571428571428571
M0202/img000286.jpg,M0202,286,1768,UnifAll,15,51.67730001267046,12,3,0,12,3,3,1.0,0.8
M0202/img000286.jpg,M0202,286,1768,SAHI640,14,198.98190000094473,11,3,0,12,3,3,1.0,0.7857142857142857
M0202/img000287.jpg,M0202,287,1769,F640,13,14.09379999677185,12,1,0,12,3,3,1.0,0.9230769230769231
M0202/img000287.jpg,M0202,287,1769,F1280,16,34.9904000031529,12,4,0,12,3,3,1.0,0.75
M0202/img000287.jpg,M0202,287,1769,DensK1,13,44.5012999989558,12,1,0,12,3,3,1.0,0.9230769230769231
M0202/img000287.jpg,M0202,287,1769,UnifAll,14,68.95789998816326,12,2,0,12,3,3,1.0,0.8571428571428571
M0202/img000287.jpg,M0202,287,1769,SAHI640,14,175.34769998746924,11,3,0,12,3,3,1.0,0.7857142857142857
M0202/img000288.jpg,M0202,288,1770,F640,13,17.109599997638725,12,1,0,12,3,3,1.0,0.9230769230769231
M0202/img000288.jpg,M0202,288,1770,F1280,15,37.936599997919984,12,3,0,12,3,3,1.0,0.8
M0202/img000288.jpg,M0202,288,1770,DensK1,13,39.412999991327524,12,1,0,12,3,3,1.0,0.9230769230769231
M0202/img000288.jpg,M0202,288,1770,UnifAll,14,51.571800009696744,12,2,0,12,3,3,1.0,0.8571428571428571
M0202/img000288.jpg,M0202,288,1770,SAHI640,14,201.14859999739565,11,3,0,12,3,3,1.0,0.7857142857142857
M0202/img000289.jpg,M0202,289,1771,F640,13,22.608500003116205,12,1,0,12,3,3,1.0,0.9230769230769231
M0202/img000289.jpg,M0202,289,1771,F1280,14,32.827199989696965,12,2,0,12,3,3,1.0,0.8571428571428571
M0202/img000289.jpg,M0202,289,1771,DensK1,13,43.628800005535595,12,1,0,12,3,3,1.0,0.9230769230769231
M0202/img000289.jpg,M0202,289,1771,UnifAll,14,57.730799991986714,12,2,0,12,3,3,1.0,0.8571428571428571
M0202/img000289.jpg,M0202,289,1771,SAHI640,13,207.71300001069903,11,2,0,12,3,3,1.0,0.8461538461538461
M0202/img000290.jpg,M0202,290,1772,F640,13,20.733099998324178,12,1,0,12,3,3,1.0,0.9230769230769231
M0202/img000290.jpg,M0202,290,1772,F1280,16,29.272399988258258,12,4,0,12,3,3,1.0,0.75
M0202/img000290.jpg,M0202,290,1772,DensK1,13,42.16430000087712,11,2,0,12,3,2,0.6666666666666666,0.8461538461538461
M0202/img000290.jpg,M0202,290,1772,UnifAll,13,79.45829999516718,11,2,0,12,3,2,0.6666666666666666,0.8461538461538461
M0202/img000290.jpg,M0202,290,1772,SAHI640,14,174.90810000163037,10,4,0,12,3,3,1.0,0.7142857142857143
M0202/img000291.jpg,M0202,291,1773,F640,13,19.10810000845231,11,2,0,12,3,2,0.6666666666666666,0.8461538461538461
M0202/img000291.jpg,M0202,291,1773,F1280,14,37.51340000599157,12,2,0,12,3,3,1.0,0.8571428571428571
M0202/img000291.jpg,M0202,291,1773,DensK1,13,56.004000012762845,11,2,0,12,3,2,0.6666666666666666,0.8461538461538461
M0202/img000291.jpg,M0202,291,1773,UnifAll,13,49.66810000769328,11,2,0,12,3,2,0.6666666666666666,0.8461538461538461
M0202/img000291.jpg,M0202,291,1773,SAHI640,13,205.6822999875294,11,2,0,12,3,3,1.0,0.8461538461538461
M0203/img000001.jpg,M0203,1,1774,F640,8,14.682599998195656,3,5,0,3,0,0,nan,0.375
M0203/img000001.jpg,M0203,1,1774,F1280,9,25.827800011029467,2,7,0,3,0,0,nan,0.2222222222222222
M0203/img000001.jpg,M0203,1,1774,DensK1,9,38.06060001079459,3,6,0,3,0,0,nan,0.3333333333333333
M0203/img000001.jpg,M0203,1,1774,UnifAll,9,53.744999997434206,3,6,0,3,0,0,nan,0.3333333333333333
M0203/img000001.jpg,M0203,1,1774,SAHI640,9,155.5544999864651,3,6,0,3,0,0,nan,0.3333333333333333
M0203/img000002.jpg,M0203,2,1775,F640,8,13.54029998765327,3,5,0,3,0,0,nan,0.375
M0203/img000002.jpg,M0203,2,1775,F1280,9,33.95890000683721,3,6,0,3,0,0,nan,0.3333333333333333
M0203/img000002.jpg,M0203,2,1775,DensK1,9,32.927699998253956,3,6,0,3,0,0,nan,0.3333333333333333
M0203/img000002.jpg,M0203,2,1775,UnifAll,9,58.63499999395572,3,6,0,3,0,0,nan,0.3333333333333333
M0203/img000002.jpg,M0203,2,1775,SAHI640,8,140.73699999426026,3,5,0,3,0,0,nan,0.375
M0203/img000003.jpg,M0203,3,1776,F640,8,15.353300012066029,3,5,0,3,0,0,nan,0.375
M0203/img000003.jpg,M0203,3,1776,F1280,10,30.43220000108704,3,7,0,3,0,0,nan,0.3
M0203/img000003.jpg,M0203,3,1776,DensK1,9,38.122300000395626,3,6,0,3,0,0,nan,0.3333333333333333
M0203/img000003.jpg,M0203,3,1776,UnifAll,9,54.766200002632104,3,6,0,3,0,0,nan,0.3333333333333333
M0203/img000003.jpg,M0203,3,1776,SAHI640,10,138.28309999371413,3,7,0,3,0,0,nan,0.3
M0203/img000004.jpg,M0203,4,1777,F640,7,18.54970000567846,3,4,0,3,0,0,nan,0.42857142857142855
M0203/img000004.jpg,M0203,4,1777,F1280,8,32.89819999190513,2,6,0,3,0,0,nan,0.25
M0203/img000004.jpg,M0203,4,1777,DensK1,8,37.72160000517033,3,5,0,3,0,0,nan,0.375
M0203/img000004.jpg,M0203,4,1777,UnifAll,8,62.40280000201892,3,5,0,3,0,0,nan,0.375
M0203/img000004.jpg,M0203,4,1777,SAHI640,8,129.81080000463407,3,5,0,3,0,0,nan,0.375
M0203/img000005.jpg,M0203,5,1778,F640,8,15.501499990932643,3,5,0,3,0,0,nan,0.375
M0203/img000005.jpg,M0203,5,1778,F1280,10,30.950999993365258,3,7,0,3,0,0,nan,0.3
M0203/img000005.jpg,M0203,5,1778,DensK1,8,36.07110001030378,3,5,0,3,0,0,nan,0.375
M0203/img000005.jpg,M0203,5,1778,UnifAll,8,56.88590000499971,3,5,0,3,0,0,nan,0.375
M0203/img000005.jpg,M0203,5,1778,SAHI640,7,134.40860000264365,3,4,0,3,0,0,nan,0.42857142857142855
M0203/img000006.jpg,M0203,6,1779,F640,7,33.41709999949671,3,4,0,3,0,0,nan,0.42857142857142855
M0203/img000006.jpg,M0203,6,1779,F1280,9,29.319200009922497,3,6,0,3,0,0,nan,0.3333333333333333
M0203/img000006.jpg,M0203,6,1779,DensK1,8,45.48899999645073,3,5,0,3,0,0,nan,0.375
M0203/img000006.jpg,M0203,6,1779,UnifAll,8,53.54029999580234,3,5,0,3,0,0,nan,0.375
M0203/img000006.jpg,M0203,6,1779,SAHI640,8,115.37739999766927,3,5,0,3,0,0,nan,0.375
M0203/img000007.jpg,M0203,7,1780,F640,6,18.53580000170041,3,3,0,3,0,0,nan,0.5
M0203/img000007.jpg,M0203,7,1780,F1280,8,32.55129999888595,2,6,0,3,0,0,nan,0.25
M0203/img000007.jpg,M0203,7,1780,DensK1,8,45.722499999101274,3,5,0,3,0,0,nan,0.375
M0203/img000007.jpg,M0203,7,1780,UnifAll,8,57.790200007730164,3,5,0,3,0,0,nan,0.375
M0203/img000007.jpg,M0203,7,1780,SAHI640,8,140.3225999965798,3,5,0,3,0,0,nan,0.375
M0203/img000008.jpg,M0203,8,1781,F640,7,18.461300001945347,3,4,0,3,0,0,nan,0.42857142857142855
M0203/img000008.jpg,M0203,8,1781,F1280,6,27.184899998246692,2,4,0,3,0,0,nan,0.3333333333333333
M0203/img000008.jpg,M0203,8,1781,DensK1,9,39.35530000308063,3,6,0,3,0,0,nan,0.3333333333333333
M0203/img000008.jpg,M0203,8,1781,UnifAll,9,68.68589999794494,3,6,0,3,0,0,nan,0.3333333333333333
M0203/img000008.jpg,M0203,8,1781,SAHI640,8,163.48499999730848,3,5,0,3,0,0,nan,0.375
M0203/img000009.jpg,M0203,9,1782,F640,5,19.622600011643954,3,2,0,3,0,0,nan,0.6
M0203/img000009.jpg,M0203,9,1782,F1280,8,28.478799998993054,2,6,0,3,0,0,nan,0.25
M0203/img000009.jpg,M0203,9,1782,DensK1,8,41.33699998783413,3,5,0,3,0,0,nan,0.375
M0203/img000009.jpg,M0203,9,1782,UnifAll,8,60.948599988478236,3,5,0,3,0,0,nan,0.375
M0203/img000009.jpg,M0203,9,1782,SAHI640,6,143.6398000078043,3,3,0,3,0,0,nan,0.5
M0203/img000010.jpg,M0203,10,1783,F640,4,17.243500013137236,3,1,0,3,0,0,nan,0.75
M0203/img000010.jpg,M0203,10,1783,F1280,7,25.559500005329028,3,4,0,3,0,0,nan,0.42857142857142855
M0203/img000010.jpg,M0203,10,1783,DensK1,5,33.65739999571815,3,2,0,3,0,0,nan,0.6
M0203/img000010.jpg,M0203,10,1783,UnifAll,5,57.380900005227886,3,2,0,3,0,0,nan,0.6
M0203/img000010.jpg,M0203,10,1783,SAHI640,8,149.47779999056365,3,5,0,3,0,0,nan,0.375
M0203/img000011.jpg,M0203,11,1784,F640,5,17.52459999988787,3,2,0,3,0,0,nan,0.6
M0203/img000011.jpg,M0203,11,1784,F1280,6,39.48020000825636,2,4,0,3,0,0,nan,0.3333333333333333
M0203/img000011.jpg,M0203,11,1784,DensK1,5,45.72609999740962,3,2,0,3,0,0,nan,0.6
M0203/img000011.jpg,M0203,11,1784,UnifAll,6,69.97209999826737,3,3,0,3,0,0,nan,0.5
M0203/img000011.jpg,M0203,11,1784,SAHI640,5,147.31090000714175,3,2,0,3,0,0,nan,0.6
M0203/img000012.jpg,M0203,12,1785,F640,5,22.400500005460344,3,2,0,3,0,0,nan,0.6
M0203/img000012.jpg,M0203,12,1785,F1280,8,38.13159999845084,3,5,0,3,0,0,nan,0.375
M0203/img000012.jpg,M0203,12,1785,DensK1,5,41.195400001015514,3,2,0,3,0,0,nan,0.6
M0203/img000012.jpg,M0203,12,1785,UnifAll,5,66.10529999306891,3,2,0,3,0,0,nan,0.6
M0203/img000012.jpg,M0203,12,1785,SAHI640,4,142.7079999994021,3,1,0,3,0,0,nan,0.75
M0203/img000013.jpg,M0203,13,1786,F640,7,16.172700008610263,2,5,0,3,0,0,nan,0.2857142857142857
M0203/img000013.jpg,M0203,13,1786,F1280,7,27.507999999215826,2,5,0,3,0,0,nan,0.2857142857142857
M0203/img000013.jpg,M0203,13,1786,DensK1,9,46.575099986512214,3,6,0,3,0,0,nan,0.3333333333333333
M0203/img000013.jpg,M0203,13,1786,UnifAll,9,54.75809999916237,3,6,0,3,0,0,nan,0.3333333333333333
M0203/img000013.jpg,M0203,13,1786,SAHI640,7,125.29619999986608,3,4,0,3,0,0,nan,0.42857142857142855
M0203/img000014.jpg,M0203,14,1787,F640,7,19.42830000189133,3,4,0,3,0,0,nan,0.42857142857142855
M0203/img000014.jpg,M0203,14,1787,F1280,7,27.227699989452958,2,5,0,3,0,0,nan,0.2857142857142857
M0203/img000014.jpg,M0203,14,1787,DensK1,7,36.4220000046771,3,4,0,3,0,0,nan,0.42857142857142855
M0203/img000014.jpg,M0203,14,1787,UnifAll,8,61.27879999985453,3,5,0,3,0,0,nan,0.375
M0203/img000014.jpg,M0203,14,1787,SAHI640,6,114.851299993461,3,3,0,3,0,0,nan,0.5
M0203/img000015.jpg,M0203,15,1788,F640,5,19.163999997545034,3,2,0,3,0,0,nan,0.6
M0203/img000015.jpg,M0203,15,1788,F1280,8,32.29430000646971,2,6,0,3,0,0,nan,0.25
M0203/img000015.jpg,M0203,15,1788,DensK1,6,35.67810000095051,3,3,0,3,0,0,nan,0.5
M0203/img000015.jpg,M0203,15,1788,UnifAll,6,58.81050000607502,3,3,0,3,0,0,nan,0.5
M0203/img000015.jpg,M0203,15,1788,SAHI640,6,108.07820000627544,3,3,0,3,0,0,nan,0.5
M0203/img000016.jpg,M0203,16,1789,F640,6,17.152400003396906,3,3,0,3,0,0,nan,0.5
M0203/img000016.jpg,M0203,16,1789,F1280,7,38.37280000152532,2,5,0,3,0,0,nan,0.2857142857142857
M0203/img000016.jpg,M0203,16,1789,DensK1,7,44.57489999185782,3,4,0,3,0,0,nan,0.42857142857142855
M0203/img000016.jpg,M0203,16,1789,UnifAll,7,73.35079999757,3,4,0,3,0,0,nan,0.42857142857142855
M0203/img000016.jpg,M0203,16,1789,SAHI640,8,117.57080000825226,3,5,0,3,0,0,nan,0.375
M0203/img000017.jpg,M0203,17,1790,F640,6,21.656499986420386,3,3,0,3,0,0,nan,0.5
M0203/img000017.jpg,M0203,17,1790,F1280,7,35.83480000088457,3,4,0,3,0,0,nan,0.42857142857142855
M0203/img000017.jpg,M0203,17,1790,DensK1,7,46.00370000116527,3,4,0,3,0,0,nan,0.42857142857142855
M0203/img000017.jpg,M0203,17,1790,UnifAll,8,82.90119998855516,3,5,0,3,0,0,nan,0.375
M0203/img000017.jpg,M0203,17,1790,SAHI640,8,139.58610000554472,3,5,0,3,0,0,nan,0.375
M0203/img000018.jpg,M0203,18,1791,F640,6,22.189200011780486,3,3,0,3,0,0,nan,0.5
M0203/img000018.jpg,M0203,18,1791,F1280,7,37.09139999409672,3,4,0,3,0,0,nan,0.42857142857142855
M0203/img000018.jpg,M0203,18,1791,DensK1,6,48.78369999642018,3,3,0,3,0,0,nan,0.5
M0203/img000018.jpg,M0203,18,1791,UnifAll,8,75.46219999494497,3,5,0,3,0,0,nan,0.375
M0203/img000018.jpg,M0203,18,1791,SAHI640,7,145.10660000087228,2,5,0,3,0,0,nan,0.2857142857142857
M0203/img000019.jpg,M0203,19,1792,F640,7,23.727399995550513,3,4,0,3,0,0,nan,0.42857142857142855
M0203/img000019.jpg,M0203,19,1792,F1280,8,30.488400007016025,3,5,0,3,0,0,nan,0.375
M0203/img000019.jpg,M0203,19,1792,DensK1,8,54.11660000390839,3,5,0,3,0,0,nan,0.375
M0203/img000019.jpg,M0203,19,1792,UnifAll,8,107.72010000073351,3,5,0,3,0,0,nan,0.375
M0203/img000019.jpg,M0203,19,1792,SAHI640,6,114.24650000117254,3,3,0,3,0,0,nan,0.5
M0203/img000020.jpg,M0203,20,1793,F640,6,18.697400009841658,3,3,0,3,0,0,nan,0.5
M0203/img000020.jpg,M0203,20,1793,F1280,8,27.578900000662543,3,5,0,3,0,0,nan,0.375
M0203/img000020.jpg,M0203,20,1793,DensK1,8,38.6628000123892,3,5,0,3,0,0,nan,0.375
M0203/img000020.jpg,M0203,20,1793,UnifAll,8,58.422499991138466,3,5,0,3,0,0,nan,0.375
M0203/img000020.jpg,M0203,20,1793,SAHI640,8,118.00149999908172,3,5,0,3,0,0,nan,0.375
M0203/img000021.jpg,M0203,21,1794,F640,5,19.96240000880789,4,1,0,5,0,0,nan,0.8
M0203/img000021.jpg,M0203,21,1794,F1280,9,28.998599998885766,5,4,0,5,0,0,nan,0.5555555555555556
M0203/img000021.jpg,M0203,21,1794,DensK1,6,40.19529999641236,5,1,0,5,0,0,nan,0.8333333333333334
M0203/img000021.jpg,M0203,21,1794,UnifAll,7,61.741999990772456,5,2,0,5,0,0,nan,0.7142857142857143
M0203/img000021.jpg,M0203,21,1794,SAHI640,7,110.29640000197105,5,2,0,5,0,0,nan,0.7142857142857143
M0203/img000022.jpg,M0203,22,1795,F640,6,23.515900000347756,5,1,0,5,0,0,nan,0.8333333333333334
M0203/img000022.jpg,M0203,22,1795,F1280,9,33.82549999514595,5,4,0,5,0,0,nan,0.5555555555555556
M0203/img000022.jpg,M0203,22,1795,DensK1,7,38.37249999924097,5,2,0,5,0,0,nan,0.7142857142857143
M0203/img000022.jpg,M0203,22,1795,UnifAll,7,50.345499999821186,5,2,0,5,0,0,nan,0.7142857142857143
M0203/img000022.jpg,M0203,22,1795,SAHI640,8,125.43719999666791,5,3,0,5,0,0,nan,0.625
M0203/img000023.jpg,M0203,23,1796,F640,6,17.49280000512954,5,1,0,5,0,0,nan,0.8333333333333334
M0203/img000023.jpg,M0203,23,1796,F1280,7,34.97280000010505,5,2,0,5,0,0,nan,0.7142857142857143
M0203/img000023.jpg,M0203,23,1796,DensK1,7,38.33239999949001,5,2,0,5,0,0,nan,0.7142857142857143
M0203/img000023.jpg,M0203,23,1796,UnifAll,7,62.800799991237,5,2,0,5,0,0,nan,0.7142857142857143
M0203/img000023.jpg,M0203,23,1796,SAHI640,7,116.77769999369048,5,2,0,5,0,0,nan,0.7142857142857143
M0203/img000024.jpg,M0203,24,1797,F640,5,17.624900006921962,5,0,0,5,0,0,nan,1.0
M0203/img000024.jpg,M0203,24,1797,F1280,7,35.016099995118566,5,2,0,5,0,0,nan,0.7142857142857143
M0203/img000024.jpg,M0203,24,1797,DensK1,7,36.97739999915939,5,2,0,5,0,0,nan,0.7142857142857143
M0203/img000024.jpg,M0203,24,1797,UnifAll,7,60.45770000491757,5,2,0,5,0,0,nan,0.7142857142857143
M0203/img000024.jpg,M0203,24,1797,SAHI640,7,106.47099999187049,5,2,0,5,0,0,nan,0.7142857142857143
M0203/img000025.jpg,M0203,25,1798,F640,5,20.859999989625067,5,0,0,5,0,0,nan,1.0
M0203/img000025.jpg,M0203,25,1798,F1280,7,37.90429999935441,5,2,0,5,0,0,nan,0.7142857142857143
M0203/img000025.jpg,M0203,25,1798,DensK1,6,33.672999998088926,5,1,0,5,0,0,nan,0.8333333333333334
M0203/img000025.jpg,M0203,25,1798,UnifAll,7,65.84970001131296,5,2,0,5,0,0,nan,0.7142857142857143
M0203/img000025.jpg,M0203,25,1798,SAHI640,8,109.340399998473,5,3,0,5,0,0,nan,0.625
M0203/img000026.jpg,M0203,26,1799,F640,6,18.389199991361238,5,1,0,5,0,0,nan,0.8333333333333334
M0203/img000026.jpg,M0203,26,1799,F1280,7,33.235299997613765,5,2,0,5,0,0,nan,0.7142857142857143
M0203/img000026.jpg,M0203,26,1799,DensK1,8,41.83490001014434,5,3,0,5,0,0,nan,0.625
M0203/img000026.jpg,M0203,26,1799,UnifAll,10,75.88260000920855,5,5,0,5,0,0,nan,0.5
M0203/img000026.jpg,M0203,26,1799,SAHI640,9,119.40769999637268,5,4,0,5,0,0,nan,0.5555555555555556
M0203/img000027.jpg,M0203,27,1800,F640,6,17.980699994950555,5,1,0,5,0,0,nan,0.8333333333333334
M0203/img000027.jpg,M0203,27,1800,F1280,8,34.00310000870377,4,4,0,5,0,0,nan,0.5
M0203/img000027.jpg,M0203,27,1800,DensK1,7,43.54249998868909,5,2,0,5,0,0,nan,0.7142857142857143
M0203/img000027.jpg,M0203,27,1800,UnifAll,9,57.783899988862686,5,4,0,5,0,0,nan,0.5555555555555556
M0203/img000027.jpg,M0203,27,1800,SAHI640,9,129.28290000127163,5,4,0,5,0,0,nan,0.5555555555555556
M0203/img000028.jpg,M0203,28,1801,F640,7,16.68220000283327,5,2,0,5,0,0,nan,0.7142857142857143
M0203/img000028.jpg,M0203,28,1801,F1280,7,32.36710000783205,4,3,0,5,0,0,nan,0.5714285714285714
M0203/img000028.jpg,M0203,28,1801,DensK1,8,44.29399999207817,5,3,0,5,0,0,nan,0.625
M0203/img000028.jpg,M0203,28,1801,UnifAll,10,61.12899999425281,5,5,0,5,0,0,nan,0.5
M0203/img000028.jpg,M0203,28,1801,SAHI640,8,109.5078999933321,5,3,0,5,0,0,nan,0.625
M0203/img000029.jpg,M0203,29,1802,F640,7,21.66830000351183,5,2,0,5,0,0,nan,0.7142857142857143
M0203/img000029.jpg,M0203,29,1802,F1280,8,27.84619999874849,4,4,0,5,0,0,nan,0.5
M0203/img000029.jpg,M0203,29,1802,DensK1,8,38.44370000297204,5,3,0,5,0,0,nan,0.625
M0203/img000029.jpg,M0203,29,1802,UnifAll,8,52.094500002567656,5,3,0,5,0,0,nan,0.625
M0203/img000029.jpg,M0203,29,1802,SAHI640,7,102.77859999041539,5,2,0,5,0,0,nan,0.7142857142857143
M0203/img000030.jpg,M0203,30,1803,F640,7,20.45660000294447,5,2,0,5,0,0,nan,0.7142857142857143
M0203/img000030.jpg,M0203,30,1803,F1280,8,26.093699998455122,5,3,0,5,0,0,nan,0.625
M0203/img000030.jpg,M0203,30,1803,DensK1,9,34.329499991144985,5,4,0,5,0,0,nan,0.5555555555555556
M0203/img000030.jpg,M0203,30,1803,UnifAll,9,51.43300000054296,5,4,0,5,0,0,nan,0.5555555555555556
M0203/img000030.jpg,M0203,30,1803,SAHI640,8,92.66650000063237,5,3,0,5,0,0,nan,0.625
M0203/img000031.jpg,M0203,31,1804,F640,7,18.88229999167379,6,1,0,6,0,0,nan,0.8571428571428571
M0203/img000031.jpg,M0203,31,1804,F1280,8,32.016099998145364,6,2,0,6,0,0,nan,0.75
M0203/img000031.jpg,M0203,31,1804,DensK1,10,32.112400003825314,6,4,0,6,0,0,nan,0.6
M0203/img000031.jpg,M0203,31,1804,UnifAll,10,56.664600007934496,6,4,0,6,0,0,nan,0.6
M0203/img000031.jpg,M0203,31,1804,SAHI640,8,85.37489999434911,6,2,0,6,0,0,nan,0.75
M0203/img000032.jpg,M0203,32,1805,F640,6,19.60319999489002,6,0,0,6,0,0,nan,1.0
M0203/img000032.jpg,M0203,32,1805,F1280,8,37.24839999631513,6,2,0,6,0,0,nan,0.75
M0203/img000032.jpg,M0203,32,1805,DensK1,9,34.27889999875333,6,3,0,6,0,0,nan,0.6666666666666666
M0203/img000032.jpg,M0203,32,1805,UnifAll,9,57.29929999506567,6,3,0,6,0,0,nan,0.6666666666666666
M0203/img000032.jpg,M0203,32,1805,SAHI640,7,95.46200001204852,6,1,0,6,0,0,nan,0.8571428571428571
M0203/img000033.jpg,M0203,33,1806,F640,6,19.931599992560223,6,0,0,6,0,0,nan,1.0
M0203/img000033.jpg,M0203,33,1806,F1280,8,48.01009999937378,6,2,0,6,0,0,nan,0.75
M0203/img000033.jpg,M0203,33,1806,DensK1,10,45.41429999517277,6,4,0,6,0,0,nan,0.6
M0203/img000033.jpg,M0203,33,1806,UnifAll,10,69.77750000078231,6,4,0,6,0,0,nan,0.6
M0203/img000033.jpg,M0203,33,1806,SAHI640,8,93.06219998688903,6,2,0,6,0,0,nan,0.75
M0203/img000034.jpg,M0203,34,1807,F640,7,19.382399987080134,6,1,0,6,0,0,nan,0.8571428571428571
M0203/img000034.jpg,M0203,34,1807,F1280,9,42.711700007203035,6,3,0,6,0,0,nan,0.6666666666666666
M0203/img000034.jpg,M0203,34,1807,DensK1,10,45.109600003343076,6,4,0,6,0,0,nan,0.6
M0203/img000034.jpg,M0203,34,1807,UnifAll,10,62.37290000717621,6,4,0,6,0,0,nan,0.6
M0203/img000034.jpg,M0203,34,1807,SAHI640,9,96.40850000141654,6,3,0,6,0,0,nan,0.6666666666666666
M0203/img000035.jpg,M0203,35,1808,F640,7,20.97230000072159,6,1,0,6,0,0,nan,0.8571428571428571
M0203/img000035.jpg,M0203,35,1808,F1280,10,39.455999998608604,6,4,0,6,0,0,nan,0.6
M0203/img000035.jpg,M0203,35,1808,DensK1,10,46.24650000187103,6,4,0,6,0,0,nan,0.6
M0203/img000035.jpg,M0203,35,1808,UnifAll,10,62.41099999169819,6,4,0,6,0,0,nan,0.6
M0203/img000035.jpg,M0203,35,1808,SAHI640,8,99.46700000728015,6,2,0,6,0,0,nan,0.75
M0203/img000036.jpg,M0203,36,1809,F640,7,18.11459999589715,6,1,0,6,0,0,nan,0.8571428571428571
M0203/img000036.jpg,M0203,36,1809,F1280,9,46.28419999789912,6,3,0,6,0,0,nan,0.6666666666666666
M0203/img000036.jpg,M0203,36,1809,DensK1,11,41.16989999602083,6,5,0,6,0,0,nan,0.5454545454545454
M0203/img000036.jpg,M0203,36,1809,UnifAll,11,61.46839998837095,6,5,0,6,0,0,nan,0.5454545454545454
M0203/img000036.jpg,M0203,36,1809,SAHI640,9,88.53779999481048,6,3,0,6,0,0,nan,0.6666666666666666
M0203/img000037.jpg,M0203,37,1810,F640,6,20.591499996953644,6,0,0,6,0,0,nan,1.0
M0203/img000037.jpg,M0203,37,1810,F1280,9,45.08660000283271,6,3,0,6,0,0,nan,0.6666666666666666
M0203/img000037.jpg,M0203,37,1810,DensK1,8,44.614099999307655,6,2,0,6,0,0,nan,0.75
M0203/img000037.jpg,M0203,37,1810,UnifAll,8,57.08279999089427,6,2,0,6,0,0,nan,0.75
M0203/img000037.jpg,M0203,37,1810,SAHI640,8,99.53450001194142,6,2,0,6,0,0,nan,0.75
M0203/img000038.jpg,M0203,38,1811,F640,6,18.62970000365749,6,0,0,6,0,0,nan,1.0
M0203/img000038.jpg,M0203,38,1811,F1280,7,47.47109999880195,6,1,0,6,0,0,nan,0.8571428571428571
M0203/img000038.jpg,M0203,38,1811,DensK1,9,38.63999999884982,6,3,0,6,0,0,nan,0.6666666666666666
M0203/img000038.jpg,M0203,38,1811,UnifAll,9,60.710100005962886,6,3,0,6,0,0,nan,0.6666666666666666
M0203/img000038.jpg,M0203,38,1811,SAHI640,8,98.52110000792891,6,2,0,6,0,0,nan,0.75
M0203/img000039.jpg,M0203,39,1812,F640,6,19.60980000148993,6,0,0,6,0,0,nan,1.0
M0203/img000039.jpg,M0203,39,1812,F1280,8,35.38050000497606,6,2,0,6,0,0,nan,0.75
M0203/img000039.jpg,M0203,39,1812,DensK1,8,42.41010000987444,6,2,0,6,0,0,nan,0.75
M0203/img000039.jpg,M0203,39,1812,UnifAll,9,64.52400000125635,6,3,0,6,0,0,nan,0.6666666666666666
M0203/img000039.jpg,M0203,39,1812,SAHI640,10,101.94250001222827,6,4,0,6,0,0,nan,0.6
M0203/img000040.jpg,M0203,40,1813,F640,6,19.19880000059493,6,0,0,6,0,0,nan,1.0
M0203/img000040.jpg,M0203,40,1813,F1280,7,43.9089999999851,6,1,0,6,0,0,nan,0.8571428571428571
M0203/img000040.jpg,M0203,40,1813,DensK1,9,42.716800002381206,6,3,0,6,0,0,nan,0.6666666666666666
M0203/img000040.jpg,M0203,40,1813,UnifAll,9,57.164699988788925,6,3,0,6,0,0,nan,0.6666666666666666
M0203/img000040.jpg,M0203,40,1813,SAHI640,8,106.73349999706261,6,2,0,6,0,0,nan,0.75
M0203/img000041.jpg,M0203,41,1814,F640,6,17.48059999954421,6,0,0,6,0,0,nan,1.0
M0203/img000041.jpg,M0203,41,1814,F1280,7,40.37410000455566,6,1,0,6,0,0,nan,0.8571428571428571
M0203/img000041.jpg,M0203,41,1814,DensK1,8,50.364800001261756,6,2,0,6,0,0,nan,0.75
M0203/img000041.jpg,M0203,41,1814,UnifAll,8,66.95510000281502,6,2,0,6,0,0,nan,0.75
M0203/img000041.jpg,M0203,41,1814,SAHI640,7,100.34099999757018,6,1,0,6,0,0,nan,0.8571428571428571
M0203/img000042.jpg,M0203,42,1815,F640,8,23.4855000016978,6,2,0,6,0,0,nan,0.75
M0203/img000042.jpg,M0203,42,1815,F1280,7,35.77459999360144,5,2,0,6,0,0,nan,0.7142857142857143
M0203/img000042.jpg,M0203,42,1815,DensK1,10,50.093999991077,6,4,0,6,0,0,nan,0.6
M0203/img000042.jpg,M0203,42,1815,UnifAll,10,68.08909999381285,6,4,0,6,0,0,nan,0.6
M0203/img000042.jpg,M0203,42,1815,SAHI640,7,107.11949999677017,6,1,0,6,0,0,nan,0.8571428571428571
M0203/img000043.jpg,M0203,43,1816,F640,6,17.549000011058524,6,0,0,6,0,0,nan,1.0
M0203/img000043.jpg,M0203,43,1816,F1280,6,30.906699990737252,5,1,0,6,0,0,nan,0.8333333333333334
M0203/img000043.jpg,M0203,43,1816,DensK1,8,44.82480000297073,6,2,0,6,0,0,nan,0.75
M0203/img000043.jpg,M0203,43,1816,UnifAll,8,64.20870000147261,6,2,0,6,0,0,nan,0.75
M0203/img000043.jpg,M0203,43,1816,SAHI640,8,108.22940000798553,6,2,0,6,0,0,nan,0.75
M0203/img000044.jpg,M0203,44,1817,F640,7,20.456800004467368,6,1,0,6,0,0,nan,0.8571428571428571
M0203/img000044.jpg,M0203,44,1817,F1280,7,32.44490000361111,5,2,0,6,0,0,nan,0.7142857142857143
M0203/img000044.jpg,M0203,44,1817,DensK1,8,38.43349999806378,6,2,0,6,0,0,nan,0.75
M0203/img000044.jpg,M0203,44,1817,UnifAll,8,66.6400999907637,6,2,0,6,0,0,nan,0.75
M0203/img000044.jpg,M0203,44,1817,SAHI640,8,114.93260000133887,6,2,0,6,0,0,nan,0.75
M0203/img000045.jpg,M0203,45,1818,F640,6,19.920100006856956,6,0,0,6,0,0,nan,1.0
M0203/img000045.jpg,M0203,45,1818,F1280,7,43.26059999584686,5,2,0,6,0,0,nan,0.7142857142857143
M0203/img000045.jpg,M0203,45,1818,DensK1,6,40.0859999936074,6,0,0,6,0,0,nan,1.0
M0203/img000045.jpg,M0203,45,1818,UnifAll,8,71.76479999907315,6,2,0,6,0,0,nan,0.75
M0203/img000045.jpg,M0203,45,1818,SAHI640,7,103.04629999154713,6,1,0,6,0,0,nan,0.8571428571428571
M0203/img000046.jpg,M0203,46,1819,F640,6,21.021100008510984,6,0,0,6,0,0,nan,1.0
M0203/img000046.jpg,M0203,46,1819,F1280,7,39.45019999810029,5,2,0,6,0,0,nan,0.7142857142857143
M0203/img000046.jpg,M0203,46,1819,DensK1,8,42.60220000287518,6,2,0,6,0,0,nan,0.75
M0203/img000046.jpg,M0203,46,1819,UnifAll,8,66.1277000035625,6,2,0,6,0,0,nan,0.75
M0203/img000046.jpg,M0203,46,1819,SAHI640,7,114.90319999575149,6,1,0,6,0,0,nan,0.8571428571428571
M0203/img000047.jpg,M0203,47,1820,F640,7,17.600899998797104,6,1,0,6,0,0,nan,0.8571428571428571
M0203/img000047.jpg,M0203,47,1820,F1280,7,31.560200004605576,5,2,0,6,0,0,nan,0.7142857142857143
M0203/img000047.jpg,M0203,47,1820,DensK1,9,45.942500000819564,6,3,0,6,0,0,nan,0.6666666666666666
M0203/img000047.jpg,M0203,47,1820,UnifAll,9,69.19769999512937,6,3,0,6,0,0,nan,0.6666666666666666
M0203/img000047.jpg,M0203,47,1820,SAHI640,7,110.49369999091141,6,1,0,6,0,0,nan,0.8571428571428571
M0203/img000048.jpg,M0203,48,1821,F640,7,18.569099993328564,6,1,0,6,0,0,nan,0.8571428571428571
M0203/img000048.jpg,M0203,48,1821,F1280,8,31.965300004230812,6,2,0,6,0,0,nan,0.75
M0203/img000048.jpg,M0203,48,1821,DensK1,9,41.41150000214111,6,3,0,6,0,0,nan,0.6666666666666666
M0203/img000048.jpg,M0203,48,1821,UnifAll,9,71.35470000503119,6,3,0,6,0,0,nan,0.6666666666666666
M0203/img000048.jpg,M0203,48,1821,SAHI640,7,97.28030000405852,6,1,0,6,0,0,nan,0.8571428571428571
M0203/img000049.jpg,M0203,49,1822,F640,6,19.906500005163252,6,0,0,6,0,0,nan,1.0
M0203/img000049.jpg,M0203,49,1822,F1280,6,38.19719998864457,6,0,0,6,0,0,nan,1.0
M0203/img000049.jpg,M0203,49,1822,DensK1,8,44.353399993269704,6,2,0,6,0,0,nan,0.75
M0203/img000049.jpg,M0203,49,1822,UnifAll,8,73.3118999924045,6,2,0,6,0,0,nan,0.75
M0203/img000049.jpg,M0203,49,1822,SAHI640,6,89.829100004863,6,0,0,6,0,0,nan,1.0
M0203/img000050.jpg,M0203,50,1823,F640,7,16.78160000301432,6,1,0,6,0,0,nan,0.8571428571428571
M0203/img000050.jpg,M0203,50,1823,F1280,6,35.91979999328032,5,1,0,6,0,0,nan,0.8333333333333334
M0203/img000050.jpg,M0203,50,1823,DensK1,9,39.716700004646555,6,3,0,6,0,0,nan,0.6666666666666666
M0203/img000050.jpg,M0203,50,1823,UnifAll,9,51.5770999918459,6,3,0,6,0,0,nan,0.6666666666666666
M0203/img000050.jpg,M0203,50,1823,SAHI640,7,97.62529999716207,6,1,0,6,0,0,nan,0.8571428571428571
M0203/img000051.jpg,M0203,51,1824,F640,6,19.874700010404922,6,0,0,6,0,0,nan,1.0
M0203/img000051.jpg,M0203,51,1824,F1280,5,33.78610000072513,5,0,0,6,0,0,nan,1.0
M0203/img000051.jpg,M0203,51,1824,DensK1,6,40.220499999122694,6,0,0,6,0,0,nan,1.0
M0203/img000051.jpg,M0203,51,1824,UnifAll,7,60.870400004205294,6,1,0,6,0,0,nan,0.8571428571428571
M0203/img000051.jpg,M0203,51,1824,SAHI640,7,83.61279999371618,6,1,0,6,0,0,nan,0.8571428571428571
M0203/img000052.jpg,M0203,52,1825,F640,6,22.100799993495457,6,0,0,6,0,0,nan,1.0
M0203/img000052.jpg,M0203,52,1825,F1280,7,39.8814000072889,5,2,0,6,0,0,nan,0.7142857142857143
M0203/img000052.jpg,M0203,52,1825,DensK1,8,39.545499996165745,6,2,0,6,0,0,nan,0.75
M0203/img000052.jpg,M0203,52,1825,UnifAll,8,57.001100009074435,6,2,0,6,0,0,nan,0.75
M0203/img000052.jpg,M0203,52,1825,SAHI640,7,93.2638000085717,6,1,0,6,0,0,nan,0.8571428571428571
M0203/img000053.jpg,M0203,53,1826,F640,6,19.594099998357706,6,0,0,6,0,0,nan,1.0
M0203/img000053.jpg,M0203,53,1826,F1280,7,35.05359998962376,6,1,0,6,0,0,nan,0.8571428571428571
M0203/img000053.jpg,M0203,53,1826,DensK1,9,40.25819999515079,6,3,0,6,0,0,nan,0.6666666666666666
M0203/img000053.jpg,M0203,53,1826,UnifAll,9,58.82450001081452,6,3,0,6,0,0,nan,0.6666666666666666
M0203/img000053.jpg,M0203,53,1826,SAHI640,7,94.83170000021346,6,1,0,6,0,0,nan,0.8571428571428571
M0203/img000054.jpg,M0203,54,1827,F640,6,19.432000000961125,6,0,0,6,0,0,nan,1.0
M0203/img000054.jpg,M0203,54,1827,F1280,7,33.001199990394525,6,1,0,6,0,0,nan,0.8571428571428571
M0203/img000054.jpg,M0203,54,1827,DensK1,8,40.979700002935715,6,2,0,6,0,0,nan,0.75
M0203/img000054.jpg,M0203,54,1827,UnifAll,8,63.014200000907294,6,2,0,6,0,0,nan,0.75
M0203/img000054.jpg,M0203,54,1827,SAHI640,8,92.09320000081789,6,2,0,6,0,0,nan,0.75
M0203/img000055.jpg,M0203,55,1828,F640,6,20.445999994990416,6,0,0,6,0,0,nan,1.0
M0203/img000055.jpg,M0203,55,1828,F1280,7,30.958200004533865,6,1,0,6,0,0,nan,0.8571428571428571
M0203/img000055.jpg,M0203,55,1828,DensK1,7,42.66459999780636,6,1,0,6,0,0,nan,0.8571428571428571
M0203/img000055.jpg,M0203,55,1828,UnifAll,7,58.674300002167,6,1,0,6,0,0,nan,0.8571428571428571
M0203/img000055.jpg,M0203,55,1828,SAHI640,8,85.98620000702795,6,2,0,6,0,0,nan,0.75
M0203/img000056.jpg,M0203,56,1829,F640,7,22.722199995769188,6,1,0,6,0,0,nan,0.8571428571428571
M0203/img000056.jpg,M0203,56,1829,F1280,7,27.464799990411848,6,1,0,6,0,0,nan,0.8571428571428571
M0203/img000056.jpg,M0203,56,1829,DensK1,9,53.06900000141468,6,3,0,6,0,0,nan,0.6666666666666666
M0203/img000056.jpg,M0203,56,1829,UnifAll,9,59.504299992113374,6,3,0,6,0,0,nan,0.6666666666666666
M0203/img000056.jpg,M0203,56,1829,SAHI640,6,101.48099999059923,6,0,0,6,0,0,nan,1.0
M0203/img000057.jpg,M0203,57,1830,F640,7,20.958799999789335,6,1,0,6,0,0,nan,0.8571428571428571
M0203/img000057.jpg,M0203,57,1830,F1280,6,46.683199994731694,5,1,0,6,0,0,nan,0.8333333333333334
M0203/img000057.jpg,M0203,57,1830,DensK1,8,42.07660000247415,6,2,0,6,0,0,nan,0.75
M0203/img000057.jpg,M0203,57,1830,UnifAll,8,60.81379999523051,6,2,0,6,0,0,nan,0.75
M0203/img000057.jpg,M0203,57,1830,SAHI640,7,104.16210000403225,6,1,0,6,0,0,nan,0.8571428571428571
M0203/img000058.jpg,M0203,58,1831,F640,7,21.54539999901317,6,1,0,6,0,0,nan,0.8571428571428571
M0203/img000058.jpg,M0203,58,1831,F1280,6,43.58389999833889,5,1,0,6,0,0,nan,0.8333333333333334
M0203/img000058.jpg,M0203,58,1831,DensK1,9,41.95569999865256,6,3,0,6,0,0,nan,0.6666666666666666
M0203/img000058.jpg,M0203,58,1831,UnifAll,9,62.97369999811053,6,3,0,6,0,0,nan,0.6666666666666666
M0203/img000058.jpg,M0203,58,1831,SAHI640,7,97.80200000386685,6,1,0,6,0,0,nan,0.8571428571428571
M0203/img000059.jpg,M0203,59,1832,F640,7,17.14460000221152,6,1,0,6,0,0,nan,0.8571428571428571
M0203/img000059.jpg,M0203,59,1832,F1280,6,32.97470000688918,5,1,0,6,0,0,nan,0.8333333333333334
M0203/img000059.jpg,M0203,59,1832,DensK1,8,47.000800012028776,6,2,0,6,0,0,nan,0.75
M0203/img000059.jpg,M0203,59,1832,UnifAll,8,61.65350000082981,6,2,0,6,0,0,nan,0.75
M0203/img000059.jpg,M0203,59,1832,SAHI640,7,115.58300000615418,6,1,0,6,0,0,nan,0.8571428571428571
M0203/img000060.jpg,M0203,60,1833,F640,6,21.178700000746176,6,0,0,6,0,0,nan,1.0
M0203/img000060.jpg,M0203,60,1833,F1280,7,34.21610000077635,6,1,0,6,0,0,nan,0.8571428571428571
M0203/img000060.jpg,M0203,60,1833,DensK1,8,40.24889999709558,6,2,0,6,0,0,nan,0.75
M0203/img000060.jpg,M0203,60,1833,UnifAll,8,60.879000011482276,6,2,0,6,0,0,nan,0.75
M0203/img000060.jpg,M0203,60,1833,SAHI640,7,90.9168999933172,6,1,0,6,0,0,nan,0.8571428571428571
M0203/img000061.jpg,M0203,61,1834,F640,6,17.292200005613267,6,0,0,6,0,0,nan,1.0
M0203/img000061.jpg,M0203,61,1834,F1280,7,26.46910000476055,6,1,0,6,0,0,nan,0.8571428571428571
M0203/img000061.jpg,M0203,61,1834,DensK1,8,39.24060000281315,6,2,0,6,0,0,nan,0.75
M0203/img000061.jpg,M0203,61,1834,UnifAll,9,59.47209999430925,6,3,0,6,0,0,nan,0.6666666666666666
M0203/img000061.jpg,M0203,61,1834,SAHI640,7,95.38070000417065,6,1,0,6,0,0,nan,0.8571428571428571
M0203/img000062.jpg,M0203,62,1835,F640,6,20.153399993432686,6,0,0,6,0,0,nan,1.0
M0203/img000062.jpg,M0203,62,1835,F1280,6,34.50540000631008,5,1,0,6,0,0,nan,0.8333333333333334
M0203/img000062.jpg,M0203,62,1835,DensK1,8,43.673099993611686,6,2,0,6,0,0,nan,0.75
M0203/img000062.jpg,M0203,62,1835,UnifAll,9,45.8960000105435,6,3,0,6,0,0,nan,0.6666666666666666
M0203/img000062.jpg,M0203,62,1835,SAHI640,7,100.54220000165515,6,1,0,6,0,0,nan,0.8571428571428571
M0203/img000063.jpg,M0203,63,1836,F640,6,19.399800003156997,6,0,0,6,0,0,nan,1.0
M0203/img000063.jpg,M0203,63,1836,F1280,6,37.61060000397265,5,1,0,6,0,0,nan,0.8333333333333334
M0203/img000063.jpg,M0203,63,1836,DensK1,8,35.78930000367109,6,2,0,6,0,0,nan,0.75
M0203/img000063.jpg,M0203,63,1836,UnifAll,9,54.587599996011704,6,3,0,6,0,0,nan,0.6666666666666666
M0203/img000063.jpg,M0203,63,1836,SAHI640,7,97.38669999933336,6,1,0,6,0,0,nan,0.8571428571428571
M0203/img000064.jpg,M0203,64,1837,F640,6,21.82530000573024,6,0,0,6,0,0,nan,1.0
M0203/img000064.jpg,M0203,64,1837,F1280,7,39.17709999950603,6,1,0,6,0,0,nan,0.8571428571428571
M0203/img000064.jpg,M0203,64,1837,DensK1,8,39.83039999729954,6,2,0,6,0,0,nan,0.75
M0203/img000064.jpg,M0203,64,1837,UnifAll,9,54.3558000063058,6,3,0,6,0,0,nan,0.6666666666666666
M0203/img000064.jpg,M0203,64,1837,SAHI640,7,104.91789999650791,6,1,0,6,0,0,nan,0.8571428571428571
M0203/img000065.jpg,M0203,65,1838,F640,6,19.331600007717498,6,0,0,6,0,0,nan,1.0
M0203/img000065.jpg,M0203,65,1838,F1280,7,35.250400003860705,6,1,0,6,0,0,nan,0.8571428571428571
M0203/img000065.jpg,M0203,65,1838,DensK1,8,41.22559999814257,6,2,0,6,0,0,nan,0.75
M0203/img000065.jpg,M0203,65,1838,UnifAll,9,59.50689999735914,6,3,0,6,0,0,nan,0.6666666666666666
M0203/img000065.jpg,M0203,65,1838,SAHI640,7,109.86050000065006,6,1,0,6,0,0,nan,0.8571428571428571
M0203/img000066.jpg,M0203,66,1839,F640,6,16.303800002788194,6,0,0,6,0,0,nan,1.0
M0203/img000066.jpg,M0203,66,1839,F1280,7,50.5700999929104,6,1,0,6,0,0,nan,0.8571428571428571
M0203/img000066.jpg,M0203,66,1839,DensK1,8,53.89409999770578,6,2,0,6,0,0,nan,0.75
M0203/img000066.jpg,M0203,66,1839,UnifAll,9,55.97110000962857,6,3,0,6,0,0,nan,0.6666666666666666
M0203/img000066.jpg,M0203,66,1839,SAHI640,7,89.5196999917971,6,1,0,6,0,0,nan,0.8571428571428571
M0203/img000067.jpg,M0203,67,1840,F640,6,24.621599994134158,6,0,0,6,0,0,nan,1.0
M0203/img000067.jpg,M0203,67,1840,F1280,7,39.2917999997735,6,1,0,6,0,0,nan,0.8571428571428571
M0203/img000067.jpg,M0203,67,1840,DensK1,8,42.920599997160025,6,2,0,6,0,0,nan,0.75
M0203/img000067.jpg,M0203,67,1840,UnifAll,9,57.25969999912195,6,3,0,6,0,0,nan,0.6666666666666666
M0203/img000067.jpg,M0203,67,1840,SAHI640,7,122.59719999565277,6,1,0,6,0,0,nan,0.8571428571428571
M0203/img000068.jpg,M0203,68,1841,F640,7,36.27060000144411,6,1,0,6,0,0,nan,0.8571428571428571
M0203/img000068.jpg,M0203,68,1841,F1280,7,41.34489998978097,6,1,0,6,0,0,nan,0.8571428571428571
M0203/img000068.jpg,M0203,68,1841,DensK1,8,40.7415000081528,6,2,0,6,0,0,nan,0.75
M0203/img000068.jpg,M0203,68,1841,UnifAll,9,56.41380000452045,6,3,0,6,0,0,nan,0.6666666666666666
M0203/img000068.jpg,M0203,68,1841,SAHI640,7,106.19419999420643,6,1,0,6,0,0,nan,0.8571428571428571
M0203/img000069.jpg,M0203,69,1842,F640,7,18.2795000000624,6,1,0,6,0,0,nan,0.8571428571428571
M0203/img000069.jpg,M0203,69,1842,F1280,7,40.43860000092536,6,1,0,6,0,0,nan,0.8571428571428571
M0203/img000069.jpg,M0203,69,1842,DensK1,8,39.915899993502535,6,2,0,6,0,0,nan,0.75
M0203/img000069.jpg,M0203,69,1842,UnifAll,9,78.37250000739004,6,3,0,6,0,0,nan,0.6666666666666666
M0203/img000069.jpg,M0203,69,1842,SAHI640,7,118.67280000296887,6,1,0,6,0,0,nan,0.8571428571428571
M0203/img000070.jpg,M0203,70,1843,F640,7,15.755100001115352,6,1,0,6,0,0,nan,0.8571428571428571
M0203/img000070.jpg,M0203,70,1843,F1280,6,35.97349999472499,5,1,0,6,0,0,nan,0.8333333333333334
M0203/img000070.jpg,M0203,70,1843,DensK1,8,40.128299995558336,6,2,0,6,0,0,nan,0.75
M0203/img000070.jpg,M0203,70,1843,UnifAll,9,55.60929999046493,6,3,0,6,0,0,nan,0.6666666666666666
M0203/img000070.jpg,M0203,70,1843,SAHI640,7,88.05360000405926,6,1,0,6,0,0,nan,0.8571428571428571
M0203/img000071.jpg,M0203,71,1844,F640,7,20.82459999655839,6,1,0,6,0,0,nan,0.8571428571428571
M0203/img000071.jpg,M0203,71,1844,F1280,6,39.0142999967793,5,1,0,6,0,0,nan,0.8333333333333334
M0203/img000071.jpg,M0203,71,1844,DensK1,8,38.4042999939993,6,2,0,6,0,0,nan,0.75
M0203/img000071.jpg,M0203,71,1844,UnifAll,9,70.2305000013439,6,3,0,6,0,0,nan,0.6666666666666666
M0203/img000071.jpg,M0203,71,1844,SAHI640,7,112.45010000129696,6,1,0,6,0,0,nan,0.8571428571428571
M0203/img000072.jpg,M0203,72,1845,F640,7,19.702899997355416,6,1,0,6,0,0,nan,0.8571428571428571
M0203/img000072.jpg,M0203,72,1845,F1280,7,41.95710000931285,5,2,0,6,0,0,nan,0.7142857142857143
M0203/img000072.jpg,M0203,72,1845,DensK1,8,42.00340001261793,6,2,0,6,0,0,nan,0.75
M0203/img000072.jpg,M0203,72,1845,UnifAll,9,57.32149998948444,6,3,0,6,0,0,nan,0.6666666666666666
M0203/img000072.jpg,M0203,72,1845,SAHI640,8,110.52360000030603,6,2,0,6,0,0,nan,0.75
M0203/img000073.jpg,M0203,73,1846,F640,6,26.97049999551382,6,0,0,6,0,0,nan,1.0
M0203/img000073.jpg,M0203,73,1846,F1280,5,47.77049999393057,5,0,0,6,0,0,nan,1.0
M0203/img000073.jpg,M0203,73,1846,DensK1,7,42.16189999715425,6,1,0,6,0,0,nan,0.8571428571428571
M0203/img000073.jpg,M0203,73,1846,UnifAll,9,62.55889999738429,6,3,0,6,0,0,nan,0.6666666666666666
M0203/img000073.jpg,M0203,73,1846,SAHI640,7,89.11230000376236,6,1,0,6,0,0,nan,0.8571428571428571
M0203/img000074.jpg,M0203,74,1847,F640,7,18.24980000674259,6,1,0,6,0,0,nan,0.8571428571428571
M0203/img000074.jpg,M0203,74,1847,F1280,5,24.26039999409113,5,0,0,6,0,0,nan,1.0
M0203/img000074.jpg,M0203,74,1847,DensK1,8,42.505199991865084,6,2,0,6,0,0,nan,0.75
M0203/img000074.jpg,M0203,74,1847,UnifAll,9,57.05760000273585,6,3,0,6,0,0,nan,0.6666666666666666
M0203/img000074.jpg,M0203,74,1847,SAHI640,7,89.25279999675695,6,1,0,6,0,0,nan,0.8571428571428571
M0203/img000075.jpg,M0203,75,1848,F640,7,16.36329999018926,6,1,0,6,0,0,nan,0.8571428571428571
M0203/img000075.jpg,M0203,75,1848,F1280,6,28.36810000007972,5,1,0,6,0,0,nan,0.8333333333333334
M0203/img000075.jpg,M0203,75,1848,DensK1,9,28.90609999303706,6,3,0,6,0,0,nan,0.6666666666666666
M0203/img000075.jpg,M0203,75,1848,UnifAll,10,42.84599999664351,6,4,0,6,0,0,nan,0.6
M0203/img000075.jpg,M0203,75,1848,SAHI640,7,87.4026999954367,6,1,0,6,0,0,nan,0.8571428571428571
M0203/img000076.jpg,M0203,76,1849,F640,7,14.96709999628365,6,1,0,6,0,0,nan,0.8571428571428571
M0203/img000076.jpg,M0203,76,1849,F1280,7,36.58349999750499,5,2,0,6,0,0,nan,0.7142857142857143
M0203/img000076.jpg,M0203,76,1849,DensK1,10,30.600700003560632,6,4,0,6,0,0,nan,0.6
M0203/img000076.jpg,M0203,76,1849,UnifAll,10,55.49009999958798,6,4,0,6,0,0,nan,0.6
M0203/img000076.jpg,M0203,76,1849,SAHI640,8,89.07040000485722,6,2,0,6,0,0,nan,0.75
M0203/img000077.jpg,M0203,77,1850,F640,8,31.587899997248314,6,2,0,6,0,0,nan,0.75
M0203/img000077.jpg,M0203,77,1850,F1280,7,38.5861999966437,5,2,0,6,0,0,nan,0.7142857142857143
M0203/img000077.jpg,M0203,77,1850,DensK1,11,39.521200000308454,6,5,0,6,0,0,nan,0.5454545454545454
M0203/img000077.jpg,M0203,77,1850,UnifAll,11,51.48549999285024,6,5,0,6,0,0,nan,0.5454545454545454
M0203/img000077.jpg,M0203,77,1850,SAHI640,9,80.65270000952296,6,3,0,6,0,0,nan,0.6666666666666666
M0203/img000078.jpg,M0203,78,1851,F640,9,15.090999993844889,6,3,0,6,0,0,nan,0.6666666666666666
M0203/img000078.jpg,M0203,78,1851,F1280,7,26.59049999783747,5,2,0,6,0,0,nan,0.7142857142857143
M0203/img000078.jpg,M0203,78,1851,DensK1,13,40.22179999446962,6,7,0,6,0,0,nan,0.46153846153846156
M0203/img000078.jpg,M0203,78,1851,UnifAll,13,84.11619999969844,6,7,0,6,0,0,nan,0.46153846153846156
M0203/img000078.jpg,M0203,78,1851,SAHI640,9,107.69479999726173,6,3,0,6,0,0,nan,0.6666666666666666
M0203/img000079.jpg,M0203,79,1852,F640,9,19.291500007966533,6,3,0,6,0,0,nan,0.6666666666666666
M0203/img000079.jpg,M0203,79,1852,F1280,8,46.608199991169386,5,3,0,6,0,0,nan,0.625
M0203/img000079.jpg,M0203,79,1852,DensK1,11,31.459899997571483,6,5,0,6,0,0,nan,0.5454545454545454
M0203/img000079.jpg,M0203,79,1852,UnifAll,11,101.56049999932293,6,5,0,6,0,0,nan,0.5454545454545454
M0203/img000079.jpg,M0203,79,1852,SAHI640,9,138.53119999112096,6,3,0,6,0,0,nan,0.6666666666666666
M0203/img000080.jpg,M0203,80,1853,F640,10,14.874000000418164,6,4,0,6,0,0,nan,0.6
M0203/img000080.jpg,M0203,80,1853,F1280,8,39.11810000136029,5,3,0,6,0,0,nan,0.625
M0203/img000080.jpg,M0203,80,1853,DensK1,13,62.96789999760222,6,7,0,6,0,0,nan,0.46153846153846156
M0203/img000080.jpg,M0203,80,1853,UnifAll,13,95.01710000040475,6,7,0,6,0,0,nan,0.46153846153846156
M0203/img000080.jpg,M0203,80,1853,SAHI640,9,126.78789999336004,6,3,0,6,0,0,nan,0.6666666666666666
M0203/img000081.jpg,M0203,81,1854,F640,10,14.001399991684593,6,4,0,6,0,0,nan,0.6
M0203/img000081.jpg,M0203,81,1854,F1280,10,29.353200006880797,5,5,0,6,0,0,nan,0.5
M0203/img000081.jpg,M0203,81,1854,DensK1,12,69.61320000118576,6,6,0,6,0,0,nan,0.5
M0203/img000081.jpg,M0203,81,1854,UnifAll,12,85.08590000565164,6,6,0,6,0,0,nan,0.5
M0203/img000081.jpg,M0203,81,1854,SAHI640,10,100.79050000058487,6,4,0,6,0,0,nan,0.6
M0203/img000082.jpg,M0203,82,1855,F640,10,20.360800001071766,6,4,0,6,0,0,nan,0.6
M0203/img000082.jpg,M0203,82,1855,F1280,10,35.864999998011626,5,5,0,6,0,0,nan,0.5
M0203/img000082.jpg,M0203,82,1855,DensK1,12,32.49859999050386,6,6,0,6,0,0,nan,0.5
M0203/img000082.jpg,M0203,82,1855,UnifAll,12,46.9228000001749,6,6,0,6,0,0,nan,0.5
M0203/img000082.jpg,M0203,82,1855,SAHI640,10,83.23329999984708,6,4,0,6,0,0,nan,0.6
M0203/img000083.jpg,M0203,83,1856,F640,9,14.911500009475276,6,3,0,6,0,0,nan,0.6666666666666666
M0203/img000083.jpg,M0203,83,1856,F1280,10,29.74329999415204,5,5,0,6,0,0,nan,0.5
M0203/img000083.jpg,M0203,83,1856,DensK1,12,34.39819999039173,6,6,0,6,0,0,nan,0.5
M0203/img000083.jpg,M0203,83,1856,UnifAll,12,45.26429998804815,6,6,0,6,0,0,nan,0.5
M0203/img000083.jpg,M0203,83,1856,SAHI640,10,90.4653000034159,6,4,0,6,0,0,nan,0.6
M0203/img000084.jpg,M0203,84,1857,F640,10,30.0790000037523,6,4,0,6,0,0,nan,0.6
M0203/img000084.jpg,M0203,84,1857,F1280,9,36.33990000525955,5,4,0,6,0,0,nan,0.5555555555555556
M0203/img000084.jpg,M0203,84,1857,DensK1,11,34.079400007613,6,5,0,6,0,0,nan,0.5454545454545454
M0203/img000084.jpg,M0203,84,1857,UnifAll,11,50.97659998864401,6,5,0,6,0,0,nan,0.5454545454545454
M0203/img000084.jpg,M0203,84,1857,SAHI640,10,84.74469999782741,6,4,0,6,0,0,nan,0.6
M0203/img000085.jpg,M0203,85,1858,F640,10,14.857399990432896,6,4,0,6,0,0,nan,0.6
M0203/img000085.jpg,M0203,85,1858,F1280,9,36.244400005671196,5,4,0,6,0,0,nan,0.5555555555555556
M0203/img000085.jpg,M0203,85,1858,DensK1,11,51.037600002018735,6,5,0,6,0,0,nan,0.5454545454545454
M0203/img000085.jpg,M0203,85,1858,UnifAll,11,73.92110000364482,6,5,0,6,0,0,nan,0.5454545454545454
M0203/img000085.jpg,M0203,85,1858,SAHI640,10,97.69799999776296,6,4,0,6,0,0,nan,0.6
M0203/img000086.jpg,M0203,86,1859,F640,10,15.106499995454215,7,3,0,7,0,0,nan,0.7
M0203/img000086.jpg,M0203,86,1859,F1280,9,33.54649999528192,6,3,0,7,0,0,nan,0.6666666666666666
M0203/img000086.jpg,M0203,86,1859,DensK1,11,42.148799999267794,7,4,0,7,0,0,nan,0.6363636363636364
M0203/img000086.jpg,M0203,86,1859,UnifAll,11,55.706900006043725,7,4,0,7,0,0,nan,0.6363636363636364
M0203/img000086.jpg,M0203,86,1859,SAHI640,10,89.88880000833888,7,3,0,7,0,0,nan,0.7
M0203/img000087.jpg,M0203,87,1860,F640,10,15.21389999834355,7,3,0,7,0,0,nan,0.7
M0203/img000087.jpg,M0203,87,1860,F1280,9,31.790399996680208,6,3,0,7,0,0,nan,0.6666666666666666
M0203/img000087.jpg,M0203,87,1860,DensK1,11,29.24669999629259,7,4,0,7,0,0,nan,0.6363636363636364
M0203/img000087.jpg,M0203,87,1860,UnifAll,11,47.55620000651106,7,4,0,7,0,0,nan,0.6363636363636364
M0203/img000087.jpg,M0203,87,1860,SAHI640,9,107.9561999940779,7,2,0,7,0,0,nan,0.7777777777777778
M0203/img000088.jpg,M0203,88,1861,F640,10,14.622599992435426,7,3,0,7,0,0,nan,0.7
M0203/img000088.jpg,M0203,88,1861,F1280,9,32.29240000655409,6,3,0,7,0,0,nan,0.6666666666666666
M0203/img000088.jpg,M0203,88,1861,DensK1,12,38.343299995176494,7,5,0,7,0,0,nan,0.5833333333333334
M0203/img000088.jpg,M0203,88,1861,UnifAll,12,42.53640001115855,7,5,0,7,0,0,nan,0.5833333333333334
M0203/img000088.jpg,M0203,88,1861,SAHI640,10,90.13519999280106,7,3,0,7,0,0,nan,0.7
M0203/img000089.jpg,M0203,89,1862,F640,10,20.35720000276342,7,3,0,7,0,0,nan,0.7
M0203/img000089.jpg,M0203,89,1862,F1280,9,31.97320000617765,6,3,0,7,0,0,nan,0.6666666666666666
M0203/img000089.jpg,M0203,89,1862,DensK1,12,44.86639999959152,7,5,0,7,0,0,nan,0.5833333333333334
M0203/img000089.jpg,M0203,89,1862,UnifAll,12,45.43519999424461,7,5,0,7,0,0,nan,0.5833333333333334
M0203/img000089.jpg,M0203,89,1862,SAHI640,10,90.70380000048317,7,3,0,7,0,0,nan,0.7
M0203/img000090.jpg,M0203,90,1863,F640,10,17.36529999470804,7,3,0,7,0,0,nan,0.7
M0203/img000090.jpg,M0203,90,1863,F1280,9,32.60530000261497,6,3,0,7,0,0,nan,0.6666666666666666
M0203/img000090.jpg,M0203,90,1863,DensK1,12,32.4897999962559,7,5,0,7,0,0,nan,0.5833333333333334
M0203/img000090.jpg,M0203,90,1863,UnifAll,12,50.66330000408925,7,5,0,7,0,0,nan,0.5833333333333334
M0203/img000090.jpg,M0203,90,1863,SAHI640,10,131.2006000080146,7,3,0,7,0,0,nan,0.7
M0203/img000091.jpg,M0203,91,1864,F640,10,34.74089999508578,8,2,0,8,0,0,nan,0.8
M0203/img000091.jpg,M0203,91,1864,F1280,9,35.20179999759421,7,2,0,8,0,0,nan,0.7777777777777778
M0203/img000091.jpg,M0203,91,1864,DensK1,12,39.3432999990182,8,4,0,8,0,0,nan,0.6666666666666666
M0203/img000091.jpg,M0203,91,1864,UnifAll,12,46.38270000577904,8,4,0,8,0,0,nan,0.6666666666666666
M0203/img000091.jpg,M0203,91,1864,SAHI640,10,82.21680000133347,7,3,0,8,0,0,nan,0.7
M0203/img000092.jpg,M0203,92,1865,F640,10,17.97899999655783,8,2,0,8,0,0,nan,0.8
M0203/img000092.jpg,M0203,92,1865,F1280,9,34.64380001241807,7,2,0,8,0,0,nan,0.7777777777777778
M0203/img000092.jpg,M0203,92,1865,DensK1,12,45.48869999416638,8,4,0,8,0,0,nan,0.6666666666666666
M0203/img000092.jpg,M0203,92,1865,UnifAll,12,48.69850000250153,8,4,0,8,0,0,nan,0.6666666666666666
M0203/img000092.jpg,M0203,92,1865,SAHI640,10,90.72470001410693,8,2,0,8,0,0,nan,0.8
M0203/img000093.jpg,M0203,93,1866,F640,11,15.38799999980256,8,3,0,8,0,0,nan,0.7272727272727273
M0203/img000093.jpg,M0203,93,1866,F1280,10,34.81729999475647,7,3,0,8,0,0,nan,0.7
M0203/img000093.jpg,M0203,93,1866,DensK1,13,44.31270000350196,8,5,0,8,0,0,nan,0.6153846153846154
M0203/img000093.jpg,M0203,93,1866,UnifAll,13,46.06469999998808,8,5,0,8,0,0,nan,0.6153846153846154
M0203/img000093.jpg,M0203,93,1866,SAHI640,11,82.62660000764299,8,3,0,8,0,0,nan,0.7272727272727273
M0203/img000094.jpg,M0203,94,1867,F640,11,16.5804999996908,8,3,0,8,0,0,nan,0.7272727272727273
M0203/img000094.jpg,M0203,94,1867,F1280,10,35.84880000562407,7,3,0,8,0,0,nan,0.7
M0203/img000094.jpg,M0203,94,1867,DensK1,13,29.12960000685416,8,5,0,8,0,0,nan,0.6153846153846154
M0203/img000094.jpg,M0203,94,1867,UnifAll,13,46.88710000482388,8,5,0,8,0,0,nan,0.6153846153846154
M0203/img000094.jpg,M0203,94,1867,SAHI640,11,82.909099990502,7,4,0,8,0,0,nan,0.6363636363636364
M0203/img000095.jpg,M0203,95,1868,F640,11,14.288799997302704,8,3,0,8,0,0,nan,0.7272727272727273
M0203/img000095.jpg,M0203,95,1868,F1280,10,27.377200007322244,7,3,0,8,0,0,nan,0.7
M0203/img000095.jpg,M0203,95,1868,DensK1,13,29.100699990522116,8,5,0,8,0,0,nan,0.6153846153846154
M0203/img000095.jpg,M0203,95,1868,UnifAll,12,47.74349999206606,8,4,0,8,0,0,nan,0.6666666666666666
M0203/img000095.jpg,M0203,95,1868,SAHI640,11,94.59380000771489,8,3,0,8,0,0,nan,0.7272727272727273
M0203/img000096.jpg,M0203,96,1869,F640,11,21.649599992088042,8,3,0,8,0,0,nan,0.7272727272727273
M0203/img000096.jpg,M0203,96,1869,F1280,9,39.66070000024047,7,2,0,8,0,0,nan,0.7777777777777778
M0203/img000096.jpg,M0203,96,1869,DensK1,12,42.5017000088701,8,4,0,8,0,0,nan,0.6666666666666666
M0203/img000096.jpg,M0203,96,1869,UnifAll,12,66.75579999864567,8,4,0,8,0,0,nan,0.6666666666666666
M0203/img000096.jpg,M0203,96,1869,SAHI640,11,133.93290000385605,8,3,0,8,0,0,nan,0.7272727272727273
